公司,通訊處名稱,地址,縣市,鄉鎮市區,設立日期,比對方式,信心度
凱基人壽保險股份有限公司,宏國,台北市博愛路35號7樓,臺北市,中正區,2009-06-20,road_lookup,0.9
凱基人壽保險股份有限公司,玉山,台北市博愛路35號6樓,臺北市,中正區,2009-06-20,road_lookup,0.9
凱基人壽保險股份有限公司,金昱,台北市中正區衡陽路51號14樓,臺北市,中正區,2009-06-20,explicit,1.0
凱基人壽保險股份有限公司,宏觀,台北市博愛路35號8樓,臺北市,中正區,2009-06-20,road_lookup,0.9
凱基人壽保險股份有限公司,駿山,台北市博愛路35號11樓,臺北市,中正區,2009-06-20,road_lookup,0.9
凱基人壽保險股份有限公司,北一直轄二,台北市忠孝東路四段550號9樓,臺北市,信義區,2024-02-29,road_lookup_scope,0.85
凱基人壽保險股份有限公司,洽山,台北市博愛路35號5樓,臺北市,中正區,2009-06-20,road_lookup,0.9
凱基人壽保險股份有限公司,躍勇,台北市松山區敦化北路122號11樓,臺北市,松山區,2009-06-20,explicit,1.0
凱基人壽保險股份有限公司,昭才,台北市博愛路35號5樓,臺北市,中正區,2009-06-20,road_lookup,0.9
凱基人壽保險股份有限公司,昇晴,台北市忠孝東路四段550號10樓,臺北市,信義區,2009-06-20,road_lookup_scope,0.85
凱基人壽保險股份有限公司,大衛,台北市忠孝東路四段550號13樓,臺北市,信義區,2009-06-20,road_lookup_scope,0.85
凱基人壽保險股份有限公司,創建,台北市忠孝東路四段550號11樓,臺北市,信義區,2009-06-20,road_lookup_scope,0.85
凱基人壽保險股份有限公司,非凡,台北市忠孝東路四段550號10樓,臺北市,信義區,2009-06-20,road_lookup_scope,0.85
凱基人壽保險股份有限公司,金典,台北市忠孝東路四段550號11樓,臺北市,信義區,2009-06-20,road_lookup_scope,0.85
凱基人壽保險股份有限公司,昕立,台北市博愛路35號10樓,臺北市,中正區,2009-06-20,road_lookup,0.9
凱基人壽保險股份有限公司,泉泰,台北市忠孝東路四段550號13樓,臺北市,信義區,2009-06-20,road_lookup_scope,0.85
凱基人壽保險股份有限公司,東山,台北市博愛路35號5樓,臺北市,中正區,2009-06-20,road_lookup,0.9
凱基人壽保險股份有限公司,威力,台北市館前路43號9樓,臺北市,中正區,2009-06-20,road_lookup,0.9
凱基人壽保險股份有限公司,華山,台北市博愛路35號10樓,臺北市,中正區,2009-06-20,road_lookup,0.9
凱基人壽保險股份有限公司,鴻山,台北市博愛路35號12樓,臺北市,中正區,2009-06-20,road_lookup,0.9
凱基人壽保險股份有限公司,敦煌,台北市博愛路35號12樓,臺北市,中正區,2009-06-20,road_lookup,0.9
凱基人壽保險股份有限公司,豐格,台北市忠孝東路四段550號9樓,臺北市,信義區,2009-06-20,road_lookup_scope,0.85
凱基人壽保險股份有限公司,誠山,台北市博愛路35號9樓,臺北市,中正區,2009-06-20,road_lookup,0.9
凱基人壽保險股份有限公司,鴻海,台北市忠孝東路四段550號11樓,臺北市,信義區,2011-01-28,road_lookup_scope,0.85
凱基人壽保險股份有限公司,昊昱,台北市重慶南路一段77號12樓,臺北市,中正區,2011-07-22,road_lookup,0.9
凱基人壽保險股份有限公司,承暘,台北市忠孝東路四段550號9樓,臺北市,信義區,2011-11-16,road_lookup_scope,0.85
凱基人壽保險股份有限公司,臻觀,台北市博愛路35號7樓,臺北市,中正區,2012-09-20,road_lookup,0.9
凱基人壽保險股份有限公司,越鋒,台北市博愛路35號3樓,臺北市,中正區,2009-06-20,road_lookup,0.9
凱基人壽保險股份有限公司,宏運,台北市忠孝東路四段550號9樓,臺北市,信義區,2009-06-20,road_lookup_scope,0.85
凱基人壽保險股份有限公司,應許,台北市中正區衡陽路51號14樓,臺北市,中正區,2015-07-06,explicit,1.0
凱基人壽保險股份有限公司,駿鋮,台北市松山區敦化北路122號9樓,臺北市,松山區,2017-01-02,explicit,1.0
凱基人壽保險股份有限公司,崧峰,台北市松山區敦化北路122號9樓,臺北市,松山區,2017-08-26,explicit,1.0
凱基人壽保險股份有限公司,毅品,台北市館前路43號5樓,臺北市,中正區,2018-02-04,road_lookup,0.9
凱基人壽保險股份有限公司,北一直轄一,台北市忠孝東路四段550號13樓,臺北市,信義區,2018-02-11,road_lookup_scope,0.85
凱基人壽保險股份有限公司,北二直轄一,台北市館前路43號4樓,臺北市,中正區,2019-08-15,road_lookup,0.9
凱基人壽保險股份有限公司,展毓,台北市松山區敦化北路122號4樓,臺北市,松山區,2020-02-10,explicit,1.0
凱基人壽保險股份有限公司,雙贏,台北市松山區敦化北路122號4樓,臺北市,松山區,2021-12-28,explicit,1.0
凱基人壽保險股份有限公司,恩典,台北市中正區衡陽路51號14樓,臺北市,中正區,2022-02-25,explicit,1.0
凱基人壽保險股份有限公司,昊陽,台北市松山區敦化北路122號9樓,臺北市,松山區,2022-03-28,explicit,1.0
凱基人壽保險股份有限公司,众山,台北市松山區敦化北路122號4樓,臺北市,松山區,2022-04-28,explicit,1.0
凱基人壽保險股份有限公司,駿廷,台北市博愛路35號11樓,臺北市,中正區,2023-02-02,road_lookup,0.9
凱基人壽保險股份有限公司,仁愛,台北市忠孝東路四段550號10樓,臺北市,信義區,2001-07-13,road_lookup_scope,0.85
凱基人壽保險股份有限公司,汎德,台北市館前路43號10樓,臺北市,中正區,2000-10-05,road_lookup,0.9
凱基人壽保險股份有限公司,民生,台北市松山區敦化北路122號11樓,臺北市,松山區,1994-10-13,explicit,1.0
凱基人壽保險股份有限公司,忠信,台北市館前路43號6樓,臺北市,中正區,1994-06-03,road_lookup,0.9
凱基人壽保險股份有限公司,北一直轄三,台北市松山區敦化北路122號11樓,臺北市,松山區,2024-02-29,explicit,1.0
凱基人壽保險股份有限公司,凌山,台北市館前路43號5樓,臺北市,中正區,2008-03-26,road_lookup,0.9
凱基人壽保險股份有限公司,慶昇,宜蘭縣羅東鎮中正北路50號2樓,宜蘭縣,羅東鎮,2009-06-20,explicit,1.0
凱基人壽保險股份有限公司,奇異,花蓮市明心街1-16號5樓,花蓮縣,花蓮市,2011-01-28,implicit_city,0.8
凱基人壽保險股份有限公司,金彥,花蓮市明心街1-16號5樓,花蓮縣,花蓮市,2011-02-25,implicit_city,0.8
凱基人壽保險股份有限公司,巨朋,桃園市桃園區經國一路73號7樓,桃園市,桃園區,1997-06-21,explicit,1.0
凱基人壽保險股份有限公司,上千,桃園市桃園區經國一路67號5樓,桃園市,桃園區,2009-06-20,explicit,1.0
凱基人壽保險股份有限公司,瑞峰,桃園市桃園區經國一路73號5樓,桃園市,桃園區,2009-06-20,explicit,1.0
凱基人壽保險股份有限公司,桃園直轄,桃園市桃園區經國一路71號5樓,桃園市,桃園區,2024-02-29,explicit,1.0
凱基人壽保險股份有限公司,金躍,桃園市桃園區經國一路65號7樓,桃園市,桃園區,2009-06-20,explicit,1.0
凱基人壽保險股份有限公司,瑞興,桃園市桃園區經國一路73號12樓,桃園市,桃園區,2009-06-20,explicit,1.0
凱基人壽保險股份有限公司,皇城,桃園市桃園區經國一路67號12樓,桃園市,桃園區,2009-06-20,explicit,1.0
凱基人壽保險股份有限公司,金峰,桃園市桃園區經國一路71號5樓,桃園市,桃園區,2009-06-20,explicit,1.0
凱基人壽保險股份有限公司,躍昇,桃園市桃園區經國一路67號7樓,桃園市,桃園區,2009-06-20,explicit,1.0
凱基人壽保險股份有限公司,虹燁,桃園市桃園區經國一路65號12樓,桃園市,桃園區,2018-03-18,explicit,1.0
凱基人壽保險股份有限公司,瑞至,桃園市桃園區經國一路71號12樓,桃園市,桃園區,2020-05-31,explicit,1.0
凱基人壽保險股份有限公司,昌羿,新竹市光復路二段285號16樓,新竹市,東區,2009-06-20,road_lookup,0.9
凱基人壽保險股份有限公司,大昇,新竹市光復路二段289號10樓之1,新竹市,東區,2009-06-20,road_lookup,0.9
凱基人壽保險股份有限公司,新竹直轄,新竹市光復路二段289號10樓之2,新竹市,東區,2019-08-15,road_lookup,0.9
凱基人壽保險股份有限公司,北大,新竹市光復路二段289號10樓之2,新竹市,東區,2007-10-16,road_lookup,0.9
凱基人壽保險股份有限公司,亞威,新竹市公道五路二段158號7樓之5,新竹市,東區,2003-03-23,road_lookup,0.9
凱基人壽保險股份有限公司,孔明,新竹市光復路二段287號10樓之2,新竹市,東區,2011-04-08,road_lookup,0.9
凱基人壽保險股份有限公司,昊浱,新竹縣竹北市嘉豐十一路一段100號5樓之3,新竹縣,竹北市,2024-03-19,explicit,1.0
凱基人壽保險股份有限公司,建國,台中市西區五權路2-107號5樓,臺中市,西區,2009-06-20,explicit,1.0
凱基人壽保險股份有限公司,棠山,台中市西區五權路2-106號4樓,臺中市,西區,2009-06-20,explicit,1.0
凱基人壽保險股份有限公司,福鵬直轄,台中市西區五權路2-106號6樓,臺中市,西區,2024-04-01,explicit,1.0
凱基人壽保險股份有限公司,明冠,台中市西區五權路2-107號6樓,臺中市,西區,2009-06-20,explicit,1.0
凱基人壽保險股份有限公司,凱旋,台中市西區五權路2-107號6樓,臺中市,西區,2009-06-20,explicit,1.0
凱基人壽保險股份有限公司,大銘,台中市西區五權路2-106號13樓,臺中市,西區,2009-06-20,explicit,1.0
凱基人壽保險股份有限公司,群富,台中市西區五權路2-106號10樓,臺中市,西區,2009-06-20,explicit,1.0
凱基人壽保險股份有限公司,聖達,台中市西區五權路2-107號9樓,臺中市,西區,2009-06-20,explicit,1.0
凱基人壽保險股份有限公司,菁業,台中市西區五權路2-107號10樓,臺中市,西區,2009-06-20,explicit,1.0
凱基人壽保險股份有限公司,威任,台中市西區五權路2-106號7樓,臺中市,西區,2009-06-20,explicit,1.0
凱基人壽保險股份有限公司,日兆,台中市西區五權路2-106號4樓,臺中市,西區,2009-06-20,explicit,1.0
凱基人壽保險股份有限公司,嘉銓,台中市西區五權路2-106號12樓,臺中市,西區,2009-06-20,explicit,1.0
凱基人壽保險股份有限公司,俞傑,台中市西區五權路2-107號13樓,臺中市,西區,2009-06-20,explicit,1.0
凱基人壽保險股份有限公司,詠續,台中市西區五權路2-107號7樓,臺中市,西區,2018-06-11,explicit,1.0
凱基人壽保險股份有限公司,富山,台中市西區五權路2-106號10樓,臺中市,西區,2022-05-27,explicit,1.0
凱基人壽保險股份有限公司,禾順,台中市西區五權路2-107號4樓,臺中市,西區,2001-07-13,explicit,1.0
凱基人壽保險股份有限公司,奕震,台中市西區五權路2-107號9樓,臺中市,西區,1997-06-21,explicit,1.0
凱基人壽保險股份有限公司,太陽,台中市西區五權路2-107號12樓,臺中市,西區,2008-03-26,explicit,1.0
凱基人壽保險股份有限公司,大華,彰化縣員林市浮圳路二段433號2樓,彰化縣,員林市,2009-06-20,explicit,1.0
凱基人壽保險股份有限公司,雲林直轄,雲林縣斗六市雲林路二段203號7樓,雲林縣,斗六市,2024-03-29,explicit,1.0
凱基人壽保險股份有限公司,上慶,雲林縣斗六市雲林路二段203號10樓,雲林縣,斗六市,2025-11-14,explicit,1.0
凱基人壽保險股份有限公司,嘉義,嘉義市民生北路241號7樓,嘉義市,西區,2009-06-20,road_lookup,0.9
凱基人壽保險股份有限公司,保富,嘉義市延平街448號9樓之3,嘉義市,西區,2009-06-20,road_lookup_scope,0.85
凱基人壽保險股份有限公司,金揚,嘉義市民生北路241號8樓,嘉義市,西區,2009-06-20,road_lookup,0.9
凱基人壽保險股份有限公司,嘉誠,嘉義市世賢路一段791號11樓之2、3,嘉義市,西區,2009-06-20,road_lookup_scope,0.85
凱基人壽保險股份有限公司,金冠,台南市民生路二段279號9樓,臺南市,中西區,2009-06-20,road_lookup,0.9
凱基人壽保險股份有限公司,金美,台南市民生路二段279號8樓,臺南市,中西區,2009-06-20,road_lookup,0.9
凱基人壽保險股份有限公司,金豪,台南市民生路二段279號9樓,臺南市,中西區,2009-06-20,road_lookup,0.9
凱基人壽保險股份有限公司,金英,台南市西門路三段159號5樓,臺南市,北區,2009-06-20,road_lookup,0.9
凱基人壽保險股份有限公司,金達,台南市民生路二段279號9樓,臺南市,中西區,2009-06-20,road_lookup,0.9
凱基人壽保險股份有限公司,慶亞,台南市永康區中華路1之105號16樓,臺南市,永康區,2009-06-20,explicit,1.0
凱基人壽保險股份有限公司,菁英,台南市西門路三段159號5樓,臺南市,北區,2021-04-26,road_lookup,0.9
凱基人壽保險股份有限公司,台南,台南市西門路二段351號11樓,臺南市,中西區,1994-10-13,road_lookup,0.9
凱基人壽保險股份有限公司,松慶,台南市永康區中華路1之4號5樓,臺南市,永康區,2009-06-20,explicit,1.0
凱基人壽保險股份有限公司,今誠,台南市永康區中華路1之3號4樓,臺南市,永康區,2009-06-20,explicit,1.0
凱基人壽保險股份有限公司,樺慶,台南市永康區中華路1之4號5樓,臺南市,永康區,2009-06-20,explicit,1.0
凱基人壽保險股份有限公司,南英,台南市永康區中華路1之121號18樓,臺南市,永康區,2009-06-20,explicit,1.0
凱基人壽保險股份有限公司,立富,台南市永康區中華路1之121號18樓,臺南市,永康區,2009-06-20,explicit,1.0
凱基人壽保險股份有限公司,冠英,台南市永康區中華路1之3號4樓,臺南市,永康區,2009-06-20,explicit,1.0
凱基人壽保險股份有限公司,廣慶,台南市西門路二段351號11樓,臺南市,中西區,2009-06-20,road_lookup,0.9
凱基人壽保險股份有限公司,立捷,台南市永康區中華路1之104號16樓,臺南市,永康區,2009-06-20,explicit,1.0
凱基人壽保險股份有限公司,一心,高雄市鼓山區明誠四路156號11樓之1,高雄市,鼓山區,2009-06-20,explicit,1.0
凱基人壽保險股份有限公司,崇慶,高雄市鼓山區明誠四路156號10樓之1,高雄市,鼓山區,2009-06-20,explicit,1.0
凱基人壽保險股份有限公司,冠慶,高雄市鼓山區明誠四路156號9樓之1,高雄市,鼓山區,2009-06-20,explicit,1.0
凱基人壽保險股份有限公司,力慶,高雄市鼓山區明誠四路156號11樓之1,高雄市,鼓山區,2009-06-20,explicit,1.0
凱基人壽保險股份有限公司,七賢,高雄市四維四路10號11樓之1,高雄市,苓雅區,2009-06-20,road_lookup,0.9
凱基人壽保險股份有限公司,德山,高雄市鼓山區明誠四路156號6樓之1,高雄市,鼓山區,2009-06-20,explicit,1.0
凱基人壽保險股份有限公司,至慶,高雄市鼓山區明誠四路156號7樓,高雄市,鼓山區,2009-06-20,explicit,1.0
凱基人壽保險股份有限公司,灞霖,高雄市鼓山區明誠四路156號6樓,高雄市,鼓山區,2009-06-20,explicit,1.0
凱基人壽保險股份有限公司,國慶,高雄市鼓山區明誠四路156號5樓,高雄市,鼓山區,2009-06-20,explicit,1.0
凱基人壽保險股份有限公司,翔大,高雄市鼓山區明誠四路156號5樓,高雄市,鼓山區,2009-06-20,explicit,1.0
凱基人壽保險股份有限公司,順誠,高雄市鼓山區明誠四路156號8樓,高雄市,鼓山區,2009-06-20,explicit,1.0
凱基人壽保險股份有限公司,三多,高雄市鼓山區明誠四路156號10樓,高雄市,鼓山區,2009-06-20,explicit,1.0
凱基人壽保險股份有限公司,尚誠,高雄市鼓山區明誠四路156號8樓之1,高雄市,鼓山區,2010-03-23,explicit,1.0
凱基人壽保險股份有限公司,宏慶,高雄市鼓山區明誠四路156號7樓之1,高雄市,鼓山區,2014-08-29,explicit,1.0
凱基人壽保險股份有限公司,高雄直轄一,高雄市鼓山區明誠四路156號9樓,高雄市,鼓山區,2018-03-18,explicit,1.0
凱基人壽保險股份有限公司,高宏,高雄市鼓山區明誠四路156號8樓,高雄市,鼓山區,2001-07-13,explicit,1.0
凱基人壽保險股份有限公司,彩榮,高雄市鼓山區明誠四路156號6樓之1,高雄市,鼓山區,2004-07-30,explicit,1.0
凱基人壽保險股份有限公司,信誠,屏東市中正路70號2樓,屏東縣,屏東市,2009-06-20,implicit_city,0.8
凱基人壽保險股份有限公司,佳慶,屏東市中正路70號3樓,屏東縣,屏東市,2009-06-20,implicit_city,0.8
凱基人壽保險股份有限公司,韋誠,屏東市中正路70號2樓,屏東縣,屏東市,2014-08-29,implicit_city,0.8
凱基人壽保險股份有限公司,睿誠,屏東市中正路70號3樓,屏東縣,屏東市,2015-03-25,implicit_city,0.8
凱基人壽保險股份有限公司,泰誠,屏東市中正路70號2樓,屏東縣,屏東市,2023-08-31,implicit_city,0.8
凱基人壽保險股份有限公司,台東,台東市開封街370號,臺東縣,臺東市,1978-12-05,implicit_city,0.8
凱基人壽保險股份有限公司,澎湖,澎湖縣馬公市中正路17號,澎湖縣,馬公市,2026-04-02,explicit,1.0
凱基人壽保險股份有限公司,樂誠,屏東市中正路70號2樓,屏東縣,屏東市,2026-06-24,implicit_city,0.8
南山人壽保險股份有限公司,東澂,台東縣台東市四維路三段62號1樓,臺東縣,臺東市,1978-12-05,explicit,1.0
南山人壽保險股份有限公司,中壢元化,桃園市中壢區中央東路88號8樓之2,桃園市,中壢區,1980-04-05,explicit,1.0
南山人壽保險股份有限公司,鑫城中,台北市中山區松江路266號5樓,臺北市,中山區,1981-08-06,explicit,1.0
南山人壽保險股份有限公司,沙鹿直轄,台中市沙鹿區沙田路131號6樓,臺中市,沙鹿區,1984-07-05,explicit,1.0
南山人壽保險股份有限公司,前金,高雄市三民區建國一路458號7樓,高雄市,三民區,1988-03-15,explicit,1.0
南山人壽保險股份有限公司,鑫嘉,台北市中山區松江路375號11樓之1,臺北市,中山區,1988-07-26,explicit,1.0
南山人壽保險股份有限公司,三德,台北市中正區忠孝西路一段4號5樓A室,臺北市,中正區,1989-09-21,explicit,1.0
南山人壽保險股份有限公司,崇德,台中市北屯區北屯路360號4樓,臺中市,北屯區,1990-09-03,explicit,1.0
南山人壽保險股份有限公司,台南府城,台南市北區育德路188號10樓之2,臺南市,北區,1991-10-14,explicit,1.0
南山人壽保險股份有限公司,文心,台中市西屯區華美西街二段311號6樓,臺中市,西屯區,1992-06-26,explicit,1.0
南山人壽保險股份有限公司,中進,台中市北屯區北屯路360號13樓,臺中市,北屯區,1992-06-26,explicit,1.0
南山人壽保險股份有限公司,九如,高雄市左營區裕誠路392號5樓,高雄市,左營區,1992-06-26,explicit,1.0
南山人壽保險股份有限公司,保生,新北市中和區中和路356號4樓,新北市,中和區,1993-08-20,explicit,1.0
南山人壽保險股份有限公司,南投直轄,南投縣草屯鎮中正路601之7號4樓,南投縣,草屯鎮,1993-08-20,explicit,1.0
南山人壽保險股份有限公司,員林永盛,彰化縣員林市中山路二段100號7樓,彰化縣,員林市,1993-08-20,explicit,1.0
南山人壽保險股份有限公司,斗六,雲林縣斗六市中山路82號4樓,雲林縣,斗六市,1993-08-20,explicit,1.0
南山人壽保險股份有限公司,鑫躍,台北市中正區忠孝西路一段4號18樓C室,臺北市,中正區,1994-09-06,explicit,1.0
南山人壽保險股份有限公司,鴻鑫,台北市大安區基隆路二段172之1號7樓,臺北市,大安區,1994-09-06,explicit,1.0
南山人壽保險股份有限公司,安和,台北市大安區基隆路二段172之1號9樓,臺北市,大安區,1994-09-06,explicit,1.0
南山人壽保險股份有限公司,成功,台北市大安區敦化南路二段92號10樓之2及11樓之1,臺北市,大安區,1994-09-06,explicit,1.0
南山人壽保險股份有限公司,隆鑫,台北市大安區信義路四段296號9樓及306號9樓,臺北市,大安區,1994-09-06,explicit,1.0
南山人壽保險股份有限公司,信盛,台北市信義區基隆路二段125號12樓之2,臺北市,信義區,1994-09-06,explicit,1.0
南山人壽保險股份有限公司,圓山,台北市文山區羅斯福路六段136號8樓及6樓之1,臺北市,文山區,1994-09-06,explicit,1.0
南山人壽保險股份有限公司,鑫旺,台北市中山區松江路266號7樓,臺北市,中山區,1994-09-06,explicit,1.0
南山人壽保險股份有限公司,長新,台北市松山區八德路四段83號6樓,臺北市,松山區,1994-09-06,explicit,1.0
南山人壽保險股份有限公司,板橋忠孝,新北市板橋區中山路一段6號8樓及9樓,新北市,板橋區,1994-09-06,explicit,1.0
南山人壽保險股份有限公司,新莊,新北市板橋區華江一路111號5樓之6,新北市,板橋區,1994-09-06,explicit,1.0
南山人壽保險股份有限公司,三民,台中市西區忠明南路270號19樓,臺中市,西區,1994-09-06,explicit,1.0
南山人壽保險股份有限公司,中港,台中市南屯區五權西路二段668號3樓,臺中市,南屯區,1994-09-06,explicit,1.0
南山人壽保險股份有限公司,統健,台中市南屯區五權西路二段668號2樓,臺中市,南屯區,1994-09-06,explicit,1.0
南山人壽保險股份有限公司,干川,台中市東區公園東路130號9樓之1,臺中市,東區,1994-09-06,explicit,1.0
南山人壽保險股份有限公司,雙十,台中市東區公園東路130號8樓之1,臺中市,東區,1994-09-06,explicit,1.0
南山人壽保險股份有限公司,永暉,台中市東區公園東路130號10樓之3,臺中市,東區,1994-09-06,explicit,1.0
南山人壽保險股份有限公司,五權,台中市東區公園東路130號10樓之2,臺中市,東區,1994-09-06,explicit,1.0
南山人壽保險股份有限公司,順全,台中市東區公園東路130號11樓之2,臺中市,東區,1994-09-06,explicit,1.0
南山人壽保險股份有限公司,大甲,台中市大甲區文武路10之3號4樓,臺中市,大甲區,1994-09-06,explicit,1.0
南山人壽保險股份有限公司,台南二處,台南市北區育德路188號11樓之2及之3,臺南市,北區,1994-09-06,explicit,1.0
南山人壽保險股份有限公司,林森,嘉義市東區忠孝路419號3樓、6樓,嘉義市,東區,1994-09-06,explicit,1.0
南山人壽保險股份有限公司,億隆,桃園市桃園區青溪二路92號18樓及90號17樓,桃園市,桃園區,1994-09-06,explicit,1.0
南山人壽保險股份有限公司,鑫蓮,花蓮縣花蓮市中山路356號4樓,花蓮縣,花蓮市,1994-09-06,explicit,1.0
南山人壽保險股份有限公司,高雄直轄一處,高雄市三民區建國一路458號5樓,高雄市,三民區,1994-09-06,explicit,1.0
南山人壽保險股份有限公司,高雄直轄二處,高雄市左營區裕誠路392號13樓,高雄市,左營區,1994-09-06,explicit,1.0
南山人壽保險股份有限公司,欣生,高雄市三民區建國一路458號9樓,高雄市,三民區,1994-09-06,explicit,1.0
南山人壽保險股份有限公司,一心,高雄市三民區建國一路458號5樓,高雄市,三民區,1994-09-06,explicit,1.0
南山人壽保險股份有限公司,鑫勁德,台北市大同區南京西路66號3樓,臺北市,大同區,1994-10-04,explicit,1.0
南山人壽保險股份有限公司,羅東純精,宜蘭縣宜蘭市女中路二段88號2樓B室,宜蘭縣,宜蘭市,1994-10-04,explicit,1.0
南山人壽保險股份有限公司,羅東興東,宜蘭縣宜蘭市女中路二段88號2樓A室,宜蘭縣,宜蘭市,1994-10-04,explicit,1.0
南山人壽保險股份有限公司,鑫大發,台北市大同區民權西路104號11樓,臺北市,大同區,1994-12-19,explicit,1.0
南山人壽保險股份有限公司,鑫進,台北市中正區忠孝西路一段4號18樓B室,臺北市,中正區,1994-12-19,explicit,1.0
南山人壽保險股份有限公司,鑫和,台北市中山區松江路220號11樓之2,臺北市,中山區,1994-12-19,explicit,1.0
南山人壽保險股份有限公司,雙和,新北市板橋區中山路一段6號9樓,新北市,板橋區,1994-12-19,explicit,1.0
南山人壽保險股份有限公司,大揚,台中市東區公園東路130號12樓之2,臺中市,東區,1994-12-19,explicit,1.0
南山人壽保險股份有限公司,嘉義一處,嘉義市東區忠孝路419號5樓,嘉義市,東區,1994-12-19,explicit,1.0
南山人壽保險股份有限公司,嘉義三處,嘉義市東區忠孝路419號6樓,嘉義市,東區,1994-12-19,explicit,1.0
南山人壽保險股份有限公司,員林雙華,彰化縣員林市中山路二段100號9樓,彰化縣,員林市,1994-12-19,explicit,1.0
南山人壽保險股份有限公司,博愛,高雄市新興區中正三路38號4樓,高雄市,新興區,1994-12-19,explicit,1.0
南山人壽保險股份有限公司,元寶,桃園市中壢區中央東路88號19樓之2,桃園市,中壢區,1995-02-01,explicit,1.0
南山人壽保險股份有限公司,鑫生,台北市中正區忠孝西路一段4號5樓C室,臺北市,中正區,1995-02-10,explicit,1.0
南山人壽保險股份有限公司,仁愛,台北市大安區敦化南路二段92號11樓及11樓之1,臺北市,大安區,1995-02-10,explicit,1.0
南山人壽保險股份有限公司,鑫成,台北市中山區松江路375號9樓,臺北市,中山區,1995-02-10,explicit,1.0
南山人壽保險股份有限公司,八德一處,台北市中山區復興北路150號4樓及6樓,臺北市,中山區,1995-02-10,explicit,1.0
南山人壽保險股份有限公司,佳德,台北市松山區八德路四段83號5樓B室及6樓,臺北市,松山區,1995-02-10,explicit,1.0
南山人壽保險股份有限公司,德鑫,台北市松山區南京東路五段16號2樓,臺北市,松山區,1995-02-10,explicit,1.0
南山人壽保險股份有限公司,大墩,台中市東區公園東路130號6樓之2,臺中市,東區,1995-02-10,explicit,1.0
南山人壽保險股份有限公司,新營嘉豐,台南市新營區中正路10號4樓,臺南市,新營區,1995-02-10,explicit,1.0
南山人壽保險股份有限公司,新營新森,台南市新營區中正路10號4樓,臺南市,新營區,1995-02-10,explicit,1.0
南山人壽保險股份有限公司,鑫基隆,基隆市信義區信一路150號9樓B室,基隆市,信義區,1995-02-10,explicit,1.0
南山人壽保險股份有限公司,新竹直轄,新竹市北區東大路二段110號2樓之3,新竹市,北區,1995-02-10,explicit,1.0
南山人壽保險股份有限公司,中壢直轄,桃園市平鎮區環南路18號2樓,桃園市,平鎮區,1995-02-10,explicit,1.0
南山人壽保險股份有限公司,桃園直轄,桃園市桃園區青溪二路92號15樓及16樓,桃園市,桃園區,1995-02-10,explicit,1.0
南山人壽保險股份有限公司,苗栗直轄,苗栗縣苗栗市中山路538號3樓,苗栗縣,苗栗市,1995-02-10,explicit,1.0
南山人壽保險股份有限公司,聯興,台中市北區忠明路200號8樓,臺中市,北區,1995-03-31,explicit,1.0
南山人壽保險股份有限公司,華興,基隆市信義區信一路150號10樓B室,基隆市,信義區,1995-03-31,explicit,1.0
南山人壽保險股份有限公司,維新,桃園市中壢區中央東路88號8樓之1,桃園市,中壢區,1995-03-31,explicit,1.0
南山人壽保險股份有限公司,景新,台北市文山區羅斯福路六段136號5樓及8樓,臺北市,文山區,1995-07-04,explicit,1.0
南山人壽保險股份有限公司,勝德,台北市中山區松江路375號2樓A室,臺北市,中山區,1995-07-04,explicit,1.0
南山人壽保險股份有限公司,雙興,台北市中山區松江路375號8樓,臺北市,中山區,1995-07-04,explicit,1.0
南山人壽保險股份有限公司,中壢欣明,桃園市中壢區中央東路88號4樓之5,桃園市,中壢區,1995-07-04,explicit,1.0
南山人壽保險股份有限公司,旭成,高雄市三民區建國一路458號8樓,高雄市,三民區,1995-09-07,explicit,1.0
南山人壽保險股份有限公司,鑫永,台北市松山區復興北路369號5樓,臺北市,松山區,1996-05-01,explicit,1.0
南山人壽保險股份有限公司,板橋直轄,新北市板橋區華江一路111號4樓之3,新北市,板橋區,1996-05-01,explicit,1.0
南山人壽保險股份有限公司,重信,台北市中正區忠孝西路一段4號4樓之5,臺北市,中正區,1996-06-25,explicit,1.0
南山人壽保險股份有限公司,聯強,新北市三重區重陽路三段192號12樓B室及192號11樓,新北市,三重區,1996-10-08,explicit,1.0
南山人壽保險股份有限公司,光順,台中市南屯區五權西路二段100號6樓,臺中市,南屯區,1996-10-08,explicit,1.0
南山人壽保險股份有限公司,崇聖,台中市北屯區北屯路360號11樓,臺中市,北屯區,1996-10-08,explicit,1.0
南山人壽保險股份有限公司,屏東直轄,屏東縣屏東市棒球路57之5號6樓,屏東縣,屏東市,1996-10-08,explicit,1.0
南山人壽保險股份有限公司,群耀,台北市信義區基隆路二段125號15樓,臺北市,信義區,1996-12-31,explicit,1.0
南山人壽保險股份有限公司,正隆,台北市信義區基隆路二段125號3樓之3,臺北市,信義區,1996-12-31,explicit,1.0
南山人壽保險股份有限公司,平鎮,桃園市平鎮區環南路50號6樓及5樓,桃園市,平鎮區,1996-12-31,explicit,1.0
南山人壽保險股份有限公司,宏廣,桃園市平鎮區環南路50號2樓及5樓,桃園市,平鎮區,1997-04-15,explicit,1.0
南山人壽保險股份有限公司,鴻億,台北市大同區南京西路76號9樓,臺北市,大同區,1997-07-03,explicit,1.0
南山人壽保險股份有限公司,新店新發,台北市文山區羅斯福路六段136號6樓及8樓,臺北市,文山區,1997-07-03,explicit,1.0
南山人壽保險股份有限公司,東建,台中市南區忠明南路758號12樓,臺中市,南區,1997-07-03,explicit,1.0
南山人壽保險股份有限公司,竹中,新竹市北區東大路二段110號5樓之1,新竹市,北區,1997-07-03,explicit,1.0
南山人壽保險股份有限公司,成新,高雄市新興區六合路183號9樓,高雄市,新興區,1997-07-03,explicit,1.0
南山人壽保險股份有限公司,路竹,高雄市路竹區竹西里中山路1187號4樓,高雄市,路竹區,1997-09-06,explicit,1.0
南山人壽保險股份有限公司,重錦,台北市大同區南京西路66號9樓,臺北市,大同區,1997-10-01,explicit,1.0
南山人壽保險股份有限公司,昊信,台北市大安區新生南路一段137之4號6樓及4樓,臺北市,大安區,1997-10-01,explicit,1.0
南山人壽保險股份有限公司,正興,台北市大安區新生南路一段137之4號3樓及4樓,臺北市,大安區,1997-10-01,explicit,1.0
南山人壽保險股份有限公司,虎尾,雲林縣虎尾鎮新生路136號2樓,雲林縣,虎尾鎮,1998-01-06,explicit,1.0
南山人壽保險股份有限公司,隆安,台北市松山區南京東路五段16號4樓之2,臺北市,松山區,1998-02-06,explicit,1.0
南山人壽保險股份有限公司,彰化直轄,彰化縣彰化市金馬路三段439號2樓,彰化縣,彰化市,1998-02-06,explicit,1.0
南山人壽保險股份有限公司,展新,台北市中山區長安東路一段27號7樓,臺北市,中山區,1998-03-25,explicit,1.0
南山人壽保險股份有限公司,和興,高雄市新興區中正三路38號9樓,高雄市,新興區,1998-03-25,explicit,1.0
南山人壽保險股份有限公司,文建,台中市南區忠明南路758號19樓,臺中市,南區,1998-06-18,explicit,1.0
南山人壽保險股份有限公司,員林興華,彰化縣員林市中山路二段100號9樓,彰化縣,員林市,1998-09-15,explicit,1.0
南山人壽保險股份有限公司,耀廣,台北市中正區忠孝西路一段4號6樓E室,臺北市,中正區,1998-12-02,explicit,1.0
南山人壽保險股份有限公司,松青,台北市中山區松江路375號8樓之1,臺北市,中山區,1999-09-01,explicit,1.0
南山人壽保險股份有限公司,安鵬,台中市南屯區五權西路二段100號3樓,臺中市,南屯區,1999-09-01,explicit,1.0
南山人壽保險股份有限公司,亞太,台中市東區公園東路130號12樓之5,臺中市,東區,1999-09-01,explicit,1.0
南山人壽保險股份有限公司,苗盛,苗栗縣苗栗市中山路538號6樓之1,苗栗縣,苗栗市,1999-09-01,explicit,1.0
南山人壽保險股份有限公司,文揚,彰化縣彰化市金馬路三段439號13樓,彰化縣,彰化市,2000-06-01,explicit,1.0
南山人壽保險股份有限公司,元冠,桃園市平鎮區環南路18號5樓之2,桃園市,平鎮區,2000-06-09,explicit,1.0
南山人壽保險股份有限公司,大興,高雄市苓雅區中正二路74號6樓,高雄市,苓雅區,2000-06-09,explicit,1.0
南山人壽保險股份有限公司,岡山永安,高雄市岡山區岡山路434號4樓,高雄市,岡山區,2000-06-09,explicit,1.0
南山人壽保險股份有限公司,盛鑫,台北市中山區復興北路150號5樓之3及6樓,臺北市,中山區,2000-12-01,explicit,1.0
南山人壽保險股份有限公司,南投埔新,南投縣埔里鎮西康路43號1樓,南投縣,埔里鎮,2000-12-01,explicit,1.0
南山人壽保險股份有限公司,新營嘉泰,台南市新營區中正路10號5樓,臺南市,新營區,2000-12-01,explicit,1.0
南山人壽保險股份有限公司,博大,高雄市左營區裕誠路394號4樓,高雄市,左營區,2000-12-01,explicit,1.0
南山人壽保險股份有限公司,耀華,台北市松山區南京東路五段16號2樓之1,臺北市,松山區,2001-05-01,explicit,1.0
南山人壽保險股份有限公司,長勝,台北市中山區松江路375號7樓之1,臺北市,中山區,2001-06-01,explicit,1.0
南山人壽保險股份有限公司,尚誠,台南市北區育德路188號11樓,臺南市,北區,2001-06-01,explicit,1.0
南山人壽保險股份有限公司,展福,高雄市新興區中正三路38號2樓,高雄市,新興區,2001-06-01,explicit,1.0
南山人壽保險股份有限公司,高興,高雄市左營區裕誠路392號4樓,高雄市,左營區,2001-06-01,explicit,1.0
南山人壽保險股份有限公司,重益,台北市大同區南京西路76號10樓,臺北市,大同區,2001-09-01,explicit,1.0
南山人壽保險股份有限公司,建安,台北市中山區復興北路150號4樓之2及6樓,臺北市,中山區,2001-09-01,explicit,1.0
南山人壽保險股份有限公司,瑞強,新北市三重區重陽路三段192號11樓B室及192號11樓,新北市,三重區,2001-09-01,explicit,1.0
南山人壽保險股份有限公司,宜蘭明新,宜蘭縣宜蘭市女中路二段88號4樓B室,宜蘭縣,宜蘭市,2001-09-01,explicit,1.0
南山人壽保險股份有限公司,冠華,彰化縣員林市中山路二段100號7樓,彰化縣,員林市,2001-09-01,explicit,1.0
南山人壽保險股份有限公司,大園,桃園市桃園區青溪二路92號14樓,桃園市,桃園區,2001-09-01,explicit,1.0
南山人壽保險股份有限公司,八德耀亨,桃園市桃園區青溪二路92號17樓,桃園市,桃園區,2001-09-01,explicit,1.0
南山人壽保險股份有限公司,中區弘展,台中市東區公園東路130號7樓之1A室,臺中市,東區,2001-12-01,explicit,1.0
南山人壽保險股份有限公司,五德,台中市東區公園東路130號10樓之1A室,臺中市,東區,2002-03-01,explicit,1.0
南山人壽保險股份有限公司,前昌,高雄市新興區中正三路38號5樓,高雄市,新興區,2002-06-01,explicit,1.0
南山人壽保險股份有限公司,永耀,高雄市新興區中正三路38號4樓,高雄市,新興區,2002-09-01,explicit,1.0
南山人壽保險股份有限公司,陽光,台北市中山區松江路375號5樓,臺北市,中山區,2003-03-01,explicit,1.0
南山人壽保險股份有限公司,群勝,台北市中山區松江路375號3樓之1,臺北市,中山區,2003-03-01,explicit,1.0
南山人壽保險股份有限公司,日群,台北市中山區松江路375號7樓,臺北市,中山區,2003-06-01,explicit,1.0
南山人壽保險股份有限公司,保元,新北市中和區中和路366號9樓之2,新北市,中和區,2003-06-01,explicit,1.0
南山人壽保險股份有限公司,翔新,高雄市左營區裕誠路392號3樓,高雄市,左營區,2003-06-01,explicit,1.0
南山人壽保險股份有限公司,永勝,台北市中山區松江路266號6樓之1,臺北市,中山區,2004-03-01,explicit,1.0
南山人壽保險股份有限公司,鳳凰,台南市北區育德路188號11樓之5,臺南市,北區,2005-06-01,explicit,1.0
南山人壽保險股份有限公司,前豐,高雄市左營區裕誠路394號13樓,高雄市,左營區,2005-06-01,explicit,1.0
南山人壽保險股份有限公司,鑫一,台北市中山區松江路375號5樓之1,臺北市,中山區,2006-06-01,explicit,1.0
南山人壽保險股份有限公司,龍大,新北市板橋區華江一路111號5樓之3,新北市,板橋區,2006-06-01,explicit,1.0
南山人壽保險股份有限公司,雙青,台中市南屯區五權西路二段100號3樓,臺中市,南屯區,2006-06-01,explicit,1.0
南山人壽保險股份有限公司,弘德,台南市北區育德路188號11樓,臺南市,北區,2006-06-01,explicit,1.0
南山人壽保險股份有限公司,員欣,彰化縣員林市中山路二段100號9樓,彰化縣,員林市,2006-06-01,explicit,1.0
南山人壽保險股份有限公司,重展,台北市中正區忠孝西路一段4號3樓之1,臺北市,中正區,2006-09-01,explicit,1.0
南山人壽保險股份有限公司,壽豐,台北市中山區松江路266號8樓,臺北市,中山區,2006-09-01,explicit,1.0
南山人壽保險股份有限公司,上華,台北市松山區八德路四段83號4樓及6樓,臺北市,松山區,2006-09-01,explicit,1.0
南山人壽保險股份有限公司,旺達,台中市南屯區五權西路二段100號3樓,臺中市,南屯區,2006-09-01,explicit,1.0
南山人壽保險股份有限公司,文泰,台中市東區公園東路130號11樓之1A,臺中市,東區,2006-09-01,explicit,1.0
南山人壽保險股份有限公司,興晟,宜蘭縣宜蘭市女中路二段88號3樓B室,宜蘭縣,宜蘭市,2006-09-01,explicit,1.0
南山人壽保險股份有限公司,欣豐,新竹市北區東大路二段110號5樓之2,新竹市,北區,2006-09-01,explicit,1.0
南山人壽保險股份有限公司,東興,台中市南屯區五權西路二段668號3樓,臺中市,南屯區,2006-12-01,explicit,1.0
南山人壽保險股份有限公司,廣豐,台北市中正區忠孝西路一段4號6樓B室,臺北市,中正區,2007-03-01,explicit,1.0
南山人壽保險股份有限公司,尚豐,台南市北區育德路188號12樓,臺南市,北區,2007-06-01,explicit,1.0
南山人壽保險股份有限公司,中壢佰億,桃園市平鎮區環南路50號4樓及5樓,桃園市,平鎮區,2007-07-01,explicit,1.0
南山人壽保險股份有限公司,群中,台北市信義區基隆路二段125號9樓之3,臺北市,信義區,2007-09-01,explicit,1.0
南山人壽保險股份有限公司,富群,台北市大安區基隆路二段172之1號8樓之1,臺北市,大安區,2007-09-01,explicit,1.0
南山人壽保險股份有限公司,飛翔,桃園市桃園區青溪二路92號20樓,桃園市,桃園區,2007-09-01,explicit,1.0
南山人壽保險股份有限公司,大旺,桃園市中壢區中央東路88號8樓之2,桃園市,中壢區,2007-12-01,explicit,1.0
南山人壽保險股份有限公司,台中直轄,台中市東區公園東路130號7樓之2,臺中市,東區,2007-12-07,explicit,1.0
南山人壽保險股份有限公司,重玥,台北市大同區南京西路76號9樓之1,臺北市,大同區,2008-01-01,explicit,1.0
南山人壽保險股份有限公司,致盛,宜蘭縣宜蘭市女中路二段88號1樓A室,宜蘭縣,宜蘭市,2008-03-01,explicit,1.0
南山人壽保險股份有限公司,景順,台北市信義區基隆路二段125號11樓,臺北市,信義區,2008-06-01,explicit,1.0
南山人壽保險股份有限公司,騰煇,台北市中山區松江路375號8樓之3,臺北市,中山區,2008-06-01,explicit,1.0
南山人壽保險股份有限公司,廣鈺,台北市中正區忠孝西路一段4號3樓之2,臺北市,中正區,2008-08-01,explicit,1.0
南山人壽保險股份有限公司,重耀,台北市大同區南京西路76號8樓之1,臺北市,大同區,2008-09-01,explicit,1.0
南山人壽保險股份有限公司,龍山,彰化縣彰化市金馬路三段439號11樓之3,彰化縣,彰化市,2008-09-01,explicit,1.0
南山人壽保險股份有限公司,景豪,台北市信義區基隆路二段125號10樓之3,臺北市,信義區,2008-10-01,explicit,1.0
南山人壽保險股份有限公司,群瀚,台北市大安區新生南路一段137之4號2樓及4樓,臺北市,大安區,2008-11-01,explicit,1.0
南山人壽保險股份有限公司,世運,台北市中山區松江路375號9樓之1,臺北市,中山區,2008-11-01,explicit,1.0
南山人壽保險股份有限公司,順勁,台北市信義區基隆路二段125號8樓之4,臺北市,信義區,2008-12-01,explicit,1.0
南山人壽保險股份有限公司,和鑫,彰化縣彰化市金馬路三段439號12樓,彰化縣,彰化市,2008-12-01,explicit,1.0
南山人壽保險股份有限公司,開興,台北市中山區松江路375號9樓之2,臺北市,中山區,2009-01-01,explicit,1.0
南山人壽保險股份有限公司,前和,高雄市前金區五福三路80號8樓及82號8樓,高雄市,前金區,2009-01-01,explicit,1.0
南山人壽保險股份有限公司,信欣,台北市信義區基隆路二段125號17樓,臺北市,信義區,2009-02-01,explicit,1.0
南山人壽保險股份有限公司,大安一處,台北市中山區復興北路150號8樓及6樓,臺北市,中山區,2009-02-01,explicit,1.0
南山人壽保險股份有限公司,耀升,桃園市桃園區青溪二路92號12樓及13樓,桃園市,桃園區,2009-04-01,explicit,1.0
南山人壽保險股份有限公司,員大,彰化縣員林市中山路二段100號9樓,彰化縣,員林市,2009-06-01,explicit,1.0
南山人壽保險股份有限公司,融興,高雄市左營區裕誠路392號4樓,高雄市,左營區,2009-07-01,explicit,1.0
南山人壽保險股份有限公司,三重直轄,新北市三重區重陽路三段192號5樓,新北市,三重區,2009-08-01,explicit,1.0
南山人壽保險股份有限公司,重隼,台北市中正區忠孝西路一段4號2樓之1,臺北市,中正區,2009-10-01,explicit,1.0
南山人壽保險股份有限公司,群真,台北市文山區羅斯福路六段136號7樓及8樓,臺北市,文山區,2009-11-01,explicit,1.0
南山人壽保險股份有限公司,順立,台北市信義區基隆路二段125號10樓,臺北市,信義區,2010-03-01,explicit,1.0
南山人壽保險股份有限公司,永誠,桃園市中壢區中央東路88號4樓之1,桃園市,中壢區,2010-03-01,explicit,1.0
南山人壽保險股份有限公司,暘茂,台北市中正區忠孝西路一段4號6樓A室,臺北市,中正區,2010-06-01,explicit,1.0
南山人壽保險股份有限公司,廣宸,台北市中正區忠孝西路一段4號18樓A室,臺北市,中正區,2010-08-01,explicit,1.0
南山人壽保險股份有限公司,重尚,台北市大同區南京西路76號8樓之2,臺北市,大同區,2010-08-01,explicit,1.0
南山人壽保險股份有限公司,前一,高雄市三民區建國一路458號7樓,高雄市,三民區,2010-09-01,explicit,1.0
南山人壽保險股份有限公司,樂隆,台南市北區育德路188號12樓之1,臺南市,北區,2010-10-01,explicit,1.0
南山人壽保險股份有限公司,元興,高雄市前金區五福三路80號8樓及82號8樓,高雄市,前金區,2010-12-01,explicit,1.0
南山人壽保險股份有限公司,景承,台北市文山區羅斯福路六段136號5樓及8樓,臺北市,文山區,2011-03-01,explicit,1.0
南山人壽保險股份有限公司,冠林,台北市大安區新生南路一段137之4號5樓及4樓,臺北市,大安區,2011-03-01,explicit,1.0
南山人壽保險股份有限公司,友華,新北市樹林區中山路一段100號3樓,新北市,樹林區,2011-07-01,explicit,1.0
南山人壽保險股份有限公司,聯展,新北市三重區重陽路三段192號9樓B室及11樓,新北市,三重區,2011-11-01,explicit,1.0
南山人壽保險股份有限公司,高鑫,台北市中山區復興北路150號5樓及6樓,臺北市,中山區,2012-01-01,explicit,1.0
南山人壽保險股份有限公司,旺盛,新北市三重區重陽路三段192號9樓A室及11樓,新北市,三重區,2012-03-01,explicit,1.0
南山人壽保險股份有限公司,群濟,台北市大安區基隆路二段172之1號8樓之2,臺北市,大安區,2013-01-01,explicit,1.0
南山人壽保險股份有限公司,聯想,新北市三重區重陽路三段192號12樓A室及192號11樓,新北市,三重區,2013-02-01,explicit,1.0
南山人壽保險股份有限公司,正發,新北市土城區明德路二段56號3樓之1,新北市,土城區,2013-07-31,explicit,1.0
南山人壽保險股份有限公司,順橙,台北市信義區基隆路二段125號16樓,臺北市,信義區,2014-01-04,explicit,1.0
南山人壽保險股份有限公司,前廣,高雄市前金區五福三路80號8樓及82號8樓,高雄市,前金區,2014-04-01,explicit,1.0
南山人壽保險股份有限公司,重盛,台北市中正區忠孝西路一段4號2樓之2,臺北市,中正區,2014-07-25,explicit,1.0
南山人壽保險股份有限公司,嘉義融豐,嘉義市東區忠孝路419號9樓,嘉義市,東區,2014-08-23,explicit,1.0
南山人壽保險股份有限公司,群元,台北市中正區忠孝西路一段4號3樓之3,臺北市,中正區,2014-11-01,explicit,1.0
南山人壽保險股份有限公司,順可,台北市信義區基隆路二段125號13樓,臺北市,信義區,2015-01-01,explicit,1.0
南山人壽保險股份有限公司,崇鑫,台中市北屯區北屯路366號4樓,臺中市,北屯區,2015-01-01,explicit,1.0
南山人壽保險股份有限公司,干川金門分處,金門縣金城鎮中興路201號,金門縣,金城鎮,2015-06-02,explicit,1.0
南山人壽保險股份有限公司,元孟,桃園市中壢區中央東路88號4樓之2,桃園市,中壢區,2015-10-30,explicit,1.0
南山人壽保險股份有限公司,順豐,台北市大安區信義路四段306號9樓之2及306號9樓,臺北市,大安區,2016-01-01,explicit,1.0
南山人壽保險股份有限公司,泰鑫,台北市松山區八德路四段83號7樓及6樓,臺北市,松山區,2016-01-01,explicit,1.0
南山人壽保險股份有限公司,斗六安豐,雲林縣斗六市中山路82號5樓,雲林縣,斗六市,2016-01-01,explicit,1.0
南山人壽保險股份有限公司,勝翔,台北市中正區忠孝西路一段4號3樓之4,臺北市,中正區,2016-06-15,explicit,1.0
南山人壽保險股份有限公司,鑫鼎祐,台北市大同區南京西路66號4樓,臺北市,大同區,2016-07-13,explicit,1.0
南山人壽保險股份有限公司,中興,桃園市中壢區中央東路88號4樓之3,桃園市,中壢區,2016-08-01,explicit,1.0
南山人壽保險股份有限公司,元創,桃園市中壢區中央東路88號8樓之3,桃園市,中壢區,2016-12-12,explicit,1.0
南山人壽保險股份有限公司,重仁,台北市中山區松江路375號8樓之4,臺北市,中山區,2017-01-01,explicit,1.0
南山人壽保險股份有限公司,鑫佳新,宜蘭縣宜蘭市女中路二段88號3樓,宜蘭縣,宜蘭市,2017-01-01,explicit,1.0
南山人壽保險股份有限公司,斗六安成,雲林縣斗六市中山路82號5樓,雲林縣,斗六市,2017-01-01,explicit,1.0
南山人壽保險股份有限公司,景暘,台北市中山區復興北路150號4樓之3及6樓,臺北市,中山區,2017-01-04,explicit,1.0
南山人壽保險股份有限公司,最強,新北市三重區重陽路三段192號12樓及11樓,新北市,三重區,2017-01-04,explicit,1.0
南山人壽保險股份有限公司,欣泰,新竹縣竹北市光明五街210號5樓,新竹縣,竹北市,2017-01-06,explicit,1.0
南山人壽保險股份有限公司,尚正,台南市北區育德路188號11樓之1,臺南市,北區,2017-01-30,explicit,1.0
南山人壽保險股份有限公司,安遠,台北市松山區南京東路五段16號3樓之3,臺北市,松山區,2017-07-20,explicit,1.0
南山人壽保險股份有限公司,群善,台北市大安區信義路四段296號13樓之2及306號9樓,臺北市,大安區,2017-07-20,explicit,1.0
南山人壽保險股份有限公司,元捷,台北市士林區中正路469號4樓B室,臺北市,士林區,2017-07-20,explicit,1.0
南山人壽保險股份有限公司,文龍,台中市東區公園東路130號12樓之3A室,臺中市,東區,2017-07-20,explicit,1.0
南山人壽保險股份有限公司,鑫新,台北市松山區復興北路369號5樓之1,臺北市,松山區,2017-11-08,explicit,1.0
南山人壽保險股份有限公司,鑫陽明,台北市中山區松江路266號6樓,臺北市,中山區,2019-01-01,explicit,1.0
南山人壽保險股份有限公司,斗六安信,雲林縣斗六市中山路82號2樓,雲林縣,斗六市,2019-01-15,explicit,1.0
南山人壽保險股份有限公司,群莘,桃園市平鎮區環南路50號3樓,桃園市,平鎮區,2019-07-12,explicit,1.0
南山人壽保險股份有限公司,中福,桃園市平鎮區環南路18號3樓,桃園市,平鎮區,2020-01-01,explicit,1.0
南山人壽保險股份有限公司,斗六和豐,雲林縣斗六市中山路82號3樓,雲林縣,斗六市,2020-01-01,explicit,1.0
南山人壽保險股份有限公司,真興,高雄市前金區五福三路82號9樓,高雄市,前金區,2020-01-01,explicit,1.0
南山人壽保險股份有限公司,順禾,台北市中山區復興北路150號6樓之1,臺北市,中山區,2020-01-01,explicit,1.0
南山人壽保險股份有限公司,興宜,宜蘭縣宜蘭市女中路二段88號4樓A室,宜蘭縣,宜蘭市,2020-01-01,explicit,1.0
南山人壽保險股份有限公司,勁昇,桃園市平鎮區環南路18號3樓,桃園市,平鎮區,2020-07-01,explicit,1.0
南山人壽保險股份有限公司,曜發,台北市文山區羅斯福路六段136號6樓之2及8樓,臺北市,文山區,2020-07-01,explicit,1.0
南山人壽保險股份有限公司,冠仁,台北市大安區新生南路一段137之4號8樓及4樓,臺北市,大安區,2021-01-01,explicit,1.0
南山人壽保險股份有限公司,重旭,台北市中正區忠孝西路一段4號4樓之1,臺北市,中正區,2021-01-01,explicit,1.0
南山人壽保險股份有限公司,順晴,台北市信義區基隆路二段125號15樓之3,臺北市,信義區,2021-01-01,explicit,1.0
南山人壽保險股份有限公司,順福,台北市信義區基隆路二段125號4樓之4,臺北市,信義區,2021-01-01,explicit,1.0
南山人壽保險股份有限公司,群德,台北市松山區八德路四段83號4樓之1及6樓,臺北市,松山區,2021-01-01,explicit,1.0
南山人壽保險股份有限公司,群興,高雄市左營區裕誠路392號3樓,高雄市,左營區,2021-01-01,explicit,1.0
南山人壽保險股份有限公司,竣新,台北市中山區松江路375號3樓,臺北市,中山區,2021-07-01,explicit,1.0
南山人壽保險股份有限公司,鑫力,新竹縣竹北市光明六路87之6號5樓,新竹縣,竹北市,2021-07-01,explicit,1.0
南山人壽保險股份有限公司,心誠,桃園市平鎮區環南路18號5樓之1,桃園市,平鎮區,2021-07-01,explicit,1.0
南山人壽保險股份有限公司,豐豪,台北市大同區南京西路76號8樓,臺北市,大同區,2022-01-01,explicit,1.0
南山人壽保險股份有限公司,雙誠,台中市東區公園東路130號12樓之3B室,臺中市,東區,2022-01-01,explicit,1.0
南山人壽保險股份有限公司,聯盛,台中市北屯區北屯路366號11樓,臺中市,北屯區,2022-01-01,explicit,1.0
南山人壽保險股份有限公司,德億,台北市中正區忠孝西路一段4號5樓B室,臺北市,中正區,2022-07-01,explicit,1.0
南山人壽保險股份有限公司,華豐,台北市大同區南京西路66號10樓,臺北市,大同區,2023-01-01,explicit,1.0
南山人壽保險股份有限公司,躍強,新北市三重區重陽路三段192號9樓C室,新北市,三重區,2023-01-01,explicit,1.0
南山人壽保險股份有限公司,立盛,新北市三重區重陽路三段192號9樓,新北市,三重區,2023-01-01,explicit,1.0
南山人壽保險股份有限公司,日承,台北市中山區松江路220號11樓之1,臺北市,中山區,2023-01-01,explicit,1.0
南山人壽保險股份有限公司,台南新欣,台南市北區育德路188號12樓之2,臺南市,北區,2023-07-01,explicit,1.0
南山人壽保險股份有限公司,興旺,宜蘭縣宜蘭市女中路二段88號2樓,宜蘭縣,宜蘭市,2023-07-01,explicit,1.0
南山人壽保險股份有限公司,鳳旭,台南市北區育德路188號10樓之1,臺南市,北區,2023-07-01,explicit,1.0
南山人壽保險股份有限公司,群益立,台北市大安區敦化南路二段92號10樓及11樓之1,臺北市,大安區,2024-01-01,explicit,1.0
南山人壽保險股份有限公司,安可,台北市中山區復興北路150號8樓之1,臺北市,中山區,2024-01-01,explicit,1.0
南山人壽保險股份有限公司,重友,台北市中山區松江路375號4樓A室,臺北市,中山區,2024-01-01,explicit,1.0
南山人壽保險股份有限公司,文樂,台中市東區公園東路130號10樓之1B室,臺中市,東區,2024-01-01,explicit,1.0
南山人壽保險股份有限公司,福興,高雄市新興區中正三路38號2樓,高雄市,新興區,2024-01-01,explicit,1.0
南山人壽保險股份有限公司,重樹,台北市中正區忠孝西路一段4號6樓C室,臺北市,中正區,2024-07-01,explicit,1.0
南山人壽保險股份有限公司,崇瀚,台中市北屯區北屯路366號13樓,臺中市,北屯區,2024-07-01,explicit,1.0
南山人壽保險股份有限公司,誠興,苗栗縣頭份市民族路739號7樓,苗栗縣,頭份市,2024-07-01,explicit,1.0
南山人壽保險股份有限公司,群將,台北市信義區基隆路二段125號17樓之2,臺北市,信義區,2025-01-01,explicit,1.0
南山人壽保險股份有限公司,欣盛,新竹縣竹北市光明五街210號5樓,新竹縣,竹北市,2025-01-01,explicit,1.0
南山人壽保險股份有限公司,順心,台北市文山區羅斯福路六段136號5樓之1,臺北市,文山區,2025-07-01,explicit,1.0
南山人壽保險股份有限公司,享興,新竹縣竹北市光明六路87之6號4樓,新竹縣,竹北市,2026-01-01,explicit,1.0
南山人壽保險股份有限公司,冠鑠,台北市大安區新生南路一段137之4號5樓及4樓,臺北市,大安區,2026-07-01,explicit,1.0
南山人壽保險股份有限公司,重順,台北市大同區南京西路66號9樓,臺北市,大同區,2026-07-01,explicit,1.0
南山人壽保險股份有限公司,中壢佰威,桃園市平鎮區環南路50號4樓及5樓,桃園市,平鎮區,2026-07-01,explicit,1.0
南山人壽保險股份有限公司,鑫匠,新竹縣竹北市光明六路87之6號5樓,新竹縣,竹北市,2026-07-01,explicit,1.0
台灣人壽保險股份有限公司,桃園機場第一航廈保險櫃台,337桃園市大園區航站南路15號,桃園市,大園區,2024-02-01,explicit,1.0
台灣人壽保險股份有限公司,桃園機場第二航廈保險櫃台,337桃園市大園區航站南路9號,桃園市,大園區,2018-11-03,explicit,1.0
台灣人壽保險股份有限公司,台中國際機場保險櫃台,433台中市沙鹿區中航路一段168號,臺中市,沙鹿區,2025-04-01,explicit,1.0
台灣人壽保險股份有限公司,高雄國際機場保險櫃台,812高雄市小港區中山四路2號,高雄市,小港區,2021-01-11,explicit,1.0
台灣人壽保險股份有限公司,保一通訊處,桃園市蘆竹區經國路906號7樓,桃園市,蘆竹區,2020-12-28,explicit,1.0
台灣人壽保險股份有限公司,保二通訊處,高雄市新興區六合二路１號１６樓,高雄市,新興區,2020-12-28,explicit,1.0
台灣人壽保險股份有限公司,台北第一區域通訊處,台北市中正區南陽街１號９樓,臺北市,中正區,2020-12-28,explicit,1.0
台灣人壽保險股份有限公司,台北第二區域通訊處,台北市中正區南陽街１號７樓,臺北市,中正區,2020-12-28,explicit,1.0
台灣人壽保險股份有限公司,桃竹苗第二區域通訊處,新竹市北區四維路１３０號１２樓,新竹市,北區,2020-12-28,explicit,1.0
台灣人壽保險股份有限公司,台中第一區域通訊處,台中市西區五權路７２號２樓,臺中市,西區,2020-12-28,explicit,1.0
台灣人壽保險股份有限公司,台中第二區域通訊處,台中市西區五權路７２號９樓,臺中市,西區,2020-12-28,explicit,1.0
台灣人壽保險股份有限公司,雲嘉南第一區域通訊處,台南市中西區民生路一段６２號７樓,臺南市,中西區,2020-12-28,explicit,1.0
台灣人壽保險股份有限公司,雲嘉南第二區域通訊處,台南市中西區成功路４５７號８樓,臺南市,中西區,2020-12-28,explicit,1.0
台灣人壽保險股份有限公司,高屏第一區域通訊處,高雄市新興區六合二路１號１１樓,高雄市,新興區,2020-12-28,explicit,1.0
台灣人壽保險股份有限公司,高屏第二區域通訊處,高雄市新興區六合二路１號１７樓,高雄市,新興區,2020-12-28,explicit,1.0
台灣人壽保險股份有限公司,台北直轄三通訊處,台北市中正區南陽街１號７樓,臺北市,中正區,1989-08-21,explicit,1.0
台灣人壽保險股份有限公司,北區通訊處,台北市中正區南陽街１號８樓之１,臺北市,中正區,1991-01-21,explicit,1.0
台灣人壽保險股份有限公司,台北直轄五通訊處,台北市中正區南陽街１號６樓之１,臺北市,中正區,1992-03-21,explicit,1.0
台灣人壽保險股份有限公司,康福通訊處,台北市中正區許昌街１７號５樓之１,臺北市,中正區,1992-12-21,explicit,1.0
台灣人壽保險股份有限公司,青山通訊處,台北市中正區許昌街１７號５樓,臺北市,中正區,2000-01-01,explicit,1.0
台灣人壽保險股份有限公司,台北直轄二通訊處,台北市中正區南陽街１號６樓,臺北市,中正區,2020-02-27,explicit,1.0
台灣人壽保險股份有限公司,廣鑫通訊處,台北市中正區許昌街１７號５樓,臺北市,中正區,2007-07-01,explicit,1.0
台灣人壽保險股份有限公司,台北直轄一通訊處,台北市中正區南陽街１號７樓,臺北市,中正區,2012-01-01,explicit,1.0
台灣人壽保險股份有限公司,宏暘通訊處,台北市中正區南陽街１號９樓,臺北市,中正區,2016-01-01,explicit,1.0
台灣人壽保險股份有限公司,宇悅通訊處,台北市中正區許昌街１７號１６樓,臺北市,中正區,2016-01-01,explicit,1.0
台灣人壽保險股份有限公司,宏寶通訊處,台北市中正區南陽街１號６樓,臺北市,中正區,2016-01-01,explicit,1.0
台灣人壽保險股份有限公司,樂高通訊處,台北市中正區許昌街１７號１６樓,臺北市,中正區,2016-01-01,explicit,1.0
台灣人壽保險股份有限公司,宏邁通訊處,台北市中正區南陽街１號１０樓,臺北市,中正區,2016-01-01,explicit,1.0
台灣人壽保險股份有限公司,宏業通訊處,台北市中正區許昌街１７號１６樓,臺北市,中正區,2016-01-01,explicit,1.0
台灣人壽保險股份有限公司,信昌通訊處,台北市中正區南陽街１號１０樓,臺北市,中正區,2016-01-01,explicit,1.0
台灣人壽保險股份有限公司,立盛通訊處,台北市中正區南陽街１號１０樓,臺北市,中正區,2016-01-01,explicit,1.0
台灣人壽保險股份有限公司,旭禾通訊處,新北市板橋區文化路二段288號3樓,新北市,板橋區,2014-02-01,explicit,1.0
台灣人壽保險股份有限公司,鼎興通訊處,桃園市中壢區中央西路二段３０號１３樓,桃園市,中壢區,2001-05-01,explicit,1.0
台灣人壽保險股份有限公司,聯邦通訊處,桃園市桃園區中正路１０７１號１８樓之１,桃園市,桃園區,1998-03-01,explicit,1.0
台灣人壽保險股份有限公司,和興通訊處,桃園市中壢區中央西路一段１２０號２１樓之５、６,桃園市,中壢區,2006-03-01,explicit,1.0
台灣人壽保險股份有限公司,宏宇通訊處,桃園市中壢區中央西路一段１２０號２１樓之２,桃園市,中壢區,2016-01-01,explicit,1.0
台灣人壽保險股份有限公司,冠昇通訊處,桃園市中壢區中央西路一段１２０號２１樓之４,桃園市,中壢區,2016-01-01,explicit,1.0
台灣人壽保險股份有限公司,高登通訊處,桃園市中壢區中央西路一段１２０號２１樓之４,桃園市,中壢區,2016-03-25,explicit,1.0
台灣人壽保險股份有限公司,震宏通訊處,新竹縣竹北市光明六路８７－６號６樓,新竹縣,竹北市,2016-01-01,explicit,1.0
台灣人壽保險股份有限公司,竹塹通訊處,新竹市東區林森路１７４號,新竹市,東區,1997-01-01,explicit,1.0
台灣人壽保險股份有限公司,新竹通訊處,新竹市北區四維路１３０號１１樓之２,新竹市,北區,1991-04-21,explicit,1.0
台灣人壽保險股份有限公司,新竹直轄一通訊處,新竹市北區四維路１３０號１１樓之１,新竹市,北區,2013-09-01,explicit,1.0
台灣人壽保險股份有限公司,新竹直轄一苗栗通訊處,苗栗縣苗栗市中正路６２１號,苗栗縣,苗栗市,2022-04-07,explicit,1.0
台灣人壽保險股份有限公司,苗栗通訊處,苗栗縣頭份市建國路二段２８９號１樓、２樓,苗栗縣,頭份市,1997-04-01,explicit,1.0
台灣人壽保險股份有限公司,中興通訊處,台中市西區五權路７２號１２樓,臺中市,西區,2014-01-01,explicit,1.0
台灣人壽保險股份有限公司,台新通訊處,台中市西區五權路７２號５樓之２,臺中市,西區,1995-01-01,explicit,1.0
台灣人壽保險股份有限公司,中華通訊處,台中市西區五權路７２號７樓之２,臺中市,西區,1996-09-01,explicit,1.0
台灣人壽保險股份有限公司,興昌通訊處,台中市西區五權路７２號１１樓,臺中市,西區,1997-07-01,explicit,1.0
台灣人壽保險股份有限公司,培馨通訊處,台中市西區五權路７２號１１樓,臺中市,西區,1999-08-01,explicit,1.0
台灣人壽保險股份有限公司,泰佳通訊處,台中市西區五權路７２號１１樓,臺中市,西區,2001-08-01,explicit,1.0
台灣人壽保險股份有限公司,奕傑通訊處,台中市西區五權路７２號４樓,臺中市,西區,2002-04-01,explicit,1.0
台灣人壽保險股份有限公司,永昌通訊處,台中市西區臺灣大道二段２２０號１６樓,臺中市,西區,2005-05-01,explicit,1.0
台灣人壽保險股份有限公司,中億通訊處,台中市西區五權路７２號８樓之２,臺中市,西區,2005-04-01,explicit,1.0
台灣人壽保險股份有限公司,立萬通訊處,台中市西區臺灣大道二段２２０號１６樓,臺中市,西區,2007-05-01,explicit,1.0
台灣人壽保險股份有限公司,文冠通訊處,台中市西區五權路７２號４樓之３,臺中市,西區,2007-05-01,explicit,1.0
台灣人壽保險股份有限公司,泳奕通訊處,台中市西區五權路７２號７樓之１,臺中市,西區,2011-01-01,explicit,1.0
台灣人壽保險股份有限公司,中二直轄一通訊處,台中市西區五權路７２號４樓之２,臺中市,西區,2000-09-01,explicit,1.0
台灣人壽保險股份有限公司,中二直轄二通訊處,台中市西區臺灣大道二段２２０號１６樓,臺中市,西區,2013-08-01,explicit,1.0
台灣人壽保險股份有限公司,中二直轄三通訊處,台中市西區五權路７２號７樓之２,臺中市,西區,2019-08-22,explicit,1.0
台灣人壽保險股份有限公司,台中通訊處,台中市西區台灣大道二段２３９號１４樓,臺中市,西區,2016-01-01,explicit,1.0
台灣人壽保險股份有限公司,五暘通訊處,台中市西區五權路７２號２樓,臺中市,西區,2016-01-01,explicit,1.0
台灣人壽保險股份有限公司,云暘通訊處,台中市西區五權路７２號２樓,臺中市,西區,2023-07-28,explicit,1.0
台灣人壽保險股份有限公司,旭峰通訊處,台中市西區台灣大道二段２３９號１４樓,臺中市,西區,2016-01-01,explicit,1.0
台灣人壽保險股份有限公司,千聚通訊處,台中市西區台灣大道二段239號14樓,臺中市,西區,2016-01-01,explicit,1.0
台灣人壽保險股份有限公司,陳圓通訊處,台中市西區五權路７２號８樓,臺中市,西區,2016-07-29,explicit,1.0
台灣人壽保險股份有限公司,日暘通訊處,台中市西區五權路７２號９樓,臺中市,西區,2016-08-19,explicit,1.0
台灣人壽保險股份有限公司,盛暘通訊處,台中市西區五權路７２號１樓,臺中市,西區,2016-09-23,explicit,1.0
台灣人壽保險股份有限公司,銘郡通訊處,台中市西區五權路７２號３樓,臺中市,西區,2018-08-23,explicit,1.0
台灣人壽保險股份有限公司,彰化直轄一通訊處,彰化縣彰化市中華西路３６９號９樓,彰化縣,彰化市,2013-01-01,explicit,1.0
台灣人壽保險股份有限公司,得銨通訊處,彰化縣彰化市中華西路３７１號９樓,彰化縣,彰化市,2010-01-01,explicit,1.0
台灣人壽保險股份有限公司,雲林直轄一通訊處,雲林縣斗六市永安路４６號４樓,雲林縣,斗六市,2016-04-01,explicit,1.0
台灣人壽保險股份有限公司,嘉義通訊處,嘉義市西區德安路３號５樓Ａ區,嘉義市,西區,1989-11-21,explicit,1.0
台灣人壽保險股份有限公司,嘉義直轄一通訊處,嘉義市西區德安路３號４樓,嘉義市,西區,2012-10-01,explicit,1.0
台灣人壽保險股份有限公司,群星通訊處,嘉義市西區德安路3號4樓A區,嘉義市,西區,2016-04-18,explicit,1.0
台灣人壽保險股份有限公司,長冠通訊處,台南市中西區成功路４５７號７樓,臺南市,中西區,1997-11-01,explicit,1.0
台灣人壽保險股份有限公司,台南直轄一通訊處,台南市中西區成功路４５７號８樓之１,臺南市,中西區,2012-09-01,explicit,1.0
台灣人壽保險股份有限公司,台南直轄二通訊處,台南市中西區成功路４５７號７樓,臺南市,中西區,2013-12-01,explicit,1.0
台灣人壽保險股份有限公司,台南直轄三通訊處,台南市中西區成功路４５７號７樓之２,臺南市,中西區,2015-08-01,explicit,1.0
台灣人壽保險股份有限公司,長治通訊處,台南市新營區中正路１０號６樓,臺南市,新營區,2008-10-01,explicit,1.0
台灣人壽保險股份有限公司,台南通訊處,台南市中西區民生路一段６２號９樓Ｂ室,臺南市,中西區,2016-01-01,explicit,1.0
台灣人壽保險股份有限公司,巨碩通訊處,台南市中西區民生路一段62號11樓A室,臺南市,中西區,2016-01-01,explicit,1.0
台灣人壽保險股份有限公司,巨賢通訊處,台南市中西區民生路一段62號11樓A室,臺南市,中西區,2016-01-01,explicit,1.0
台灣人壽保險股份有限公司,台南直轄七通訊處,台南市中西區成功路４５７號７樓,臺南市,中西區,2017-03-29,explicit,1.0
台灣人壽保險股份有限公司,勝郁通訊處,台南市中西區民生路一段６２號７樓,臺南市,中西區,2017-12-22,explicit,1.0
台灣人壽保險股份有限公司,飛雁通訊處,台南市中西區民生路一段６２號８樓Ａ室,臺南市,中西區,2018-02-21,explicit,1.0
台灣人壽保險股份有限公司,祥鈺通訊處,高雄市新興區六合二路１號１４樓,高雄市,新興區,2010-02-01,explicit,1.0
台灣人壽保險股份有限公司,高雄直轄一通訊處,高雄市新興區六合二路１號１７樓,高雄市,新興區,2012-02-01,explicit,1.0
台灣人壽保險股份有限公司,高雄直轄二通訊處,高雄市新興區六合二路１號１６樓,高雄市,新興區,2014-03-01,explicit,1.0
台灣人壽保險股份有限公司,高雄直轄五通訊處,高雄市新興區六合二路１號１６樓,高雄市,新興區,2001-10-27,explicit,1.0
台灣人壽保險股份有限公司,高三通訊處,高雄市新興區六合二路1號12樓,高雄市,新興區,2016-01-01,explicit,1.0
台灣人壽保險股份有限公司,干城通訊處,高雄市新興區六合二路1號13樓,高雄市,新興區,2016-01-01,explicit,1.0
台灣人壽保險股份有限公司,瑞益通訊處,高雄市新興區六合二路1號11樓,高雄市,新興區,2016-01-01,explicit,1.0
台灣人壽保險股份有限公司,愛鷹通訊處,高雄市新興區六合二路1號11樓,高雄市,新興區,2025-01-23,explicit,1.0
台灣人壽保險股份有限公司,高雄直轄三通訊處,高雄市新興區六合二路1號14樓,高雄市,新興區,2021-02-08,explicit,1.0
台灣人壽保險股份有限公司,高屏通訊處,屏東縣屏東市博愛路２８９號,屏東縣,屏東市,2013-08-01,explicit,1.0
台灣人壽保險股份有限公司,屏東直轄二通訊處,屏東縣屏東市中正路４６８號４樓,屏東縣,屏東市,2002-04-27,explicit,1.0
台灣人壽保險股份有限公司,屏舜通訊處,屏東縣屏東市中正路１２３號６樓之１,屏東縣,屏東市,2013-08-01,explicit,1.0
台灣人壽保險股份有限公司,宜蘭直轄一通訊處,宜蘭縣宜蘭市新民路７５號２樓,宜蘭縣,宜蘭市,2014-01-01,explicit,1.0
台灣人壽保險股份有限公司,萬泰通訊處,花蓮縣花蓮市國聯一路１６７號５樓,花蓮縣,花蓮市,1997-07-01,explicit,1.0
台灣人壽保險股份有限公司,宇悅花蓮通訊處,花蓮市國聯一路１６７號５樓,花蓮縣,花蓮市,2016-01-01,implicit_city,0.8
台灣人壽保險股份有限公司,台東直轄一通訊處,台東縣台東市中興路一段３９８號３樓,臺東縣,臺東市,2015-06-01,explicit,1.0
台灣人壽保險股份有限公司,台澎通訊處,澎湖縣馬公市光復路８８號８樓,澎湖縣,馬公市,2010-02-01,explicit,1.0
國泰人壽保險股份有限公司,大同通訊處,100台北市中正區重慶南路一段143號7、8樓,臺北市,中正區,1990-07-01,explicit,1.0
國泰人壽保險股份有限公司,城中通訊處,104台北市中山區松江路152號2樓,臺北市,中山區,1978-12-05,explicit,1.0
國泰人壽保險股份有限公司,博愛通訊處,104台北市中山區松江路190號8樓,臺北市,中山區,1994-09-13,explicit,1.0
國泰人壽保險股份有限公司,北二區部通訊處,104台北市中山區南京東路三段132號7樓,臺北市,中山區,2023-11-30,explicit,1.0
國泰人壽保險股份有限公司,松山通訊處,104台北市中山區南京東路二段6號7樓,臺北市,中山區,1994-11-15,explicit,1.0
國泰人壽保險股份有限公司,中山通訊處,104台北市中山區松江路152號4樓401室,臺北市,中山區,1978-12-05,explicit,1.0
國泰人壽保險股份有限公司,北北通訊處,104台北市中山區南京東路二段6號5樓,臺北市,中山區,1978-12-05,explicit,1.0
國泰人壽保險股份有限公司,昌泰通訊處,104台北市中山區南京東路二段2號9樓,臺北市,中山區,1994-09-13,explicit,1.0
國泰人壽保險股份有限公司,大豐通訊處,104台北市中山區南京東路二段2號3樓,臺北市,中山區,1994-12-19,explicit,1.0
國泰人壽保險股份有限公司,六福通訊處,104台北市中山區松江路152號4樓402室,臺北市,中山區,2009-03-01,explicit,1.0
國泰人壽保險股份有限公司,新興通訊處,104台北市中山區松江路192號11樓,臺北市,中山區,1994-11-15,explicit,1.0
國泰人壽保險股份有限公司,萬和通訊處,104台北市中山區松江路190號12樓,臺北市,中山區,1994-09-13,explicit,1.0
國泰人壽保險股份有限公司,輝陽通訊處,104台北市中山區南京東路二段6號6樓,臺北市,中山區,1996-08-08,explicit,1.0
國泰人壽保險股份有限公司,城北通訊處,105台北市松山區民生東路四段52號3樓B室,臺北市,松山區,1994-09-13,explicit,1.0
國泰人壽保險股份有限公司,崧勤通訊處,105台北市松山區民生東路四段52號5樓,臺北市,松山區,1978-12-05,explicit,1.0
國泰人壽保險股份有限公司,城駿通訊處,105台北市松山區南京東路四段126號3樓B2室,臺北市,松山區,2003-08-07,explicit,1.0
國泰人壽保險股份有限公司,震達通訊處,105台北市松山區民權東路三段181號5樓,臺北市,松山區,1994-09-13,explicit,1.0
國泰人壽保險股份有限公司,國豐通訊處,105台北市松山區民生東路四段52號3樓A室,臺北市,松山區,1994-12-19,explicit,1.0
國泰人壽保險股份有限公司,巨鼎通訊處,105台北市松山區民生東路四段52號4樓B室,臺北市,松山區,1994-09-13,explicit,1.0
國泰人壽保險股份有限公司,佳德通訊處,105台北市松山區南京東路五段387號6樓,臺北市,松山區,2015-04-23,explicit,1.0
國泰人壽保險股份有限公司,富凱通訊處,105台北市松山區南京東路四段126號2樓B室,臺北市,松山區,1995-01-23,explicit,1.0
國泰人壽保險股份有限公司,北城通訊處,105台北市松山區民生東路四段52號4樓,臺北市,松山區,1994-09-13,explicit,1.0
國泰人壽保險股份有限公司,忠孝通訊處,106台北市大安區忠孝東路四段230號10樓,臺北市,大安區,2002-10-29,explicit,1.0
國泰人壽保險股份有限公司,團險北一通訊處,106台北市大安區信義路四段236號11樓,臺北市,大安區,1994-09-13,explicit,1.0
國泰人壽保險股份有限公司,團險北二通訊處,106台北市大安區信義路四段236號11樓,臺北市,大安區,1994-09-13,explicit,1.0
國泰人壽保險股份有限公司,團險北三通訊處,106台北市大安區信義路四段236號11樓,臺北市,大安區,1994-12-19,explicit,1.0
國泰人壽保險股份有限公司,北一區部通訊處,106台北市信義路4段236號10樓,臺北市,大安區,2023-11-30,manual_override,1.0
國泰人壽保險股份有限公司,北四區部通訊處,106台北市大安區信義路四段236號10樓,臺北市,大安區,2023-11-30,explicit,1.0
國泰人壽保險股份有限公司,北東通訊處,106台北市大安區仁愛路四段357號3樓,臺北市,大安區,1978-12-05,explicit,1.0
國泰人壽保險股份有限公司,吉立通訊處,106台北市大安區辛亥路二段185號23樓A室,臺北市,大安區,1994-09-13,explicit,1.0
國泰人壽保險股份有限公司,信義通訊處,106台北市大安區仁愛路四段357號2樓,臺北市,大安區,1993-05-01,explicit,1.0
國泰人壽保險股份有限公司,昕陽通訊處,106台北市大安區忠孝東路四段230號12樓,臺北市,大安區,1994-12-19,explicit,1.0
國泰人壽保險股份有限公司,和平通訊處,106台北市大安區仁愛路四段357號2樓,臺北市,大安區,2024-03-21,explicit,1.0
國泰人壽保險股份有限公司,鴻億通訊處,106台北市大安區辛亥路二段185號22樓B室,臺北市,大安區,2007-08-06,explicit,1.0
國泰人壽保險股份有限公司,吉田通訊處,106台北市大安區辛亥路二段185號24樓A室,臺北市,大安區,1994-09-13,explicit,1.0
國泰人壽保險股份有限公司,台北電話行銷中心,106台北市大安區忠孝東路四段230號4樓,臺北市,大安區,2023-03-27,explicit,1.0
國泰人壽保險股份有限公司,匯豐通訊處,106台北市大安區辛亥路二段185號24樓B室,臺北市,大安區,1994-09-13,explicit,1.0
國泰人壽保險股份有限公司,盛陽通訊處,106台北市大安區忠孝東路四段230號8樓,臺北市,大安區,1999-01-14,explicit,1.0
國泰人壽保險股份有限公司,北三區部通訊處,104台北市中山區南京東路三段136號6樓,臺北市,中山區,2023-11-30,explicit,1.0
國泰人壽保險股份有限公司,萬華通訊處,108台北市萬華區昆明街77號9樓,臺北市,萬華區,1994-12-19,explicit,1.0
國泰人壽保險股份有限公司,龍山通訊處,108台北市萬華區昆明街77號8樓,臺北市,萬華區,2003-12-25,explicit,1.0
國泰人壽保險股份有限公司,萬龍通訊處,108台北市萬華區昆明街77號8樓,臺北市,萬華區,2025-07-01,explicit,1.0
國泰人壽保險股份有限公司,昌峰通訊處,110台北市信義區忠孝東路四段516號1樓,臺北市,信義區,1996-08-08,explicit,1.0
國泰人壽保險股份有限公司,陽明通訊處,112台北市北投區石牌路一段188號5樓,臺北市,北投區,1978-12-05,explicit,1.0
國泰人壽保險股份有限公司,北投通訊處,112台北市北投區中央北路二段335之2號5樓,臺北市,北投區,1989-07-01,explicit,1.0
國泰人壽保險股份有限公司,菁英通訊處,112台北市北投區中央北路二段335之2號4樓,臺北市,北投區,2023-11-30,explicit,1.0
國泰人壽保險股份有限公司,內湖通訊處,114台北市內湖區成功路五段460號4樓,臺北市,內湖區,1985-10-01,explicit,1.0
國泰人壽保險股份有限公司,東湖通訊處,114台北市內湖區成功路五段460號5樓,臺北市,內湖區,2010-01-11,explicit,1.0
國泰人壽保險股份有限公司,南港通訊處,115台北市南港區南港路三段52號3樓,臺北市,南港區,1980-01-10,explicit,1.0
國泰人壽保險股份有限公司,景美通訊處,116台北市文山區興隆路四段105巷42號6樓,臺北市,文山區,1978-12-05,explicit,1.0
國泰人壽保險股份有限公司,文山通訊處,116台北市文山區羅斯福路六段136號3樓,臺北市,文山區,1994-11-15,explicit,1.0
國泰人壽保險股份有限公司,鑫榮通訊處,116台北市文山區興隆路四段105巷42號4樓,臺北市,文山區,2025-07-01,explicit,1.0
國泰人壽保險股份有限公司,基瑞通訊處,201基隆市仁愛區仁一路281號2樓,基隆市,仁愛區,1991-05-01,explicit,1.0
國泰人壽保險股份有限公司,基市通訊處,202基隆市中正區義一路83號8樓,基隆市,中正區,1969-09-10,explicit,1.0
國泰人壽保險股份有限公司,基隆通訊處,202基隆市中正區義一路83號5樓,基隆市,中正區,1994-09-13,explicit,1.0
國泰人壽保險股份有限公司,隆盛通訊處,202基隆市中正區義一路83號3樓,基隆市,中正區,1994-11-15,explicit,1.0
國泰人壽保險股份有限公司,隆盛金山通訊處,208新北市金山區中山路96號,新北市,金山區,1989-07-01,explicit,1.0
國泰人壽保險股份有限公司,板橋通訊處,220新北市板橋區三民路一段216號5樓A室,新北市,板橋區,1994-09-13,explicit,1.0
國泰人壽保險股份有限公司,板泰通訊處,220新北市板橋區三民路一段216號4樓,新北市,板橋區,1994-09-13,explicit,1.0
國泰人壽保險股份有限公司,板成通訊處,220新北市板橋區三民路一段214號9樓,新北市,板橋區,1994-07-28,explicit,1.0
國泰人壽保險股份有限公司,板盛通訊處,220新北市板橋區三民路一段216號8樓,新北市,板橋區,1978-12-05,explicit,1.0
國泰人壽保險股份有限公司,北縣通訊處,220新北市板橋區三民路一段212號4樓B室,新北市,板橋區,1994-09-13,explicit,1.0
國泰人壽保險股份有限公司,板新通訊處,220新北市板橋區三民路一段212號5樓,新北市,板橋區,2005-10-20,explicit,1.0
國泰人壽保險股份有限公司,汐止通訊處,221新北市汐止區大同路二段196號9樓,新北市,汐止區,1989-07-01,explicit,1.0
國泰人壽保險股份有限公司,汐科通訊處,221新北市汐止區大同路二段196號10樓,新北市,汐止區,2012-12-17,explicit,1.0
國泰人壽保險股份有限公司,瑞芳通訊處,224新北市瑞芳區民生街23號3樓,新北市,瑞芳區,1989-07-01,explicit,1.0
國泰人壽保險股份有限公司,新店通訊處,231新北市新店區中正路190號14樓,新北市,新店區,1989-07-01,explicit,1.0
國泰人壽保險股份有限公司,鴻鑫通訊處,231新北市新店區中正路190號13樓,新北市,新店區,2024-11-28,explicit,1.0
國泰人壽保險股份有限公司,永和通訊處,234新北市中和區景安路50號12樓,新北市,中和區,1994-09-13,explicit,1.0
國泰人壽保險股份有限公司,正和通訊處,234新北市永和區中正路253號4樓,新北市,永和區,2002-10-29,explicit,1.0
國泰人壽保險股份有限公司,富群通訊處,235新北市中和區中正路279號6樓,新北市,中和區,1994-07-26,explicit,1.0
國泰人壽保險股份有限公司,昇曜通訊處,235新北市中和區中正路279號3樓,新北市,中和區,1989-07-01,explicit,1.0
國泰人壽保險股份有限公司,雙和通訊處,235新北市中和區中正路279號4樓,新北市,中和區,1996-08-08,explicit,1.0
國泰人壽保險股份有限公司,福和通訊處,235新北市中和區中正路279號5樓,新北市,中和區,2009-08-21,explicit,1.0
國泰人壽保險股份有限公司,海山通訊處,236新北市土城區金城路二段211號7樓,新北市,土城區,1981-06-12,explicit,1.0
國泰人壽保險股份有限公司,馥華通訊處,236新北市土城區金城路二段211號7樓,新北市,土城區,2025-12-04,explicit,1.0
國泰人壽保險股份有限公司,三峽通訊處,237新北市三峽區復興路261號1樓,新北市,三峽區,1978-12-05,explicit,1.0
國泰人壽保險股份有限公司,樹林通訊處,238新北市樹林區中山路一段217號7樓,新北市,樹林區,1999-01-14,explicit,1.0
國泰人壽保險股份有限公司,鶯歌通訊處,239新北市鶯歌區中山路319號,新北市,鶯歌區,1998-12-30,explicit,1.0
國泰人壽保險股份有限公司,新北通訊處,241新北市三重區重新路四段87號9樓,新北市,三重區,1969-08-19,explicit,1.0
國泰人壽保險股份有限公司,三重通訊處,241新北市三重區重新路四段89號6樓,新北市,三重區,1993-05-01,explicit,1.0
國泰人壽保險股份有限公司,重新通訊處,241新北市三重區重新路四段87號7樓,新北市,三重區,1998-12-30,explicit,1.0
國泰人壽保險股份有限公司,新莊通訊處,242新北市新莊區中正路316號4樓,新北市,新莊區,1981-06-12,explicit,1.0
國泰人壽保險股份有限公司,新泰通訊處,242新北市新莊區中正路389號8樓,新北市,新莊區,2005-12-05,explicit,1.0
國泰人壽保險股份有限公司,泰山通訊處,243新北市泰山區明志路一段108號4樓,新北市,泰山區,1989-07-01,explicit,1.0
國泰人壽保險股份有限公司,泰山林口通訊處,244新北市林口區中山路71號9樓,新北市,林口區,1989-07-01,explicit,1.0
國泰人壽保險股份有限公司,蘆洲通訊處,247新北市蘆洲區長榮路392號2樓,新北市,蘆洲區,2003-11-24,explicit,1.0
國泰人壽保險股份有限公司,五股通訊處,248新北市五股區中興路四段42號4樓,新北市,五股區,1991-05-01,explicit,1.0
國泰人壽保險股份有限公司,五股八里通訊處,249新北市八里區中山路二段341號2樓,新北市,八里區,1999-01-14,explicit,1.0
國泰人壽保險股份有限公司,淡水通訊處,251新北市淡水區學府路36號4樓之1,新北市,淡水區,1989-07-01,explicit,1.0
國泰人壽保險股份有限公司,淡水三芝通訊處,252新北市三芝區三民街1號2樓,新北市,三芝區,2020-02-27,explicit,1.0
國泰人壽保險股份有限公司,宜蘭通訊處,260宜蘭縣宜蘭市中山路三段217號6樓,宜蘭縣,宜蘭市,1978-12-05,explicit,1.0
國泰人壽保險股份有限公司,礁溪通訊處,260宜蘭縣宜蘭市中山路三段217號2樓,宜蘭縣,宜蘭市,1989-07-01,explicit,1.0
國泰人壽保險股份有限公司,宜市通訊處,260宜蘭縣宜蘭市宜興路二段33號6樓,宜蘭縣,宜蘭市,2013-12-30,explicit,1.0
國泰人壽保險股份有限公司,宜冠通訊處,260宜蘭縣宜蘭市中山路三段217號3樓,宜蘭縣,宜蘭市,2025-07-01,explicit,1.0
國泰人壽保險股份有限公司,宜興通訊處,260宜蘭縣宜蘭市中山路三段217號6樓,宜蘭縣,宜蘭市,2025-07-01,explicit,1.0
國泰人壽保險股份有限公司,東台區部通訊處,260宜蘭縣宜蘭市中山路三段217號7樓,宜蘭縣,宜蘭市,2024-03-21,explicit,1.0
國泰人壽保險股份有限公司,頭城通訊處,261宜蘭縣頭城鎮環鎮東路二段335號3樓,宜蘭縣,頭城鎮,2023-12-28,explicit,1.0
國泰人壽保險股份有限公司,羅東通訊處,265宜蘭縣羅東鎮公正路157號4樓,宜蘭縣,羅東鎮,1994-09-13,explicit,1.0
國泰人壽保險股份有限公司,蘭陽通訊處,265宜蘭縣羅東鎮純精路一段109號2樓,宜蘭縣,羅東鎮,1995-04-19,explicit,1.0
國泰人壽保險股份有限公司,宜分通訊處,265宜蘭縣羅東鎮公正路157號7樓,宜蘭縣,羅東鎮,2013-12-30,explicit,1.0
國泰人壽保險股份有限公司,羅勝通訊處,265宜蘭縣羅東鎮公正路157號8樓,宜蘭縣,羅東鎮,2025-07-01,explicit,1.0
國泰人壽保險股份有限公司,蘇澳通訊處,270宜蘭縣蘇澳鎮蘇港路195號4樓,宜蘭縣,蘇澳鎮,1985-10-01,explicit,1.0
國泰人壽保險股份有限公司,竹宏通訊處,300新竹市民族路150號5樓,新竹市,東區,1969-09-10,road_lookup,0.9
國泰人壽保險股份有限公司,竹勝通訊處,300新竹市中華路三段9號2樓之1,新竹市,北區,1994-09-13,road_lookup,0.9
國泰人壽保險股份有限公司,竹興通訊處,300新竹市中華路三段9號4樓之1,新竹市,北區,1978-12-05,road_lookup,0.9
國泰人壽保險股份有限公司,竹市通訊處,300新竹市民族路150號8樓,新竹市,東區,1994-09-13,road_lookup,0.9
國泰人壽保險股份有限公司,竹科通訊處,300新竹市中華路三段9號3樓之1,新竹市,北區,2009-03-01,road_lookup,0.9
國泰人壽保險股份有限公司,竹光通訊處,300新竹市英明街2號8樓,新竹市,北區,1995-04-19,road_lookup,0.9
國泰人壽保險股份有限公司,竹成通訊處,300新竹市民族路150號10樓,新竹市,東區,2003-08-07,road_lookup,0.9
國泰人壽保險股份有限公司,竹香通訊處,300新竹市英明街2號7樓,新竹市,北區,2010-01-11,road_lookup,0.9
國泰人壽保險股份有限公司,竹縣通訊處,302新竹縣竹北市三民路133號5樓,新竹縣,竹北市,1971-10-02,explicit,1.0
國泰人壽保險股份有限公司,竹北通訊處,302新竹縣竹北市三民路133號3樓,新竹縣,竹北市,1984-03-06,explicit,1.0
國泰人壽保險股份有限公司,科園通訊處,302新竹縣竹北市三民路133號4樓,新竹縣,竹北市,1989-07-01,explicit,1.0
國泰人壽保險股份有限公司,竹苗區部通訊處,351苗栗縣頭份市中華路1201號5樓,苗栗縣,頭份市,2023-11-30,explicit,1.0
國泰人壽保險股份有限公司,北湖通訊處,303新竹縣湖口鄉中正路二段119號1樓,新竹縣,湖口鄉,2020-05-21,explicit,1.0
國泰人壽保險股份有限公司,關西通訊處,306新竹縣關西鎮中興路5號8樓,新竹縣,關西鎮,1995-01-23,explicit,1.0
國泰人壽保險股份有限公司,竹東通訊處,310新竹縣竹東鎮中豐路二段300號4樓,新竹縣,竹東鎮,2003-10-17,explicit,1.0
國泰人壽保險股份有限公司,科東通訊處,310新竹縣竹東鎮中豐路二段300號4樓,新竹縣,竹東鎮,2025-04-01,explicit,1.0
國泰人壽保險股份有限公司,團險中壢通訊處,320桃園市中壢區延平路455號6樓,桃園市,中壢區,1994-09-13,explicit,1.0
國泰人壽保險股份有限公司,中壢通訊處,320桃園市中壢區中央西路一段120號19樓之3,桃園市,中壢區,1994-09-13,explicit,1.0
國泰人壽保險股份有限公司,內壢通訊處,320桃園市中壢區興農路125號6樓,桃園市,中壢區,1978-12-05,explicit,1.0
國泰人壽保險股份有限公司,吉民通訊處,320桃園市中壢區中央西路一段120號20之4,桃園市,中壢區,1994-11-15,explicit,1.0
國泰人壽保險股份有限公司,壢翔通訊處,320桃園市中壢區延平路455號3樓,桃園市,中壢區,1978-12-05,explicit,1.0
國泰人壽保險股份有限公司,平鎮通訊處,320桃園市中壢區中央東路88號12樓,桃園市,中壢區,1991-05-01,explicit,1.0
國泰人壽保險股份有限公司,立成通訊處,320桃園市中壢區延平路455號8樓,桃園市,中壢區,2016-12-01,explicit,1.0
國泰人壽保險股份有限公司,萬壢通訊處,320桃園市中壢區興農路125號5樓,桃園市,中壢區,1998-12-30,explicit,1.0
國泰人壽保險股份有限公司,年代通訊處,320桃園市中壢區中央西路一段120號17樓C室,桃園市,中壢區,2020-11-05,explicit,1.0
國泰人壽保險股份有限公司,壢揚通訊處,320桃園市中壢區中央西路一段120號17樓B室,桃園市,中壢區,2007-08-06,explicit,1.0
國泰人壽保險股份有限公司,龍潭通訊處,325桃園市龍潭區中正路471號5樓,桃園市,龍潭區,1989-07-01,explicit,1.0
國泰人壽保險股份有限公司,楊梅通訊處,326桃園市楊梅區中山北路二段192號6樓,桃園市,楊梅區,1978-12-05,explicit,1.0
國泰人壽保險股份有限公司,桃竹區部通訊處,326桃園市楊梅區中山北路二段192號2樓,桃園市,楊梅區,2023-11-30,explicit,1.0
國泰人壽保險股份有限公司,新屋通訊處,327桃園市新屋區中正路75號2樓,桃園市,新屋區,1989-07-01,explicit,1.0
國泰人壽保險股份有限公司,桃園區部通訊處,330桃園市桃園區中山路845號11樓,桃園市,桃園區,2023-11-30,explicit,1.0
國泰人壽保險股份有限公司,桃分通訊處,330桃園市桃園區復興路445號3樓,桃園市,桃園區,1969-09-10,explicit,1.0
國泰人壽保險股份有限公司,桃園通訊處,330桃園市桃園區中山路845號7樓B室,桃園市,桃園區,1978-12-05,explicit,1.0
國泰人壽保險股份有限公司,泰成通訊處,330桃園市桃園區中山路845號9樓C室,桃園市,桃園區,1994-09-13,explicit,1.0
國泰人壽保險股份有限公司,桃市通訊處,330桃園市桃園區中山路845號3樓,桃園市,桃園區,1994-07-26,explicit,1.0
國泰人壽保險股份有限公司,桃欣通訊處,330桃園市桃園區中山路845號5樓B室,桃園市,桃園區,1995-04-19,explicit,1.0
國泰人壽保險股份有限公司,吉利通訊處,330桃園市桃園區中山路845號12樓A2,桃園市,桃園區,1999-03-10,explicit,1.0
國泰人壽保險股份有限公司,國惠通訊處,330桃園市桃園區中山路845號6樓A室,桃園市,桃園區,2001-08-23,explicit,1.0
國泰人壽保險股份有限公司,駿翔通訊處,330桃園市桃園區中山路845號11樓B室,桃園市,桃園區,2007-08-06,explicit,1.0
國泰人壽保險股份有限公司,龜山通訊處,330桃園市桃園區萬壽路三段188號3、4樓,桃園市,桃園區,1989-07-01,explicit,1.0
國泰人壽保險股份有限公司,桃興通訊處,330桃園市桃園區中山路845號14樓,桃園市,桃園區,2009-03-01,explicit,1.0
國泰人壽保險股份有限公司,桃晟通訊處,330桃園市桃園區中山路845號15樓A室,桃園市,桃園區,2020-12-03,explicit,1.0
國泰人壽保險股份有限公司,北桃通訊處,330桃園市桃園區中山路845號3樓A室,桃園市,桃園區,2025-12-04,explicit,1.0
國泰人壽保險股份有限公司,百利通訊處,330桃園市桃園區中山路845號12樓,桃園市,桃園區,2025-12-04,explicit,1.0
國泰人壽保險股份有限公司,八德通訊處,334桃園市八德區力行街23號2樓,桃園市,八德區,1989-07-01,explicit,1.0
國泰人壽保險股份有限公司,德利通訊處,334桃園市八德區力行街23號2樓,桃園市,八德區,2004-04-24,explicit,1.0
國泰人壽保險股份有限公司,冠德通訊處,334桃園市八德區廣興路109巷19號,桃園市,八德區,2020-12-03,explicit,1.0
國泰人壽保險股份有限公司,大溪通訊處,335桃園市大溪鎮康莊路263號6樓,桃園市,大溪區,1978-12-05,explicit_legacy_name,0.95
國泰人壽保險股份有限公司,大園通訊處,337桃園市大園區中正東路103號3樓,桃園市,大園區,1989-07-01,explicit,1.0
國泰人壽保險股份有限公司,蘆竹通訊處,338桃園市蘆竹區南崁路一段83號14樓,桃園市,蘆竹區,2002-10-29,explicit,1.0
國泰人壽保險股份有限公司,嘉呈通訊處,338桃園市蘆竹區南崁路一段83號8樓之2,桃園市,蘆竹區,2024-11-28,explicit,1.0
國泰人壽保險股份有限公司,大展通訊處,350苗栗縣竹南鎮博愛街217號5樓,苗栗縣,竹南鎮,1996-08-08,explicit,1.0
國泰人壽保險股份有限公司,佳豐通訊處,350苗栗縣竹南鎮博愛街217號6樓,苗栗縣,竹南鎮,2014-03-20,explicit,1.0
國泰人壽保險股份有限公司,竹南通訊處,350苗栗縣竹南鎮竹南里20鄰博愛街217號4樓,苗栗縣,竹南鎮,2003-10-17,explicit,1.0
國泰人壽保險股份有限公司,頭份通訊處,351苗栗縣頭份市中華路1201號4樓,苗栗縣,頭份市,1994-09-13,explicit,1.0
國泰人壽保險股份有限公司,吉揚通訊處,351苗栗縣頭份市中華路1201號6樓,苗栗縣,頭份市,1994-09-13,explicit,1.0
國泰人壽保險股份有限公司,苗北通訊處,351苗栗縣頭份鎮中華路1201號3樓,苗栗縣,頭份市,1978-12-05,explicit_legacy_name,0.95
國泰人壽保險股份有限公司,後龍通訊處,356苗栗縣後龍鎮中龍里中華路153號7樓,苗栗縣,後龍鎮,1978-12-05,explicit,1.0
國泰人壽保險股份有限公司,通霄通訊處,357苗栗縣通霄鎮通西里12鄰中山路98號4樓,苗栗縣,通霄鎮,1994-09-13,explicit,1.0
國泰人壽保險股份有限公司,苗縣通訊處,360苗栗縣苗栗市中正路408號8樓,苗栗縣,苗栗市,1969-09-10,explicit,1.0
國泰人壽保險股份有限公司,苗栗通訊處,360苗栗縣苗栗市中正路408號5樓,苗栗縣,苗栗市,1994-09-13,explicit,1.0
國泰人壽保險股份有限公司,苗盛通訊處,360苗栗縣苗栗市中正路408號5樓,苗栗縣,苗栗市,2025-12-04,explicit,1.0
國泰人壽保險股份有限公司,中市通訊處,403台中市西區忠明南路499號B1,臺中市,西區,1969-07-28,explicit,1.0
國泰人壽保險股份有限公司,中信通訊處,403台中市西屯區朝富路213號12樓A1,臺中市,西屯區,1994-09-13,explicit,1.0
國泰人壽保險股份有限公司,中南通訊處,403台中市西區英才路530號30樓,臺中市,西區,1978-12-05,explicit,1.0
國泰人壽保險股份有限公司,中西通訊處,403台中市西區忠明南路497號B1,臺中市,西區,1994-09-13,explicit,1.0
國泰人壽保險股份有限公司,南屯通訊處,403台中市西區英才路530號31樓A室,臺中市,西區,2005-10-20,explicit,1.0
國泰人壽保險股份有限公司,長鴻通訊處,403台中市西區台灣大道2段573號8樓J室,臺中市,西區,2002-11-16,explicit,1.0
國泰人壽保險股份有限公司,文心通訊處,403台中市西區英才路530號31樓C室,臺中市,西區,2020-12-03,explicit,1.0
國泰人壽保險股份有限公司,中一區部通訊處,404台中市北區進化路581號17樓,臺中市,北區,2024-03-21,explicit,1.0
國泰人壽保險股份有限公司,團險台中通訊處,404台中市北區進化路581號14樓A室,臺中市,北區,1994-09-13,explicit,1.0
國泰人壽保險股份有限公司,台中區部通訊處,404台中市北區進化路581號9樓,臺中市,北區,2024-03-21,explicit,1.0
國泰人壽保險股份有限公司,中華通訊處,404台中市北區進化路581號11樓,臺中市,北區,1994-09-13,explicit,1.0
國泰人壽保險股份有限公司,中志通訊處,404台中市北區進化路581號13樓,臺中市,北區,1990-07-01,explicit,1.0
國泰人壽保險股份有限公司,台中電話行銷中心,403台中市西區英才路530號39樓之1,臺中市,西區,2007-09-01,explicit,1.0
國泰人壽保險股份有限公司,中利通訊處,404台中市北區進化路581號18樓,臺中市,北區,1994-07-28,explicit,1.0
國泰人壽保險股份有限公司,中美通訊處,404台中市北區進化路583號14樓,臺中市,北區,1994-11-15,explicit,1.0
國泰人壽保險股份有限公司,中一通訊處,404台中市北區進化路581號12樓,臺中市,北區,1996-08-08,explicit,1.0
國泰人壽保險股份有限公司,中北通訊處,404台中市北區進化路581號5樓,臺中市,北區,2002-10-29,explicit,1.0
國泰人壽保險股份有限公司,北屯通訊處,404台中市北區進化路581號4樓,臺中市,北區,1994-09-13,explicit,1.0
國泰人壽保險股份有限公司,立祥通訊處,404台中市北區進化路581號10樓,臺中市,北區,2001-08-23,explicit,1.0
國泰人壽保險股份有限公司,中俊通訊處,404台中市北區進化路581號3樓,臺中市,北區,2003-08-07,explicit,1.0
國泰人壽保險股份有限公司,中新通訊處,404台中市北區進化路581號6樓,臺中市,北區,2010-01-11,explicit,1.0
國泰人壽保險股份有限公司,中科通訊處,407台中市西屯區台灣大道四段859號2樓,臺中市,西屯區,2005-10-20,explicit,1.0
國泰人壽保險股份有限公司,永盛通訊處,403台中市西區台灣大道二段573號8樓C室,臺中市,西區,2026-06-18,explicit,1.0
國泰人壽保險股份有限公司,太平通訊處,411台中市太平區太平路483號4樓,臺中市,太平區,1993-05-01,explicit,1.0
國泰人壽保險股份有限公司,泰億通訊處,411台中市太平區太平路483號4樓,臺中市,太平區,2024-06-13,explicit,1.0
國泰人壽保險股份有限公司,霧峰通訊處,413台中市霧峰區中正路1070號5樓,臺中市,霧峰區,1978-12-05,explicit,1.0
國泰人壽保險股份有限公司,大里通訊處,413台中市霧峰區中正路1070號3樓,臺中市,霧峰區,2005-10-20,explicit,1.0
國泰人壽保險股份有限公司,大日通訊處,414台中市烏日區三民街179號3樓,臺中市,烏日區,1982-06-29,explicit,1.0
國泰人壽保險股份有限公司,豐鴻通訊處,420台中市豐原區圓環北路一段60號8樓,臺中市,豐原區,1969-09-10,explicit,1.0
國泰人壽保險股份有限公司,豐榮通訊處,420台中市豐原區圓環北路一段60號6樓,臺中市,豐原區,2004-09-18,explicit,1.0
國泰人壽保險股份有限公司,豐北通訊處,420台中市豐原區圓環北路一段60號3樓,臺中市,豐原區,1994-09-13,explicit,1.0
國泰人壽保險股份有限公司,豐原通訊處,420台中市豐原區圓環北路一段60號7樓,臺中市,豐原區,2003-08-07,explicit,1.0
國泰人壽保險股份有限公司,豐泰通訊處,420台中市豐原區圓環北路一段60號5樓,臺中市,豐原區,2023-11-30,explicit,1.0
國泰人壽保險股份有限公司,后里通訊處,421台中市后里區甲后路一段641號3樓,臺中市,后里區,1981-06-12,explicit,1.0
國泰人壽保險股份有限公司,東勢通訊處,423台中市東勢區中山路28號9樓,臺中市,東勢區,1990-07-01,explicit,1.0
國泰人壽保險股份有限公司,潭子通訊處,427台中市潭子區潭興路三段40號2樓,臺中市,潭子區,1999-01-14,explicit,1.0
國泰人壽保險股份有限公司,大雅通訊處,428台中市大雅區雅環路2段305號3樓,臺中市,大雅區,1989-07-01,explicit,1.0
國泰人壽保險股份有限公司,大龍通訊處,432台中市大肚區頂街里榮華街3號3樓,臺中市,大肚區,1978-12-05,explicit,1.0
國泰人壽保險股份有限公司,沙鹿通訊處,433台中市沙鹿區日新街70號,臺中市,沙鹿區,1994-12-19,explicit,1.0
國泰人壽保險股份有限公司,威泰通訊處,435台中市梧棲區台灣大道8段176號,臺中市,梧棲區,1978-12-05,explicit,1.0
國泰人壽保險股份有限公司,中港通訊處,436台中市清水區中山路155號3樓,臺中市,清水區,1994-09-13,explicit,1.0
國泰人壽保險股份有限公司,清水通訊處,436台中市清水區中山路155號5樓,臺中市,清水區,1978-12-05,explicit,1.0
國泰人壽保險股份有限公司,大甲通訊處,437台中市大甲區文武路2號7樓,臺中市,大甲區,1980-02-08,explicit,1.0
國泰人壽保險股份有限公司,富甲通訊處,437台中市大甲區文武路2號6樓,臺中市,大甲區,2024-11-28,explicit,1.0
國泰人壽保險股份有限公司,彰縣通訊處,500彰化縣彰化市中山路二段521號5樓,彰化縣,彰化市,1969-09-10,explicit,1.0
國泰人壽保險股份有限公司,彰泰通訊處,500彰化縣彰化市中山路二段521號7樓,彰化縣,彰化市,1994-07-28,explicit,1.0
國泰人壽保險股份有限公司,彰一通訊處,500彰化縣彰化市中山路二段521號8樓,彰化縣,彰化市,1994-11-15,explicit,1.0
國泰人壽保險股份有限公司,彰中通訊處,500彰化縣彰化市中山路二段521號6樓,彰化縣,彰化市,2007-08-06,explicit,1.0
國泰人壽保險股份有限公司,彰市通訊處,500彰化縣彰化市中山路二段521號4樓,彰化縣,彰化市,1978-12-05,explicit,1.0
國泰人壽保險股份有限公司,彰美通訊處,500彰化縣彰化市中山路二段521號10樓,彰化縣,彰化市,1995-04-19,explicit,1.0
國泰人壽保險股份有限公司,彰鑫通訊處,500彰化縣彰化市中山路二段681號5樓,彰化縣,彰化市,1994-12-19,explicit,1.0
國泰人壽保險股份有限公司,彰燿通訊處,500彰化縣彰化市中山路二段521號8樓,彰化縣,彰化市,2025-12-04,explicit,1.0
國泰人壽保險股份有限公司,鹿港通訊處,505彰化縣鹿港鎮復興路485號6樓,彰化縣,鹿港鎮,1984-03-06,explicit,1.0
國泰人壽保險股份有限公司,興秀通訊處,505彰化縣鹿港鎮復興路485號6樓,彰化縣,鹿港鎮,2023-11-30,explicit,1.0
國泰人壽保險股份有限公司,和美通訊處,508彰化縣和美鎮彰美路五段249巷9號4樓,彰化縣,和美鎮,1989-07-01,explicit,1.0
國泰人壽保險股份有限公司,和鑫通訊處,508彰化縣和美鎮彰美路五段249巷9號3樓,彰化縣,和美鎮,2025-07-01,explicit,1.0
國泰人壽保險股份有限公司,員林通訊處,510彰化縣員林市中山路二段269號4樓,彰化縣,員林市,1994-09-13,explicit,1.0
國泰人壽保險股份有限公司,員東通訊處,510彰化縣員林市中山路二段269號3樓,彰化縣,員林市,1994-09-13,explicit,1.0
國泰人壽保險股份有限公司,員新通訊處,510彰化縣員林市員東路二段498號7樓,彰化縣,員林市,1978-12-05,explicit,1.0
國泰人壽保險股份有限公司,員大通訊處,510彰化縣員林鎮員東路二段498號6樓,彰化縣,員林市,2002-11-16,explicit_legacy_name,0.95
國泰人壽保險股份有限公司,員泰通訊處,510彰化縣員林市中山路二段269號5樓,彰化縣,員林市,2024-11-28,explicit,1.0
國泰人壽保險股份有限公司,社頭通訊處,511彰化縣社頭鄉員集路二段555號3樓,彰化縣,社頭鄉,1978-12-05,explicit,1.0
國泰人壽保險股份有限公司,中部區部通訊處,514彰化縣溪湖鎮東環路555號7樓,彰化縣,溪湖鎮,2024-03-21,explicit,1.0
國泰人壽保險股份有限公司,溪湖通訊處,514彰化縣溪湖鎮東環路555號3樓,彰化縣,溪湖鎮,1982-06-29,explicit,1.0
國泰人壽保險股份有限公司,溪旺通訊處,514彰化縣溪湖鎮光平里東環路555號3樓,彰化縣,溪湖鎮,2025-07-01,explicit,1.0
國泰人壽保險股份有限公司,彰雲區部通訊處,514雲林縣虎尾鎮信義路67號2樓,雲林縣,虎尾鎮,2024-03-21,explicit,1.0
國泰人壽保險股份有限公司,北斗通訊處,521彰化縣北斗鎮中山路二段35號,彰化縣,北斗鎮,1978-12-05,explicit,1.0
國泰人壽保險股份有限公司,二林通訊處,526彰化縣二林鎮儒林路二段260號3樓,彰化縣,二林鎮,1981-06-12,explicit,1.0
國泰人壽保險股份有限公司,南投通訊處,540南投縣南投市三和三路13號5樓,南投縣,南投市,1978-12-05,explicit,1.0
國泰人壽保險股份有限公司,中興通訊處,540南投縣南投市向上路45號,南投縣,南投市,2017-08-01,explicit,1.0
國泰人壽保險股份有限公司,投縣通訊處,542南投縣草屯鎮中正路613號6樓,南投縣,草屯鎮,1969-09-01,explicit,1.0
國泰人壽保險股份有限公司,草屯通訊處,542南投縣草屯鎮中正路613號5樓,南投縣,草屯鎮,1993-05-01,explicit,1.0
國泰人壽保險股份有限公司,埔里通訊處,545南投縣埔里鎮中山路三段224號4樓,南投縣,埔里鎮,1978-12-05,explicit,1.0
國泰人壽保險股份有限公司,竹鴻水里通訊處,553南投縣水里鄉民族路277號4樓,南投縣,水里鄉,2021-07-01,explicit,1.0
國泰人壽保險股份有限公司,竹山通訊處,557南投縣竹山鎮集山路三段1146號5樓,南投縣,竹山鎮,1994-12-19,explicit,1.0
國泰人壽保險股份有限公司,竹鴻通訊處,557南投縣竹山鎮集山路三段1146號2樓,南投縣,竹山鎮,2003-10-17,explicit,1.0
國泰人壽保險股份有限公司,嘉南區部通訊處,600嘉義市中興路353號16樓,嘉義市,西區,2024-03-21,road_lookup,0.9
國泰人壽保險股份有限公司,嘉億通訊處,600嘉義市民族路246號5樓,嘉義市,東區,1969-07-28,road_lookup_scope,0.85
國泰人壽保險股份有限公司,嘉泰通訊處,600嘉義市東區民族路246號8樓,嘉義市,東區,1992-04-01,explicit,1.0
國泰人壽保險股份有限公司,嘉市通訊處,600嘉義市中興路353號5樓,嘉義市,西區,1994-09-13,road_lookup,0.9
國泰人壽保險股份有限公司,嘉新通訊處,600嘉義市中興路353號3樓,嘉義市,西區,1995-04-19,road_lookup,0.9
國泰人壽保險股份有限公司,嘉冠通訊處,600嘉義市中興路353號4樓,嘉義市,西區,2008-06-11,road_lookup,0.9
國泰人壽保險股份有限公司,竹崎通訊處,604嘉義縣竹崎鄉鹿滿村鹿鳴路59號2樓,嘉義縣,竹崎鄉,2022-05-19,explicit,1.0
國泰人壽保險股份有限公司,嘉縣通訊處,612嘉義縣太保市太保里太保58號3樓,嘉義縣,太保市,1994-11-15,explicit,1.0
國泰人壽保險股份有限公司,嘉曜通訊處,613嘉義縣朴子市八德路72號6樓,嘉義縣,朴子市,1985-07-01,explicit,1.0
國泰人壽保險股份有限公司,朴子通訊處,613嘉義縣朴子市八德路72號3樓,嘉義縣,朴子市,2004-04-24,explicit,1.0
國泰人壽保險股份有限公司,新港通訊處,616嘉義縣新港鄉登雲路111巷2號5樓,嘉義縣,新港鄉,2020-12-03,explicit,1.0
國泰人壽保險股份有限公司,民雄通訊處,621嘉義縣民雄鄉建國路一段211號6樓,嘉義縣,民雄鄉,1984-03-06,explicit,1.0
國泰人壽保險股份有限公司,大林通訊處,622嘉義縣大林鎮忠孝路613號3樓,嘉義縣,大林鎮,1978-12-05,explicit,1.0
國泰人壽保險股份有限公司,布袋通訊處,625嘉義縣布袋鎮興中里太平路120號之1,嘉義縣,布袋鎮,2021-12-02,explicit,1.0
國泰人壽保險股份有限公司,斗南通訊處,630雲林縣斗南鎮延平路二段368號3樓,雲林縣,斗南鎮,1989-07-01,explicit,1.0
國泰人壽保險股份有限公司,斗六通訊處,630雲林縣斗六市中山路89號7樓,雲林縣,斗六市,2024-11-28,explicit,1.0
國泰人壽保險股份有限公司,雲林通訊處,630雲林縣斗南鎮延平路二段368號3樓,雲林縣,斗南鎮,1984-02-20,explicit,1.0
國泰人壽保險股份有限公司,虎尾通訊處,632雲林縣虎尾鎮信義路67號6樓,雲林縣,虎尾鎮,1978-12-05,explicit,1.0
國泰人壽保險股份有限公司,台西通訊處,635雲林縣東勢鄉富農北路27號,雲林縣,東勢鄉,1989-07-01,explicit,1.0
國泰人壽保險股份有限公司,西螺通訊處,648雲林縣西螺鎮大同路58號3樓,雲林縣,西螺鎮,2023-11-30,explicit,1.0
國泰人壽保險股份有限公司,北港通訊處,651雲林縣北港鎮義民路80號2樓,雲林縣,北港鎮,1978-12-05,explicit,1.0
國泰人壽保險股份有限公司,台南區部通訊處,700台南市中西區西門路一段496號9樓A室,臺南市,中西區,2024-03-21,explicit,1.0
國泰人壽保險股份有限公司,團險台南通訊處,700台南市中西區西門路一段496號2樓A1室,臺南市,中西區,1994-12-19,explicit,1.0
國泰人壽保險股份有限公司,南泰通訊處,700台南市中西區西門路一段496號10樓A室,臺南市,中西區,1994-09-13,explicit,1.0
國泰人壽保險股份有限公司,南市通訊處,700台南市中西區西門路一段496號9樓B室,臺南市,中西區,1962-09-10,explicit,1.0
國泰人壽保險股份有限公司,南榮通訊處,700台南市中西區西門路一段496號5樓B室,臺南市,中西區,1994-09-13,explicit,1.0
國泰人壽保險股份有限公司,南輝通訊處,700台南市中西區西門路一段496號11樓B室,臺南市,中西區,1994-11-15,explicit,1.0
國泰人壽保險股份有限公司,南冠通訊處,700台南市中西區西門路一段496號3樓A室,臺南市,中西區,1978-12-05,explicit,1.0
國泰人壽保險股份有限公司,南天通訊處,700台南市中西區西門路一段496號8樓B室,臺南市,中西區,1999-01-14,explicit,1.0
國泰人壽保險股份有限公司,安南通訊處,700台南市中西區西門路二段389號4樓,臺南市,中西區,1994-11-15,explicit,1.0
國泰人壽保險股份有限公司,南翔通訊處,700台南市中西區西門路一段496號10樓B室,臺南市,中西區,2021-12-02,explicit,1.0
國泰人壽保險股份有限公司,逢甲通訊處,700台南市中西區西門路一段496號6樓A室,臺南市,中西區,1994-12-19,explicit,1.0
國泰人壽保險股份有限公司,長榮通訊處,700台南市中西區西門路一段496號7樓,臺南市,中西區,1996-08-08,explicit,1.0
國泰人壽保險股份有限公司,南華通訊處,700台南市中西區西門路一段496號3樓B室,臺南市,中西區,2023-11-02,explicit,1.0
國泰人壽保險股份有限公司,南一通訊處,700台南市中西區西門路一段496號6樓A室,臺南市,中西區,2024-11-28,explicit,1.0
國泰人壽保險股份有限公司,永康通訊處,710台南市永康區永大五路35號2樓,臺南市,永康區,1996-08-08,explicit,1.0
國泰人壽保險股份有限公司,新市通訊處,710台南市永康區永大五路35號5樓,臺南市,永康區,2011-03-24,explicit,1.0
國泰人壽保險股份有限公司,永新通訊處,710台南市永康區永大五路35號6樓,臺南市,永康區,2024-11-28,explicit,1.0
國泰人壽保險股份有限公司,仁德通訊處,711台南市歸仁區中山路一段312號5樓,臺南市,歸仁區,1978-12-05,explicit,1.0
國泰人壽保險股份有限公司,歸仁通訊處,711台南市歸仁區中山路一段312號7樓,臺南市,歸仁區,2004-04-24,explicit,1.0
國泰人壽保險股份有限公司,仁新通訊處,711台南市歸仁區中山路一段312號3樓,臺南市,歸仁區,2020-12-03,explicit,1.0
國泰人壽保險股份有限公司,新化通訊處,712台南市新化區中正路506號6樓,臺南市,新化區,1994-11-15,explicit,1.0
國泰人壽保險股份有限公司,南縣通訊處,712台南市新化區中正路506號3樓,臺南市,新化區,1978-12-05,explicit,1.0
國泰人壽保險股份有限公司,南縣玉井通訊處,714台南市玉井區中山路132號,臺南市,玉井區,1989-07-01,explicit,1.0
國泰人壽保險股份有限公司,麻豆通訊處,721台南市麻豆區新生北路1號3樓,臺南市,麻豆區,2020-12-03,explicit,1.0
國泰人壽保險股份有限公司,麻佳通訊處,722台南市佳里區進學路244號4樓,臺南市,佳里區,1994-09-13,explicit,1.0
國泰人壽保險股份有限公司,佳里通訊處,722台南市佳里區進學路244號2樓,臺南市,佳里區,2003-10-17,explicit,1.0
國泰人壽保險股份有限公司,佳西通訊處,722台南市佳里區進學路244號3樓,臺南市,佳里區,2016-06-01,explicit,1.0
國泰人壽保險股份有限公司,佳里學甲通訊處,726台南市學甲區建國路55號,臺南市,學甲區,1989-07-01,explicit,1.0
國泰人壽保險股份有限公司,新營通訊處,730台南市新營區中正路7號6樓,臺南市,新營區,1969-09-10,explicit,1.0
國泰人壽保險股份有限公司,白河通訊處,732台南市白河區三民路395號4樓,臺南市,白河區,1989-07-01,explicit,1.0
國泰人壽保險股份有限公司,鹽水通訊處,737台南市鹽水區行昌路9號,臺南市,鹽水區,2025-07-01,explicit,1.0
國泰人壽保險股份有限公司,善化通訊處,741台南市善化區大成路291號4樓,臺南市,善化區,1978-12-05,explicit,1.0
國泰人壽保險股份有限公司,兆基通訊處,800高雄市新興區七賢一路386號6樓,高雄市,新興區,1994-09-13,explicit,1.0
國泰人壽保險股份有限公司,高市通訊處,801高雄市前金區中華三路146號8樓A室,高雄市,前金區,1969-09-10,explicit,1.0
國泰人壽保險股份有限公司,復興通訊處,801高雄市前金區中華三路108號5樓,高雄市,前金區,1978-12-05,explicit,1.0
國泰人壽保險股份有限公司,高一區部通訊處,801高雄市前金區中華三路146號9樓B室,高雄市,前金區,2024-03-21,explicit,1.0
國泰人壽保險股份有限公司,團險高雄通訊處,801高雄市前金區中華三路146號10樓B室,高雄市,前金區,1994-12-19,explicit,1.0
國泰人壽保險股份有限公司,高華通訊處,801高雄市前金區中華三路146號10樓A室,高雄市,前金區,1994-09-13,explicit,1.0
國泰人壽保險股份有限公司,高南通訊處,801高雄市前金區中華三路146號5樓,高雄市,前金區,1978-12-05,explicit,1.0
國泰人壽保險股份有限公司,高暉通訊處,801高雄市前金區中華三路146號7樓A室,高雄市,前金區,1994-09-13,explicit,1.0
國泰人壽保險股份有限公司,鼓山通訊處,801高雄市前金區中華三路146號13樓,高雄市,前金區,1994-12-19,explicit,1.0
國泰人壽保險股份有限公司,高偉通訊處,801高雄市前金區中華三路146號11樓B室,高雄市,前金區,1994-09-13,explicit,1.0
國泰人壽保險股份有限公司,高一通訊處,801高雄市前金區中華三路108號4樓,高雄市,前金區,1994-09-13,explicit,1.0
國泰人壽保險股份有限公司,高銓通訊處,801高雄市前金區中華三路146號9樓A室,高雄市,前金區,1994-11-15,explicit,1.0
國泰人壽保險股份有限公司,高翔通訊處,801高雄市前金區中華三路108號6樓,高雄市,前金區,2007-08-06,explicit,1.0
國泰人壽保險股份有限公司,高強通訊處,801高雄市前金區中華三路146號8樓B室,高雄市,前金區,1994-12-19,explicit,1.0
國泰人壽保險股份有限公司,高雄區部通訊處,802高雄市苓雅區中正二路30號18樓,高雄市,苓雅區,2024-03-21,explicit,1.0
國泰人壽保險股份有限公司,國鼎通訊處,802高雄市苓雅區四維四路7號5樓,高雄市,苓雅區,1994-12-19,explicit,1.0
國泰人壽保險股份有限公司,前鎮通訊處,802高雄市苓雅區四維四路7號8樓,高雄市,苓雅區,1990-07-01,explicit,1.0
國泰人壽保險股份有限公司,苓雅通訊處,802高雄市苓雅區中正二路30號9樓,高雄市,苓雅區,1999-01-14,explicit,1.0
國泰人壽保險股份有限公司,雅泰通訊處,802高雄市苓雅區中正二路30號10樓,高雄市,苓雅區,2024-06-13,explicit,1.0
國泰人壽保險股份有限公司,聯合通訊處,803高雄市鹽埕區大勇路106號10樓,高雄市,鹽埕區,1994-09-13,explicit,1.0
國泰人壽保險股份有限公司,鹽埕通訊處,803高雄市鹽埕區大勇路106號9樓,高雄市,鹽埕區,2002-10-29,explicit,1.0
國泰人壽保險股份有限公司,高立通訊處,803高雄市鹽埕區大勇路106號6樓,高雄市,鹽埕區,1996-08-08,explicit,1.0
國泰人壽保險股份有限公司,高雄電話行銷中心,807高雄市三民區九如一路502號11樓,高雄市,三民區,2006-01-01,explicit,1.0
國泰人壽保險股份有限公司,高北通訊處,807高雄市三民區博愛一路372號3樓,高雄市,三民區,1978-12-05,explicit,1.0
國泰人壽保險股份有限公司,高欣通訊處,807高雄市三民區博愛一路372號4樓,高雄市,三民區,2022-02-24,explicit,1.0
國泰人壽保險股份有限公司,左楠通訊處,811高雄市楠梓區盛昌街217號3樓,高雄市,楠梓區,1989-07-01,explicit,1.0
國泰人壽保險股份有限公司,小港通訊處,812高雄市小港區漢民路381號3樓,高雄市,小港區,1989-07-01,explicit,1.0
國泰人壽保險股份有限公司,三民通訊處,813高雄市左營區博愛三路12號5樓,高雄市,左營區,1994-12-19,explicit,1.0
國泰人壽保險股份有限公司,仁武通訊處,814高雄市仁武區仁孝路536號4樓,高雄市,仁武區,1989-07-01,explicit,1.0
國泰人壽保險股份有限公司,北高通訊處,820高雄市岡山區中山北路28號9樓,高雄市,岡山區,1969-09-10,explicit,1.0
國泰人壽保險股份有限公司,高晟通訊處,820高雄市岡山區中山北路28號7樓,高雄市,岡山區,1994-09-13,explicit,1.0
國泰人壽保險股份有限公司,岡山通訊處,820高雄市岡山區中山北路28號10樓,高雄市,岡山區,1994-09-13,explicit,1.0
國泰人壽保險股份有限公司,高豐通訊處,820高雄市岡山區中山北路28號5樓,高雄市,岡山區,2020-12-03,explicit,1.0
國泰人壽保險股份有限公司,高鼎通訊處,820高雄市岡山區中山北路28號11樓,高雄市,岡山區,2024-05-16,explicit,1.0
國泰人壽保險股份有限公司,路竹通訊處,821高雄市路竹區中山路1187號6樓,高雄市,路竹區,1994-12-19,explicit,1.0
國泰人壽保險股份有限公司,高科通訊處,821高雄市路竹區中山路1187號5樓,高雄市,路竹區,1978-12-05,explicit,1.0
國泰人壽保險股份有限公司,高科阿蓮通訊處,822高雄市阿蓮區民生路133號,高雄市,阿蓮區,1990-10-01,explicit,1.0
國泰人壽保險股份有限公司,鳳興通訊處,830高雄市鳳山區光復路65號7樓,高雄市,鳳山區,1994-09-13,explicit,1.0
國泰人壽保險股份有限公司,鳳山通訊處,830高雄市鳳山區經武路6號6樓,高雄市,鳳山區,1978-12-05,explicit,1.0
國泰人壽保險股份有限公司,鳳揚通訊處,830高雄市鳳山區光復路65號8樓,高雄市,鳳山區,2006-12-11,explicit,1.0
國泰人壽保險股份有限公司,鳳北通訊處,830高雄市鳳山區光復路65號2樓,高雄市,鳳山區,1994-11-15,explicit,1.0
國泰人壽保險股份有限公司,鳳誠通訊處,830高雄市鳳山區經武路6號3樓,高雄市,鳳山區,2024-06-13,explicit,1.0
國泰人壽保險股份有限公司,大發通訊處,830高雄市鳳山區光復路65號6樓,高雄市,鳳山區,1994-12-19,explicit,1.0
國泰人壽保險股份有限公司,高鳳通訊處,830高雄市鳳山區經武路6號5樓,高雄市,鳳山區,2006-12-11,explicit,1.0
國泰人壽保險股份有限公司,佳宏通訊處,832高雄市林園區鳳林路一段1號6樓,高雄市,林園區,2001-08-23,explicit,1.0
國泰人壽保險股份有限公司,林園通訊處,832高雄市林園區鳳林路一段1號4樓,高雄市,林園區,2021-12-02,explicit,1.0
國泰人壽保險股份有限公司,旗山通訊處,842高雄市旗山區延平一路200號5樓,高雄市,旗山區,1978-12-05,explicit,1.0
國泰人壽保險股份有限公司,茄萣通訊處,852高雄市茄萣區仁愛路二段102號4樓,高雄市,茄萣區,2024-06-13,explicit,1.0
國泰人壽保險股份有限公司,澎湖通訊處,880澎湖縣馬公市陽明路2號1樓,澎湖縣,馬公市,1970-03-15,explicit,1.0
國泰人壽保險股份有限公司,雙和金門通訊處,893金門縣金城鎮民權路160號6樓,金門縣,金城鎮,1993-08-20,explicit,1.0
國泰人壽保險股份有限公司,日紘通訊處,900屏東縣屏東市濟南街10號4樓,屏東縣,屏東市,1969-09-10,explicit,1.0
國泰人壽保險股份有限公司,屏東通訊處,900屏東縣屏東市濟南街10號6樓,屏東縣,屏東市,1994-09-13,explicit,1.0
國泰人壽保險股份有限公司,屏市通訊處,900屏東縣屏東市中正路152號5樓,屏東縣,屏東市,1993-05-01,explicit,1.0
國泰人壽保險股份有限公司,屏南通訊處,900屏東縣屏東市濟南街10號5樓,屏東縣,屏東市,1994-12-19,explicit,1.0
國泰人壽保險股份有限公司,屏新通訊處,900屏東縣屏東市中正路152號3樓,屏東縣,屏東市,2000-04-27,explicit,1.0
國泰人壽保險股份有限公司,屏耀通訊處,900屏東縣屏東市中正路152號6樓,屏東縣,屏東市,2019-07-11,explicit,1.0
國泰人壽保險股份有限公司,高屏區部通訊處,905屏東縣里港鄉永春村中山路102號6樓,屏東縣,里港鄉,2024-03-21,explicit,1.0
國泰人壽保險股份有限公司,里港通訊處,905屏東縣里港鄉春林村中山路102號5樓,屏東縣,里港鄉,1978-12-05,explicit,1.0
國泰人壽保險股份有限公司,群熠通訊處,905屏東縣里港鄉春林村中山路102號3樓,屏東縣,里港鄉,2024-11-28,explicit,1.0
國泰人壽保險股份有限公司,開揚通訊處,912屏東縣內埔鄉東寧村自強路56號,屏東縣,內埔鄉,2024-11-28,explicit,1.0
國泰人壽保險股份有限公司,萬丹通訊處,913屏東縣萬丹鄉萬丹路一段362號2樓,屏東縣,萬丹鄉,1978-12-05,explicit,1.0
國泰人壽保險股份有限公司,潮州通訊處,920屏東縣潮州鎮延平路142號4樓,屏東縣,潮州鎮,1994-11-15,explicit,1.0
國泰人壽保險股份有限公司,晁揚通訊處,920屏東縣潮州鎮延平路142號2樓,屏東縣,潮州鎮,2003-10-17,explicit,1.0
國泰人壽保險股份有限公司,潮新通訊處,920屏東縣潮州鎮延平路142號6樓,屏東縣,潮州鎮,2005-10-20,explicit,1.0
國泰人壽保險股份有限公司,東港通訊處,928屏東縣東港鎮中山路7號5樓,屏東縣,東港鎮,1994-09-13,explicit,1.0
國泰人壽保險股份有限公司,東隆通訊處,928屏東縣東港鎮中山路7號4樓,屏東縣,東港鎮,1978-12-05,explicit,1.0
國泰人壽保險股份有限公司,東昇通訊處,928屏東縣東港鎮新勝里新勝街105號5樓,屏東縣,東港鎮,2007-08-06,explicit,1.0
國泰人壽保險股份有限公司,東隆琉球通訊處,929屏東縣琉球鄉中福村福德路61號,屏東縣,琉球鄉,1989-07-01,explicit,1.0
國泰人壽保險股份有限公司,新園通訊處,932屏東縣新園鄉興龍村臥龍路4號3樓,屏東縣,新園鄉,1994-12-19,explicit,1.0
國泰人壽保險股份有限公司,枋寮通訊處,940屏東縣枋寮鄉人和村建興路357號,屏東縣,枋寮鄉,1978-12-05,explicit,1.0
國泰人壽保險股份有限公司,恆泰通訊處,946屏東縣恆春鎮省北路37號2樓,屏東縣,恆春鎮,2024-11-28,explicit,1.0
國泰人壽保險股份有限公司,台東通訊處,950台東縣台東市四維路二段630號3樓,臺東縣,臺東市,1994-09-13,explicit,1.0
國泰人壽保險股份有限公司,東分通訊處,950台東縣台東市四維路二段630號2樓,臺東縣,臺東市,1970-03-15,explicit,1.0
國泰人壽保險股份有限公司,東分關山通訊處,956台東縣關山鎮中山路77號,臺東縣,關山鎮,1999-01-14,explicit,1.0
國泰人壽保險股份有限公司,台東成功通訊處,961台東縣成功鎮五權路128號,臺東縣,成功鎮,1989-07-01,explicit,1.0
國泰人壽保險股份有限公司,東分太麻里通訊處,963台東縣太麻里鄉外環路72號,臺東縣,太麻里鄉,1999-01-14,explicit,1.0
國泰人壽保險股份有限公司,花蓮通訊處,970花蓮縣花蓮市國聯一路41號5樓,花蓮縣,花蓮市,1994-12-19,explicit,1.0
國泰人壽保險股份有限公司,花分通訊處,970花蓮縣花蓮市中山路207號5樓,花蓮縣,花蓮市,2013-12-30,explicit,1.0
國泰人壽保險股份有限公司,美侖通訊處,970花蓮縣花蓮市中山路207號7樓,花蓮縣,花蓮市,2023-07-13,explicit,1.0
國泰人壽保險股份有限公司,花冠通訊處,970花蓮縣花蓮市國聯一路41號9樓,花蓮縣,花蓮市,2025-12-04,explicit,1.0
國泰人壽保險股份有限公司,花縣通訊處,975花蓮縣鳳林鎮信義路117號2樓,花蓮縣,鳳林鎮,1978-12-05,explicit,1.0
國泰人壽保險股份有限公司,玉里通訊處,981花蓮縣玉里鎮仁愛路一段78號2樓,花蓮縣,玉里鎮,1981-06-12,explicit,1.0
富邦人壽保險股份有限公司,邦旺通訊處,(202001)基隆市中正區義一路43號2樓,基隆市,中正區,2014-09-18,explicit,1.0
富邦人壽保險股份有限公司,邦雄通訊處,(202001)基隆市中正區義一路43號3樓,基隆市,中正區,2009-06-01,explicit,1.0
富邦人壽保險股份有限公司,邦雄二通訊處,(202001)基隆市中正區義一路43號3樓,基隆市,中正區,2026-07-28,explicit,1.0
富邦人壽保險股份有限公司,邦州通訊處,(202001)基隆市中正區義一路43號3樓,基隆市,中正區,2023-10-26,explicit,1.0
富邦人壽保險股份有限公司,邦躍通訊處,(202001)基隆市中正區義一路43號3樓,基隆市,中正區,2017-06-20,explicit,1.0
富邦人壽保險股份有限公司,富皇通訊處,(100405)台北市中正區忠孝西路一段6號12樓,臺北市,中正區,2004-12-26,explicit,1.0
富邦人壽保險股份有限公司,富仙通訊處,(104471)台北市中山區建國北路二段236號15樓,臺北市,中山區,2000-06-26,explicit,1.0
富邦人壽保險股份有限公司,富宣通訊處,(100417)台北市中正區襄陽路9號4樓,臺北市,中正區,2009-06-01,explicit,1.0
富邦人壽保險股份有限公司,富宣一通訊處,(100417)台北市中正區襄陽路9號4樓,臺北市,中正區,2025-12-27,explicit,1.0
富邦人壽保險股份有限公司,富翊通訊處,(100417)台北市中正區襄陽路9號4樓,臺北市,中正區,2016-06-16,explicit,1.0
富邦人壽保險股份有限公司,富真通訊處,(100417)台北市中正區襄陽路9號6樓,臺北市,中正區,2009-06-01,explicit,1.0
富邦人壽保險股份有限公司,富有通訊處,(100417)台北市中正區襄陽路9號6樓,臺北市,中正區,2009-06-01,explicit,1.0
富邦人壽保險股份有限公司,富國通訊處,(100417)台北市中正區襄陽路9號9樓,臺北市,中正區,2009-06-01,explicit,1.0
富邦人壽保險股份有限公司,富國二通訊處,(100417)台北市中正區襄陽路9號9樓,臺北市,中正區,2026-01-27,explicit,1.0
富邦人壽保險股份有限公司,富琦通訊處,(100417)台北市中正區襄陽路9號9樓,臺北市,中正區,2009-06-01,explicit,1.0
富邦人壽保險股份有限公司,富襄通訊處,(100417)台北市中正區襄陽路9號6樓,臺北市,中正區,2019-12-03,explicit,1.0
富邦人壽保險股份有限公司,富達通訊處,(100417)台北市中正區襄陽路9號10樓A區,臺北市,中正區,2015-01-08,explicit,1.0
富邦人壽保險股份有限公司,富達一通訊處,(100417)台北市中正區襄陽路9號10樓A區,臺北市,中正區,2026-03-26,explicit,1.0
富邦人壽保險股份有限公司,富漾通訊處,(100417)台北市中正區襄陽路9號12樓,臺北市,中正區,2016-02-22,explicit,1.0
富邦人壽保險股份有限公司,富白通訊處,(100417)台北市中正區襄陽路9號12樓,臺北市,中正區,2017-03-22,explicit,1.0
富邦人壽保險股份有限公司,富貴通訊處,(100417)台北市中正區襄陽路9號16樓B區,臺北市,中正區,1999-08-26,explicit,1.0
富邦人壽保險股份有限公司,富六通訊處,(100417)台北市中正區襄陽路9號16樓B區,臺北市,中正區,2017-12-26,explicit,1.0
富邦人壽保險股份有限公司,整銷北一通訊處,(100024)台北市中正區杭州南路一段19號6樓,臺北市,中正區,2014-02-26,explicit,1.0
富邦人壽保險股份有限公司,富行通訊處,(104075)台北市中山區南京東路二段139號10樓之1,臺北市,中山區,2016-06-16,explicit,1.0
富邦人壽保險股份有限公司,富律通訊處,(104075)台北市中山區南京東路二段139號3樓之1,臺北市,中山區,2019-07-01,explicit,1.0
富邦人壽保險股份有限公司,富將通訊處,(104075)台北市中山區南京東路二段139號7樓之2,臺北市,中山區,2016-11-28,explicit,1.0
富邦人壽保險股份有限公司,富旭通訊處,(104075)台北市中山區南京東路二段139號7樓之2,臺北市,中山區,2021-01-21,explicit,1.0
富邦人壽保險股份有限公司,富方通訊處,(104075)台北市中山區南京東路二段139號4樓,臺北市,中山區,1998-12-26,explicit,1.0
富邦人壽保險股份有限公司,富耘通訊處,(104075)台北市中山區南京東路二段139號4樓,臺北市,中山區,2020-06-30,explicit,1.0
富邦人壽保險股份有限公司,富耀通訊處,(104075)台北市中山區南京東路二段139號7樓之1,臺北市,中山區,1993-11-26,explicit,1.0
富邦人壽保險股份有限公司,富翁通訊處,(104075)台北市中山區南京東路二段139號3樓之2,臺北市,中山區,1990-11-26,explicit,1.0
富邦人壽保險股份有限公司,富瀚通訊處,(104075)台北市中山區南京東路二段139號7樓之3,臺北市,中山區,2014-10-21,explicit,1.0
富邦人壽保險股份有限公司,富獻通訊處,(104075)台北市中山區南京東路二段139號7樓之3,臺北市,中山區,2018-04-02,explicit,1.0
富邦人壽保險股份有限公司,富道通訊處,(104075)台北市中山區南京東路二段139號8樓之2,臺北市,中山區,2023-05-26,explicit,1.0
富邦人壽保險股份有限公司,富平通訊處,(110407)台北市信義區基隆路一段210號6樓,臺北市,信義區,2023-06-27,explicit,1.0
富邦人壽保險股份有限公司,富寬通訊處,(104075)台北市中山區南京東路二段139號8樓之3,臺北市,中山區,1998-03-26,explicit,1.0
富邦人壽保險股份有限公司,富揚通訊處,(104075)台北市中山區南京東路二段139號9樓之1,臺北市,中山區,1994-12-26,explicit,1.0
富邦人壽保險股份有限公司,富源通訊處,(104075)台北市中山區南京東路二段139號9樓之2,臺北市,中山區,1995-12-26,explicit,1.0
富邦人壽保險股份有限公司,富源二通訊處,(104075)台北市中山區南京東路二段139號9樓之2,臺北市,中山區,2025-09-26,explicit,1.0
富邦人壽保險股份有限公司,富航通訊處,(104075)台北市中山區南京東路二段139號9樓之2,臺北市,中山區,2018-11-27,explicit,1.0
富邦人壽保險股份有限公司,花莘通訊處,(104471)台北市中山區建國北路二段196號3樓,臺北市,中山區,2016-02-15,explicit,1.0
富邦人壽保險股份有限公司,花漾通訊處,(104471)台北市中山區建國北路二段196號3樓,臺北市,中山區,2009-08-31,explicit,1.0
富邦人壽保險股份有限公司,花權通訊處,(104471)台北市中山區建國北路二段196號4樓,臺北市,中山區,2009-06-01,explicit,1.0
富邦人壽保險股份有限公司,花權二通訊處,(104471)台北市中山區建國北路二段196號4樓,臺北市,中山區,2025-12-27,explicit,1.0
富邦人壽保險股份有限公司,花鯉通訊處,(104471)台北市中山區建國北路二段196號5樓,臺北市,中山區,2015-01-08,explicit,1.0
富邦人壽保險股份有限公司,花米通訊處,(104471)台北市中山區建國北路二段196號5樓,臺北市,中山區,2009-06-01,explicit,1.0
富邦人壽保險股份有限公司,花宸通訊處,(104471)台北市中山區建國北路二段196號5樓,臺北市,中山區,2009-06-01,explicit,1.0
富邦人壽保險股份有限公司,富正通訊處,(104471)台北市中山區建國北路二段196號6樓A區,臺北市,中山區,2012-02-14,explicit,1.0
富邦人壽保險股份有限公司,花懿通訊處,(104471)台北市中山區建國北路二段196號7樓,臺北市,中山區,2012-04-17,explicit,1.0
富邦人壽保險股份有限公司,富決通訊處,(104471)台北市中山區建國北路二段196號7樓之1,臺北市,中山區,2018-04-17,explicit,1.0
富邦人壽保險股份有限公司,富決一通訊處,(104471)台北市中山區建國北路二段196號7樓之1,臺北市,中山區,2025-07-26,explicit,1.0
富邦人壽保險股份有限公司,花岳通訊處,(104471)台北市中山區建國北路二段196號8樓之2,臺北市,中山區,2012-03-12,explicit,1.0
富邦人壽保險股份有限公司,富東通訊處,(104471)台北市中山區建國北路二段196號8樓之2,臺北市,中山區,2016-09-02,explicit,1.0
富邦人壽保險股份有限公司,富全通訊處,(104471)台北市中山區建國北路二段236號3樓,臺北市,中山區,1997-12-26,explicit,1.0
富邦人壽保險股份有限公司,富景通訊處,(104471)台北市中山區建國北路二段236號15樓,臺北市,中山區,2001-12-16,explicit,1.0
富邦人壽保險股份有限公司,富初通訊處,(104471)台北市中山區建國北路二段236號4樓,臺北市,中山區,2017-01-16,explicit,1.0
富邦人壽保險股份有限公司,富穗通訊處,(104471)台北市中山區建國北路二段236號4樓,臺北市,中山區,2026-03-26,explicit,1.0
富邦人壽保險股份有限公司,富穗一通訊處,(104471)台北市中山區建國北路二段236號4樓,臺北市,中山區,2025-11-26,explicit,1.0
富邦人壽保險股份有限公司,富享通訊處,(104471)台北市中山區建國北路二段236號11樓,臺北市,中山區,2024-12-26,explicit,1.0
富邦人壽保險股份有限公司,富享一通訊處,(104471)台北市中山區建國北路二段236號11樓,臺北市,中山區,2025-01-25,explicit,1.0
富邦人壽保險股份有限公司,富九通訊處,(104471)台北市中山區建國北路二段236號14樓,臺北市,中山區,2019-09-18,explicit,1.0
富邦人壽保險股份有限公司,富悅通訊處,(104471)台北市中山區建國北路二段236號14樓,臺北市,中山區,2024-08-27,explicit,1.0
富邦人壽保險股份有限公司,富九二通訊處,(104471)台北市中山區建國北路二段236號14樓,臺北市,中山區,2025-04-26,explicit,1.0
富邦人壽保險股份有限公司,富可通訊處,(104471)台北市中山區建國北路二段238號4樓,臺北市,中山區,2000-09-26,explicit,1.0
富邦人壽保險股份有限公司,富川通訊處,(104471)台北市中山區建國北路二段238號4樓,臺北市,中山區,2018-12-03,explicit,1.0
富邦人壽保險股份有限公司,富川一通訊處,(104471)台北市中山區建國北路二段238號4樓,臺北市,中山區,2025-07-26,explicit,1.0
富邦人壽保險股份有限公司,富派通訊處,(104471)台北市中山區建國北路二段238號4樓,臺北市,中山區,2019-08-27,explicit,1.0
富邦人壽保險股份有限公司,富生通訊處,(104471)台北市中山區建國北路二段238號4樓,臺北市,中山區,2023-11-28,explicit,1.0
富邦人壽保險股份有限公司,富略通訊處,(104471)台北市中山區建國北路二段236號5樓,臺北市,中山區,2016-02-15,explicit,1.0
富邦人壽保險股份有限公司,富略一通訊處,(104471)台北市中山區建國北路二段236號5樓,臺北市,中山區,2025-08-26,explicit,1.0
富邦人壽保險股份有限公司,富策通訊處,(104471)台北市中山區建國北路二段236號5樓,臺北市,中山區,2008-12-26,explicit,1.0
富邦人壽保險股份有限公司,富策二通訊處,(104471)台北市中山區建國北路二段236號5樓,臺北市,中山區,2025-08-26,explicit,1.0
富邦人壽保險股份有限公司,富策三通訊處,(104471)台北市中山區建國北路二段236號5樓,臺北市,中山區,2025-12-27,explicit,1.0
富邦人壽保險股份有限公司,富也通訊處,(104471)台北市中山區建國北路二段238號5樓,臺北市,中山區,1999-12-26,explicit,1.0
富邦人壽保險股份有限公司,富鴻通訊處,(104471)台北市中山區建國北路二段236號6樓,臺北市,中山區,1999-10-16,explicit,1.0
富邦人壽保險股份有限公司,富傢通訊處,(104471)台北市中山區建國北路二段236號6樓,臺北市,中山區,2020-08-27,explicit,1.0
富邦人壽保險股份有限公司,富璇通訊處,(104471)台北市中山區建國北路二段236號6樓,臺北市,中山區,2016-06-21,explicit,1.0
富邦人壽保險股份有限公司,富璇一通訊處,(104471)台北市中山區建國北路二段236號6樓,臺北市,中山區,2025-05-27,explicit,1.0
富邦人壽保險股份有限公司,富宅通訊處,(104471)台北市中山區建國北路二段238號6樓,臺北市,中山區,2001-11-16,explicit,1.0
富邦人壽保險股份有限公司,富碩通訊處,(104471)台北市中山區建國北路二段238號6樓,臺北市,中山區,2018-08-28,explicit,1.0
富邦人壽保險股份有限公司,富頤通訊處,(104471)台北市中山區建國北路二段236號7樓,臺北市,中山區,1999-09-16,explicit,1.0
富邦人壽保險股份有限公司,富騰通訊處,(104471)台北市中山區建國北路二段236號7樓,臺北市,中山區,1994-09-26,explicit,1.0
富邦人壽保險股份有限公司,富貿通訊處,(104471)台北市中山區建國北路二段236號7樓,臺北市,中山區,2017-09-25,explicit,1.0
富邦人壽保險股份有限公司,富商通訊處,(104471)台北市中山區建國北路二段238號10樓,臺北市,中山區,2017-05-08,explicit,1.0
富邦人壽保險股份有限公司,富胤通訊處,(104471)台北市中山區建國北路二段236號8樓,臺北市,中山區,2013-06-06,explicit,1.0
富邦人壽保險股份有限公司,富胤二通訊處,(104471)台北市中山區建國北路二段236號8樓,臺北市,中山區,2025-04-26,explicit,1.0
富邦人壽保險股份有限公司,富胤三通訊處,(104471)台北市中山區建國北路二段236號8樓,臺北市,中山區,2025-09-26,explicit,1.0
富邦人壽保險股份有限公司,富棠通訊處,(104471)台北市中山區建國北路二段238號8樓,臺北市,中山區,2018-08-28,explicit,1.0
富邦人壽保險股份有限公司,富永通訊處,(104471)台北市中山區建國北路二段238號15樓,臺北市,中山區,1998-12-16,explicit,1.0
富邦人壽保險股份有限公司,富永二通訊處,(104471)台北市中山區建國北路二段238號15樓,臺北市,中山區,2025-01-25,explicit,1.0
富邦人壽保險股份有限公司,富永三通訊處,(104471)台北市中山區建國北路二段238號15樓,臺北市,中山區,2025-01-25,explicit,1.0
富邦人壽保險股份有限公司,富果通訊處,(104471)台北市中山區建國北路二段238號11樓,臺北市,中山區,2014-01-13,explicit,1.0
富邦人壽保險股份有限公司,富璨通訊處,(104471)台北市中山區建國北路二段236號9樓,臺北市,中山區,2013-03-18,explicit,1.0
富邦人壽保險股份有限公司,富碼通訊處,(104471)台北市中山區建國北路二段236號9樓,臺北市,中山區,2018-04-02,explicit,1.0
富邦人壽保險股份有限公司,富綵通訊處,(104471)台北市中山區建國北路二段236號9樓,臺北市,中山區,2018-11-27,explicit,1.0
富邦人壽保險股份有限公司,富德通訊處,(104471)台北市中山區建國北路二段238號9樓,臺北市,中山區,2010-04-14,explicit,1.0
富邦人壽保險股份有限公司,富則通訊處,(104471)台北市中山區建國北路二段236號10樓,臺北市,中山區,2014-03-14,explicit,1.0
富邦人壽保險股份有限公司,富則六通訊處,(104471)台北市中山區建國北路二段236號10樓,臺北市,中山區,2025-12-27,explicit,1.0
富邦人壽保險股份有限公司,富予通訊處,(104471)台北市中山區建國北路二段238號8樓,臺北市,中山區,2024-03-26,explicit,1.0
富邦人壽保險股份有限公司,富予二通訊處,(104471)台北市中山區建國北路二段238號8樓,臺北市,中山區,2025-06-26,explicit,1.0
富邦人壽保險股份有限公司,富吳通訊處,(104471)台北市中山區建國北路二段238號8樓,臺北市,中山區,2023-06-27,explicit,1.0
富邦人壽保險股份有限公司,富能通訊處,(104471)台北市中山區建國北路二段236號10樓,臺北市,中山區,2023-07-26,explicit,1.0
富邦人壽保險股份有限公司,富占通訊處,(104471)台北市中山區建國北路二段236號10樓,臺北市,中山區,2019-04-16,explicit,1.0
富邦人壽保險股份有限公司,富焱通訊處,(104471)台北市中山區建國北路二段238號10樓,臺北市,中山區,2014-04-07,explicit,1.0
富邦人壽保險股份有限公司,富謙通訊處,(104471)台北市中山區建國北路二段238號15樓,臺北市,中山區,2017-11-28,explicit,1.0
富邦人壽保險股份有限公司,富創通訊處,(104471)台北市中山區建國北路二段238號7樓,臺北市,中山區,2016-04-22,explicit,1.0
富邦人壽保險股份有限公司,富淮通訊處,(104471)台北市中山區建國北路二段238號7樓,臺北市,中山區,2026-03-26,explicit,1.0
富邦人壽保險股份有限公司,富繽通訊處,(104471)台北市中山區建國北路二段236號11樓,臺北市,中山區,2020-02-21,explicit,1.0
富邦人壽保險股份有限公司,富繽一通訊處,(104471)台北市中山區建國北路二段236號11樓,臺北市,中山區,2025-05-27,explicit,1.0
富邦人壽保險股份有限公司,富憪通訊處,(104471)台北市中山區建國北路二段238號11樓,臺北市,中山區,2012-12-06,explicit,1.0
富邦人壽保險股份有限公司,富望通訊處,(104471)台北市中山區建國北路二段236號12樓,臺北市,中山區,2013-04-15,explicit,1.0
富邦人壽保險股份有限公司,富夯通訊處,(105410)台北市松山區南京東路五段108號12樓,臺北市,松山區,2015-08-21,explicit,1.0
富邦人壽保險股份有限公司,富晉通訊處,(110407)台北市信義區基隆路一段210號11樓,臺北市,信義區,2011-04-13,explicit,1.0
富邦人壽保險股份有限公司,富邁通訊處,(110407)台北市信義區基隆路一段210號11樓,臺北市,信義區,2016-08-02,explicit,1.0
富邦人壽保險股份有限公司,富海通訊處,(105410)台北市松山區南京東路五段108號10樓,臺北市,松山區,2010-07-08,explicit,1.0
富邦人壽保險股份有限公司,富巨通訊處,(105410)台北市松山區南京東路五段108號10樓,臺北市,松山區,2017-07-10,explicit,1.0
富邦人壽保險股份有限公司,富淳通訊處,(104471)台北市中山區建國北路二段236號12樓,臺北市,中山區,1997-12-26,explicit,1.0
富邦人壽保險股份有限公司,富淳一通訊處,(104471)台北市中山區建國北路二段236號12樓,臺北市,中山區,2026-03-26,explicit,1.0
富邦人壽保險股份有限公司,富誠通訊處,(105410)台北市松山區南京東路五段108號12樓,臺北市,松山區,2009-06-01,explicit,1.0
富邦人壽保險股份有限公司,富宥通訊處,(105409)台北市松山區南京東路五段223號6樓,臺北市,松山區,2016-03-04,explicit,1.0
富邦人壽保險股份有限公司,富富通訊處,(105608)台北市松山區八德路三段20號8樓A、C區,臺北市,松山區,1997-01-26,explicit,1.0
富邦人壽保險股份有限公司,富潤通訊處,(105608)台北市松山區八德路三段20號8樓A、C區,臺北市,松山區,2017-05-23,explicit,1.0
富邦人壽保險股份有限公司,富多通訊處,(105608)台北市松山區八德路三段20號8樓B區,臺北市,松山區,2016-11-28,explicit,1.0
富邦人壽保險股份有限公司,富愷通訊處,(105608)台北市松山區八德路三段20號8樓B區,臺北市,松山區,2000-08-16,explicit,1.0
富邦人壽保險股份有限公司,富碁通訊處,(105608)台北市松山區八德路三段20號9樓B區,臺北市,松山區,1990-11-26,explicit,1.0
富邦人壽保險股份有限公司,富碁二通訊處,(105608)台北市松山區八德路三段20號9樓B區,臺北市,松山區,2026-01-27,explicit,1.0
富邦人壽保險股份有限公司,富同通訊處,(105608)台北市松山區八德路三段34號5樓A區,臺北市,松山區,2016-12-26,explicit,1.0
富邦人壽保險股份有限公司,富贊通訊處,(105608)台北市松山區八德路三段34號5樓A區,臺北市,松山區,2017-02-16,explicit,1.0
富邦人壽保險股份有限公司,富贊一通訊處,(105608)台北市松山區八德路三段34號5樓A區,臺北市,松山區,2026-03-26,explicit,1.0
富邦人壽保險股份有限公司,富薇通訊處,(105608)台北市松山區八德路三段34號5樓B區,臺北市,松山區,2009-06-01,explicit,1.0
富邦人壽保險股份有限公司,富通訊處,(105608)台北市松山區八德路三段34號6樓A區,臺北市,松山區,2019-09-12,explicit,1.0
富邦人壽保險股份有限公司,富吉通訊處,(105608)台北市松山區八德路三段36號8樓,臺北市,松山區,2002-12-16,explicit,1.0
富邦人壽保險股份有限公司,富習通訊處,(105608)台北市松山區八德路三段20號8樓D區,臺北市,松山區,2015-11-09,explicit,1.0
富邦人壽保險股份有限公司,富爽通訊處,(106420)台北市大安區敦化南路二段97號5樓A室,臺北市,大安區,2000-12-26,explicit,1.0
富邦人壽保險股份有限公司,富顥通訊處,(110407)台北市信義區基隆路一段210號13樓,臺北市,信義區,2013-10-14,explicit,1.0
富邦人壽保險股份有限公司,富顥一通訊處,(110407)台北市信義區基隆路一段210號13樓,臺北市,信義區,2025-12-27,explicit,1.0
富邦人壽保險股份有限公司,富群通訊處,(106420)台北市大安區敦化南路二段97號5樓C室,臺北市,大安區,1996-04-16,explicit,1.0
富邦人壽保險股份有限公司,富群二通訊處,(106420)台北市大安區敦化南路二段97號5樓C室,臺北市,大安區,2025-02-26,explicit,1.0
富邦人壽保險股份有限公司,富田通訊處,(104075)台北市中山區南京東路二段139號10樓之2,臺北市,中山區,2000-09-16,explicit,1.0
富邦人壽保險股份有限公司,富拓通訊處,(104471)台北市中山區建國北路二段196號8樓之1,臺北市,中山區,2016-11-28,explicit,1.0
富邦人壽保險股份有限公司,富麗通訊處,(104471)台北市中山區建國北路二段196號8樓之1,臺北市,中山區,2017-11-09,explicit,1.0
富邦人壽保險股份有限公司,富酬通訊處,(104471)台北市中山區建國北路二段236號3樓,臺北市,中山區,2017-03-20,explicit,1.0
富邦人壽保險股份有限公司,富寶通訊處,(104075)台北市中山區南京東路二段139號8樓之2,臺北市,中山區,2016-11-02,explicit,1.0
富邦人壽保險股份有限公司,富匯通訊處,(105608)台北市松山區八德路三段34號6樓,臺北市,松山區,2015-11-09,explicit,1.0
富邦人壽保險股份有限公司,富后通訊處,(104471)台北市中山區建國北路二段238號3樓,臺北市,中山區,2021-11-26,explicit,1.0
富邦人壽保險股份有限公司,富鑽通訊處,(104471)台北市中山區建國北路二段238號14樓,臺北市,中山區,2008-12-26,explicit,1.0
富邦人壽保險股份有限公司,富鑽一通訊處,(104471)台北市中山區建國北路二段238號14樓,臺北市,中山區,2025-11-26,explicit,1.0
富邦人壽保險股份有限公司,富功通訊處,(104471)台北市中山區建國北路二段238號14樓,臺北市,中山區,2025-04-26,explicit,1.0
富邦人壽保險股份有限公司,富北通訊處,(104471)台北市中山區建國北路二段238號14樓,臺北市,中山區,2020-09-26,explicit,1.0
富邦人壽保險股份有限公司,富驥通訊處,(100405)台北市中正區忠孝西路一段6號12樓,臺北市,中正區,2016-09-12,explicit,1.0
富邦人壽保險股份有限公司,富仁通訊處,(100405)台北市中正區忠孝西路一段6號12樓,臺北市,中正區,2020-08-26,explicit,1.0
富邦人壽保險股份有限公司,富龍通訊處,(110407)台北市信義區基隆路一段210號18樓,臺北市,信義區,1994-06-26,explicit,1.0
富邦人壽保險股份有限公司,富勤通訊處,(106420)台北市大安區敦化南路二段97號4樓A室,臺北市,大安區,1990-07-26,explicit,1.0
富邦人壽保險股份有限公司,富台通訊處,(106420)台北市大安區敦化南路二段97號5樓B室,臺北市,大安區,2016-11-28,explicit,1.0
富邦人壽保險股份有限公司,富優通訊處,(110407)台北市信義區基隆路一段210號3樓,臺北市,信義區,2000-06-16,explicit,1.0
富邦人壽保險股份有限公司,富種通訊處,(110407)台北市信義區基隆路一段210號19樓,臺北市,信義區,1995-12-26,explicit,1.0
富邦人壽保險股份有限公司,富運通訊處,(110407)台北市信義區基隆路一段210號4樓,臺北市,信義區,2016-02-22,explicit,1.0
富邦人壽保險股份有限公司,富學通訊處,(110407)台北市信義區基隆路一段210號4樓,臺北市,信義區,2017-01-19,explicit,1.0
富邦人壽保險股份有限公司,富開通訊處,(110407)台北市信義區基隆路一段210號5樓,臺北市,信義區,2011-08-03,explicit,1.0
富邦人壽保險股份有限公司,富亨通訊處,(110407)台北市信義區基隆路一段210號7樓,臺北市,信義區,2014-10-31,explicit,1.0
富邦人壽保險股份有限公司,富姚通訊處,(110407)台北市信義區基隆路一段210號8樓,臺北市,信義區,1997-03-26,explicit,1.0
富邦人壽保險股份有限公司,富姚一通訊處,(110407)台北市信義區基隆路一段210號8樓,臺北市,信義區,2025-03-26,explicit,1.0
富邦人壽保險股份有限公司,富姚二通訊處,(110407)台北市信義區基隆路一段210號8樓,臺北市,信義區,2025-03-26,explicit,1.0
富邦人壽保險股份有限公司,富鈺通訊處,(110407)台北市信義區基隆路一段210號9樓,臺北市,信義區,2010-04-09,explicit,1.0
富邦人壽保險股份有限公司,富兆通訊處,(110407)台北市信義區基隆路一段210號12樓,臺北市,信義區,2010-05-10,explicit,1.0
富邦人壽保險股份有限公司,富品通訊處,(110407)台北市信義區基隆路一段210號14樓,臺北市,信義區,2012-03-08,explicit,1.0
富邦人壽保險股份有限公司,富恆通訊處,(110407)台北市信義區基隆路一段210號10樓,臺北市,信義區,2016-12-12,explicit,1.0
富邦人壽保險股份有限公司,富比通訊處,(110407)台北市信義區基隆路一段210號10樓,臺北市,信義區,2017-03-27,explicit,1.0
富邦人壽保險股份有限公司,富比一通訊處,(110407)台北市信義區基隆路一段210號10樓,臺北市,信義區,2026-06-26,explicit,1.0
富邦人壽保險股份有限公司,富日通訊處,(110407)台北市信義區基隆路一段210號16樓,臺北市,信義區,2013-02-26,explicit,1.0
富邦人壽保險股份有限公司,富來通訊處,(110407)台北市信義區基隆路一段210號16樓,臺北市,信義區,2014-02-14,explicit,1.0
富邦人壽保險股份有限公司,富江通訊處,(110407)台北市信義區基隆路一段210號15樓,臺北市,信義區,2020-01-14,explicit,1.0
富邦人壽保險股份有限公司,富江一通訊處,(110407)台北市信義區基隆路一段210號15樓,臺北市,信義區,2025-04-26,explicit,1.0
富邦人壽保險股份有限公司,富展通訊處,(110407)台北市信義區基隆路一段210號17樓,臺北市,信義區,2018-03-19,explicit,1.0
富邦人壽保險股份有限公司,富隼通訊處,(110407)台北市信義區基隆路一段210號17樓,臺北市,信義區,2023-10-26,explicit,1.0
富邦人壽保險股份有限公司,富莊通訊處,(110407)台北市信義區基隆路一段210號13樓,臺北市,信義區,2015-10-27,explicit,1.0
富邦人壽保險股份有限公司,富莊一通訊處,(110407)台北市信義區基隆路一段210號13樓,臺北市,信義區,2025-04-26,explicit,1.0
富邦人壽保險股份有限公司,富登通訊處,(110407)台北市信義區基隆路一段210號3樓,臺北市,信義區,2016-09-05,explicit,1.0
富邦人壽保險股份有限公司,富世通訊處,(112030)台北市北投區中央南路二段31號3樓,臺北市,北投區,2013-04-27,explicit,1.0
富邦人壽保險股份有限公司,富世一通訊處,(112030)台北市北投區中央南路二段31號3樓,臺北市,北投區,2026-01-27,explicit,1.0
富邦人壽保險股份有限公司,邦勁通訊處,(220781)新北市板橋區文化路一段268號6樓之2,新北市,板橋區,2019-06-21,explicit,1.0
富邦人壽保險股份有限公司,花鑽通訊處,(220781)新北市板橋區文化路一段268號6樓之2,新北市,板橋區,2015-10-14,explicit,1.0
富邦人壽保險股份有限公司,邦暘通訊處,(220781)新北市板橋區文化路一段268號17樓之2,新北市,板橋區,2024-06-26,explicit,1.0
富邦人壽保險股份有限公司,邦譽通訊處,(220339)新北市板橋區三民路二段37號3樓之1,新北市,板橋區,2000-06-26,explicit,1.0
富邦人壽保險股份有限公司,邦丞通訊處,(220339)新北市板橋區三民路二段37號3樓之1,新北市,板橋區,2025-05-27,explicit,1.0
富邦人壽保險股份有限公司,邦橋通訊處,(220339)新北市板橋區三民路二段37號4樓,新北市,板橋區,2022-01-26,explicit,1.0
富邦人壽保險股份有限公司,富眾通訊處,(220339)新北市板橋區三民路二段37號11樓之3,新北市,板橋區,2019-03-11,explicit,1.0
富邦人壽保險股份有限公司,邦仁通訊處,(220339)新北市板橋區三民路二段37號4樓之2,新北市,板橋區,1996-08-06,explicit,1.0
富邦人壽保險股份有限公司,邦瀅通訊處,(220339)新北市板橋區三民路二段37號4樓之3,新北市,板橋區,1992-09-01,explicit,1.0
富邦人壽保險股份有限公司,富橋通訊處,(220339)新北市板橋區三民路二段37號10樓之2,新北市,板橋區,1997-08-06,explicit,1.0
富邦人壽保險股份有限公司,邦馳通訊處,(220339)新北市板橋區三民路二段37號16樓之3,新北市,板橋區,1999-01-06,explicit,1.0
富邦人壽保險股份有限公司,邦葳通訊處,(220891)新北市板橋區溪城路105號2樓,新北市,板橋區,1999-06-26,explicit,1.0
富邦人壽保險股份有限公司,邦軒通訊處,(231029)新北市新店區中興路三段3號1樓,新北市,新店區,2013-03-26,explicit,1.0
富邦人壽保險股份有限公司,邦鑫通訊處,(235029)新北市中和區中山路二段389號5樓,新北市,中和區,2015-08-12,explicit,1.0
富邦人壽保險股份有限公司,富亮通訊處,(235061)新北市中和區景安路139號1樓,新北市,中和區,2017-06-03,explicit,1.0
富邦人壽保險股份有限公司,富炫通訊處,(235068)新北市中和區中和路132號1樓,新北市,中和區,2017-05-25,explicit,1.0
富邦人壽保險股份有限公司,邦讚通訊處,(236036)新北市土城區中央路三段87號8樓之1,新北市,土城區,2021-01-21,explicit,1.0
富邦人壽保險股份有限公司,富耕通訊處,(237021)新北市三峽區大觀路107號1樓、2樓,新北市,三峽區,2015-10-12,explicit,1.0
富邦人壽保險股份有限公司,富耕一通訊處,(237021)新北市三峽區大觀路107號1樓、2樓,新北市,三峽區,2025-11-26,explicit,1.0
富邦人壽保險股份有限公司,邦拓通訊處,(241515)新北市三重區重陽路一段66號6樓C室,新北市,三重區,1996-12-26,explicit,1.0
富邦人壽保險股份有限公司,邦權通訊處,(242011)新北市新莊區中華路一段8號14樓,新北市,新莊區,2001-12-26,explicit,1.0
富邦人壽保險股份有限公司,邦盛通訊處,(242031)新北市新莊區中華路二段19號4樓,新北市,新莊區,1999-05-06,explicit,1.0
富邦人壽保險股份有限公司,邦盛二通訊處,(242031)新北市新莊區中華路二段19號4樓,新北市,新莊區,2026-01-27,explicit,1.0
富邦人壽保險股份有限公司,富贏通訊處,(247011)新北市蘆洲區長榮路311號1樓,新北市,蘆洲區,2017-08-11,explicit,1.0
富邦人壽保險股份有限公司,桃晶通訊處,(320045)桃園市中壢區慈惠一街152號7樓,桃園市,中壢區,2015-02-09,explicit,1.0
富邦人壽保險股份有限公司,桃花通訊處,(320045)桃園市中壢區慈惠一街156號7樓,桃園市,中壢區,1996-01-06,explicit,1.0
富邦人壽保險股份有限公司,桃采通訊處,(320045)桃園市中壢區慈惠一街156號5樓,桃園市,中壢區,2001-06-06,explicit,1.0
富邦人壽保險股份有限公司,桃裕通訊處,(320045)桃園市中壢區慈惠一街156號5樓,桃園市,中壢區,2019-10-18,explicit,1.0
富邦人壽保險股份有限公司,桃仁通訊處,(320045)桃園市中壢區慈惠一街152號6樓,桃園市,中壢區,1998-12-26,explicit,1.0
富邦人壽保險股份有限公司,桃仁一通訊處,(320045)桃園市中壢區慈惠一街156號6樓,桃園市,中壢區,2024-12-26,explicit,1.0
富邦人壽保險股份有限公司,桃禧通訊處,(320045)桃園市中壢區慈惠一街156號3樓,桃園市,中壢區,2013-01-14,explicit,1.0
富邦人壽保險股份有限公司,花展通訊處,(330010)桃園市桃園區中正路1080號5樓,桃園市,桃園區,2009-06-01,explicit,1.0
富邦人壽保險股份有限公司,桃宜通訊處,(326101)桃園市楊梅區大成路236號1樓,桃園市,楊梅區,2017-11-20,explicit,1.0
富邦人壽保險股份有限公司,桃大通訊處,(330010)桃園市桃園區中正路1082號5樓,桃園市,桃園區,1998-11-06,explicit,1.0
富邦人壽保險股份有限公司,桃暘通訊處,(330010)桃園市桃園區中正路1088號5樓,桃園市,桃園區,2013-12-06,explicit,1.0
富邦人壽保險股份有限公司,桃暘一通訊處,(330010)桃園市桃園區中正路1088號5樓,桃園市,桃園區,2025-07-26,explicit,1.0
富邦人壽保險股份有限公司,桃暘二通訊處,(330010)桃園市桃園區中正路1088號5樓,桃園市,桃園區,2025-08-26,explicit,1.0
富邦人壽保險股份有限公司,桃吉通訊處,(330010)桃園市桃園區中正路1092號5樓,桃園市,桃園區,1999-01-06,explicit,1.0
富邦人壽保險股份有限公司,桃佳通訊處,(330010)桃園市桃園區中正路1082號6樓,桃園市,桃園區,2014-07-26,explicit,1.0
富邦人壽保險股份有限公司,桃豐通訊處,(330010)桃園市桃園區中正路1088號6樓,桃園市,桃園區,1997-12-26,explicit,1.0
富邦人壽保險股份有限公司,桃駿通訊處,(330010)桃園市桃園區中正路1092號6樓,桃園市,桃園區,2014-09-15,explicit,1.0
富邦人壽保險股份有限公司,竹群通訊處,(300006)新竹市北區經國路一段675號3樓,新竹市,北區,1996-12-26,explicit,1.0
富邦人壽保險股份有限公司,竹冠通訊處,(300006)新竹市北區經國路一段675號12樓,新竹市,北區,2011-12-29,explicit,1.0
富邦人壽保險股份有限公司,竹峰通訊處,(300082)新竹市北區東大路二段76號3樓,新竹市,北區,2018-04-02,explicit,1.0
富邦人壽保險股份有限公司,竹全通訊處,(302099)新竹縣竹北市光明五街210號11樓,新竹縣,竹北市,2004-03-06,explicit,1.0
富邦人壽保險股份有限公司,竹一通訊處,(302099)新竹縣竹北市光明五街210號11樓,新竹縣,竹北市,2015-12-28,explicit,1.0
富邦人壽保險股份有限公司,竹耀通訊處,(302099)新竹縣竹北市光明五街210號11樓,新竹縣,竹北市,2026-01-08,explicit,1.0
富邦人壽保險股份有限公司,竹鼎通訊處,(302099)新竹縣竹北市光明五街212號11樓,新竹縣,竹北市,2017-05-08,explicit,1.0
富邦人壽保險股份有限公司,竹御通訊處,(302099)新竹縣竹北市光明五街212號11樓,新竹縣,竹北市,2012-09-18,explicit,1.0
富邦人壽保險股份有限公司,竹科通訊處,(302099)新竹縣竹北市光明五街212號12樓,新竹縣,竹北市,2000-05-06,explicit,1.0
富邦人壽保險股份有限公司,竹佑通訊處,(302099)新竹縣竹北市光明五街212號12樓,新竹縣,竹北市,1995-03-06,explicit,1.0
富邦人壽保險股份有限公司,竹宸通訊處,(350001)苗栗縣竹南鎮立達街1號3樓,苗栗縣,竹南鎮,2015-08-03,explicit,1.0
富邦人壽保險股份有限公司,苗璽通訊處,(351028)苗栗縣頭份市東民路181號1樓、2樓,苗栗縣,頭份市,1998-12-26,explicit,1.0
富邦人壽保險股份有限公司,苗廷通訊處,(358011)苗栗縣苑裡鎮南興路41號1樓、2樓,苗栗縣,苑裡鎮,2011-02-16,explicit,1.0
富邦人壽保險股份有限公司,苗榮通訊處,(360002)苗栗縣苗栗市中正路399號6樓,苗栗縣,苗栗市,2009-06-01,explicit,1.0
富邦人壽保險股份有限公司,整銷中一通訊處,(407027)台中市西屯區市政路386號33樓之5,臺中市,西屯區,2014-12-26,explicit,1.0
富邦人壽保險股份有限公司,中樂通訊處,(407565)台中市西屯區文心路二段107號8樓,臺中市,西屯區,2016-07-22,explicit,1.0
富邦人壽保險股份有限公司,中宏通訊處,(407565)台中市西屯區文心路二段107號9樓,臺中市,西屯區,2016-04-14,explicit,1.0
富邦人壽保險股份有限公司,中暖通訊處,(407565)台中市西屯區文心路二段107號9樓,臺中市,西屯區,2018-10-16,explicit,1.0
富邦人壽保險股份有限公司,中暖一通訊處,(407565)台中市西屯區文心路二段107號9樓,臺中市,西屯區,2025-07-26,explicit,1.0
富邦人壽保險股份有限公司,中奕通訊處,(407667)台中市西屯區市政路386號31樓之1,臺中市,西屯區,1997-06-26,explicit,1.0
富邦人壽保險股份有限公司,中奕一通訊處,(407667)台中市西屯區市政路386號31樓之1,臺中市,西屯區,2025-09-26,explicit,1.0
富邦人壽保險股份有限公司,中奕二通訊處,(407667)台中市西屯區市政路386號31樓之1,臺中市,西屯區,2025-11-26,explicit,1.0
富邦人壽保險股份有限公司,中山通訊處,(407667)台中市西屯區市政路386號26樓之7,臺中市,西屯區,1992-06-26,explicit,1.0
富邦人壽保險股份有限公司,中辰通訊處,(407667)台中市西屯區市政路386號27樓之1,臺中市,西屯區,2010-06-04,explicit,1.0
富邦人壽保險股份有限公司,中獎通訊處,(407667)台中市西屯區市政路386號27樓之6,臺中市,西屯區,2024-12-26,explicit,1.0
富邦人壽保險股份有限公司,中友通訊處,(407667)台中市西屯區市政路386號28樓之1,臺中市,西屯區,2017-07-11,explicit,1.0
富邦人壽保險股份有限公司,中冠通訊處,(407667)台中市西屯區市政路386號28樓之3,臺中市,西屯區,1994-07-06,explicit,1.0
富邦人壽保險股份有限公司,中雅通訊處,(407667)台中市西屯區市政路386號28樓之7,臺中市,西屯區,2015-09-07,explicit,1.0
富邦人壽保險股份有限公司,中實通訊處,(407667)台中市西屯區市政路386號28樓之7,臺中市,西屯區,2018-07-16,explicit,1.0
富邦人壽保險股份有限公司,中耀通訊處,(407667)台中市西屯區市政路386號26樓之3,臺中市,西屯區,1995-07-05,explicit,1.0
富邦人壽保險股份有限公司,中芯通訊處,(407667)台中市西屯區市政路386號26樓之3,臺中市,西屯區,2023-10-26,explicit,1.0
富邦人壽保險股份有限公司,中捷通訊處,(407667)台中市西屯區市政路386號29樓之3,臺中市,西屯區,1999-06-26,explicit,1.0
富邦人壽保險股份有限公司,中宣通訊處,(407667)台中市西屯區市政路386號29樓之3,臺中市,西屯區,2024-03-26,explicit,1.0
富邦人壽保險股份有限公司,中鼎通訊處,(407667)台中市西屯區市政路386號29樓之8,臺中市,西屯區,2009-06-01,explicit,1.0
富邦人壽保險股份有限公司,中俊通訊處,(407667)台中市西屯區市政路386號26樓之6,臺中市,西屯區,2023-09-26,explicit,1.0
富邦人壽保險股份有限公司,中龍二通訊處,(407667)台中市西屯區市政路386號29樓之8,臺中市,西屯區,2024-05-28,explicit,1.0
富邦人壽保險股份有限公司,中謙通訊處,(407667)台中市西屯區市政路386號30樓之1,臺中市,西屯區,2014-09-05,explicit,1.0
富邦人壽保險股份有限公司,中謙一通訊處,(407667)台中市西屯區市政路386號30樓之1,臺中市,西屯區,2026-05-26,explicit,1.0
富邦人壽保險股份有限公司,中豪通訊處,(407667)台中市西屯區市政路386號31樓之7,臺中市,西屯區,2021-02-26,explicit,1.0
富邦人壽保險股份有限公司,中贊通訊處,(407667)台中市西屯區市政路386號29樓之1,臺中市,西屯區,2022-03-28,explicit,1.0
富邦人壽保險股份有限公司,中銘通訊處,(407667)台中市西屯區市政路386號29樓之1,臺中市,西屯區,2018-02-09,explicit,1.0
富邦人壽保險股份有限公司,中江通訊處,(407667)台中市西屯區市政路386號31樓之6,臺中市,西屯區,2006-07-26,explicit,1.0
富邦人壽保險股份有限公司,中江二通訊處,(407667)台中市西屯區市政路386號31樓之6,臺中市,西屯區,2025-11-26,explicit,1.0
富邦人壽保險股份有限公司,中勛通訊處,(407667)台中市西屯區市政路386號26樓之5,臺中市,西屯區,2023-01-31,explicit,1.0
富邦人壽保險股份有限公司,中彰通訊處,(407667)台中市西屯區市政路386號32樓之7,臺中市,西屯區,2009-06-01,explicit,1.0
富邦人壽保險股份有限公司,中聖通訊處,(407667)台中市西屯區市政路386號32樓之1,臺中市,西屯區,2017-08-15,explicit,1.0
富邦人壽保險股份有限公司,中聖一通訊處,(407667)台中市西屯區市政路386號32樓之1,臺中市,西屯區,2025-12-27,explicit,1.0
富邦人壽保險股份有限公司,中怡通訊處,(407667)台中市西屯區市政路386號32樓之5,臺中市,西屯區,2017-12-25,explicit,1.0
富邦人壽保險股份有限公司,中拓通訊處,(407667)台中市西屯區市政路386號32樓之5,臺中市,西屯區,2025-04-26,explicit,1.0
富邦人壽保險股份有限公司,中佳通訊處,(407667)台中市西屯區市政路386號32樓之3,臺中市,西屯區,2012-12-12,explicit,1.0
富邦人壽保險股份有限公司,中悦通訊處,(407667)台中市西屯區市政路386號32樓之8,臺中市,西屯區,2017-08-21,explicit,1.0
富邦人壽保險股份有限公司,中沐通訊處,(407667)台中市西屯區市政路386號32樓之8,臺中市,西屯區,2025-01-25,explicit,1.0
富邦人壽保險股份有限公司,中國通訊處,(407667)台中市西屯區市政路386號33樓之1,臺中市,西屯區,1992-06-26,explicit,1.0
富邦人壽保險股份有限公司,中國一通訊處,(407667)台中市西屯區市政路386號33樓之1,臺中市,西屯區,2026-05-26,explicit,1.0
富邦人壽保險股份有限公司,中磊通訊處,(407667)台中市西屯區市政路386號33樓之3,臺中市,西屯區,2017-09-15,explicit,1.0
富邦人壽保險股份有限公司,中原通訊處,(407667)台中市西屯區市政路386號33樓之7,臺中市,西屯區,1993-10-06,explicit,1.0
富邦人壽保險股份有限公司,中笙通訊處,(411041)台中市太平區太和路一段65號1樓、2樓,臺中市,太平區,2016-09-19,explicit,1.0
富邦人壽保險股份有限公司,中旭通訊處,(412003)台中市大里區中興路二段609號1樓至3樓,臺中市,大里區,2017-05-02,explicit,1.0
富邦人壽保險股份有限公司,中宥通訊處,(420010)台中市豐原區中山路200號5樓,臺中市,豐原區,1997-12-26,explicit,1.0
富邦人壽保險股份有限公司,中恩通訊處,(420083)台中市豐原區安康路43號1樓,臺中市,豐原區,2018-12-05,explicit,1.0
富邦人壽保險股份有限公司,中禾通訊處,(420010)台中市豐原區中山路200號6樓,臺中市,豐原區,2017-12-18,explicit,1.0
富邦人壽保險股份有限公司,中品通訊處,(427013)台中市潭子區圓通南路2號2樓,臺中市,潭子區,2015-02-16,explicit,1.0
富邦人壽保險股份有限公司,中亮通訊處,(429003)台中市神岡區中山路773號3樓,臺中市,神岡區,2014-08-14,explicit,1.0
富邦人壽保險股份有限公司,中海通訊處,(436109)台中市清水區中山路94號6樓,臺中市,清水區,2016-12-15,explicit,1.0
富邦人壽保險股份有限公司,中盈通訊處,(436042)台中市清水區五權路51號之1、之2、之3、之5,臺中市,清水區,2008-12-26,explicit,1.0
富邦人壽保險股份有限公司,中盈一通訊處,(436042)台中市清水區五權路51號之1、之2、之3、之5,臺中市,清水區,2025-04-26,explicit,1.0
富邦人壽保險股份有限公司,彰北通訊處,(500017)彰化縣彰化市中山路二段349號6樓A室,彰化縣,彰化市,2015-08-20,explicit,1.0
富邦人壽保險股份有限公司,彰中通訊處,(500017)彰化縣彰化市中山路二段351號6樓C室,彰化縣,彰化市,2005-10-26,explicit,1.0
富邦人壽保險股份有限公司,彰富通訊處,(502001)彰化縣芬園鄉彰南路四段407號,彰化縣,芬園鄉,2016-04-12,explicit,1.0
富邦人壽保險股份有限公司,彰鹿通訊處,(506025)彰化縣福興鄉鹿興路215號3樓,彰化縣,福興鄉,2001-12-26,explicit,1.0
富邦人壽保險股份有限公司,彰于通訊處,(508005)彰化縣和美鎮愛華路329號3樓之1,彰化縣,和美鎮,2014-10-20,explicit,1.0
富邦人壽保險股份有限公司,彰欣通訊處,(510005)彰化縣員林市中正路55號2樓,彰化縣,員林市,2022-09-27,explicit,1.0
富邦人壽保險股份有限公司,彰泰一通訊處,(510019)彰化縣員林市大同路一段338號4樓之1,彰化縣,員林市,2024-09-26,explicit,1.0
富邦人壽保險股份有限公司,彰順通訊處,(510005)彰化縣員林市中正路55號4樓,彰化縣,員林市,2015-05-26,explicit,1.0
富邦人壽保險股份有限公司,彰益通訊處,(521003)彰化縣北斗鎮中華路51號1樓及2樓,彰化縣,北斗鎮,2016-12-19,explicit,1.0
富邦人壽保險股份有限公司,彰益一通訊處,(521003)彰化縣北斗鎮中華路51號1樓及2樓,彰化縣,北斗鎮,2025-11-26,explicit,1.0
富邦人壽保險股份有限公司,投緣通訊處,(540018)南投縣南投市三和二路11號7樓,南投縣,南投市,2021-10-26,explicit,1.0
富邦人壽保險股份有限公司,投緣一通訊處,(540018)南投縣南投市三和二路11號7樓,南投縣,南投市,2026-07-28,explicit,1.0
富邦人壽保險股份有限公司,投冠通訊處,(542021)南投縣草屯鎮中正路601之7號3樓B區,南投縣,草屯鎮,2009-09-26,explicit,1.0
富邦人壽保險股份有限公司,投富通訊處,(542021)南投縣草屯鎮中正路601之7號3樓C區,南投縣,草屯鎮,2001-03-06,explicit,1.0
富邦人壽保險股份有限公司,雲禾通訊處,(632004)雲林縣虎尾鎮新興路116號5樓B區,雲林縣,虎尾鎮,2001-08-26,explicit,1.0
富邦人壽保險股份有限公司,雲揚通訊處,(640001)雲林縣斗六市雲林路二段211號10樓之6,雲林縣,斗六市,2009-06-01,explicit,1.0
富邦人壽保險股份有限公司,雲正通訊處,(630041)雲林縣斗南鎮新興街49、51號1樓,雲林縣,斗南鎮,2014-08-25,explicit,1.0
富邦人壽保險股份有限公司,雲騰通訊處,(651004)雲林縣北港鎮中正路95號5樓,雲林縣,北港鎮,2003-06-26,explicit,1.0
富邦人壽保險股份有限公司,嘉賀通訊處,(600578)嘉義市西區北港路251號5樓A區,嘉義市,西區,1993-12-26,explicit,1.0
富邦人壽保險股份有限公司,嘉欣通訊處,(600578)嘉義市西區北港路251號9樓B區,嘉義市,西區,2000-01-06,explicit,1.0
富邦人壽保險股份有限公司,嘉保通訊處,(600578)嘉義市西區北港路251號5樓B區,嘉義市,西區,2017-07-31,explicit,1.0
富邦人壽保險股份有限公司,嘉南通訊處,(600578)嘉義市西區北港路251號9樓A區,嘉義市,西區,2009-06-01,explicit,1.0
富邦人壽保險股份有限公司,嘉冕通訊處,(600578)嘉義市西區北港路251號9樓B區,嘉義市,西區,2018-05-04,explicit,1.0
富邦人壽保險股份有限公司,嘉辰通訊處,(600578)嘉義市西區北港路251號11樓A區,嘉義市,西區,2014-11-17,explicit,1.0
富邦人壽保險股份有限公司,嘉圓通訊處,(600578)嘉義市西區北港路251號11樓A區,嘉義市,西區,2018-05-21,explicit,1.0
富邦人壽保險股份有限公司,嘉贊通訊處,(600578)嘉義市西區北港路251號11樓B區,嘉義市,西區,2015-09-02,explicit,1.0
富邦人壽保險股份有限公司,嘉恩通訊處,(600578)嘉義市西區北港路251號12樓A區,嘉義市,西區,2015-09-08,explicit,1.0
富邦人壽保險股份有限公司,嘉惠通訊處,(600578)嘉義市西區北港路251號12樓B區,嘉義市,西區,2020-07-10,explicit,1.0
富邦人壽保險股份有限公司,嘉享通訊處,(600578)嘉義市西區北港路251號12樓B區,嘉義市,西區,2024-06-26,explicit,1.0
富邦人壽保險股份有限公司,整銷嘉一通訊處,(600578)嘉義市西區北港路251號13樓,嘉義市,西區,2014-02-26,explicit,1.0
富邦人壽保險股份有限公司,嘉勝通訊處,(600578)嘉義市西區北港路251號15樓A區,嘉義市,西區,2015-09-14,explicit,1.0
富邦人壽保險股份有限公司,嘉滿通訊處,(600578)嘉義市西區北港路251號15樓B區,嘉義市,西區,2016-05-10,explicit,1.0
富邦人壽保險股份有限公司,南鯨通訊處,(700002)台南市中西區民生路二段279號6樓,臺南市,中西區,2001-10-06,explicit,1.0
富邦人壽保險股份有限公司,南瓜通訊處,(700002)台南市中西區民生路二段279號6樓,臺南市,中西區,2017-12-04,explicit,1.0
富邦人壽保險股份有限公司,南赫通訊處,(700002)台南市中西區民生路二段279號6樓,臺南市,中西區,2019-02-26,explicit,1.0
富邦人壽保險股份有限公司,南岳通訊處,(700002)台南市中西區民生路二段279號7樓,臺南市,中西區,2021-01-25,explicit,1.0
富邦人壽保險股份有限公司,南創通訊處,(700002)台南市中西區民生路二段279號7樓,臺南市,中西區,2019-04-10,explicit,1.0
富邦人壽保險股份有限公司,南勤通訊處,(700002)台南市中西區民生路二段279號11樓B、11樓C,臺南市,中西區,2017-12-26,explicit,1.0
富邦人壽保險股份有限公司,南鑫通訊處,(700002)台南市中西區民生路二段279號12樓C,臺南市,中西區,2016-05-26,explicit,1.0
富邦人壽保險股份有限公司,南鑫一通訊處,(700002)台南市中西區民生路二段279號12樓C,臺南市,中西區,2025-04-26,explicit,1.0
富邦人壽保險股份有限公司,南海通訊處,(700002)台南市中西區民生路二段279號12樓A,臺南市,中西區,2018-07-05,explicit,1.0
富邦人壽保險股份有限公司,南一通訊處,(700002)台南市中西區民生路二段279號13樓A,臺南市,中西區,1999-08-06,explicit,1.0
富邦人壽保險股份有限公司,南允通訊處,(700002)台南市中西區民生路二段279號14樓B區,臺南市,中西區,1997-12-26,explicit,1.0
富邦人壽保險股份有限公司,南廣通訊處,(700002)台南市中西區民生路二段279號15樓,臺南市,中西區,2021-12-28,explicit,1.0
富邦人壽保險股份有限公司,南沅通訊處,(700002)台南市中西區民生路二段279號15樓,臺南市,中西區,2017-08-28,explicit,1.0
富邦人壽保險股份有限公司,南方通訊處,(700002)台南市中西區民生路二段279號15樓,臺南市,中西區,2018-04-02,explicit,1.0
富邦人壽保險股份有限公司,南才赤崁通訊處,(704004)台南市北區西門路三段159號6樓之2,臺南市,北區,2010-05-28,explicit,1.0
富邦人壽保險股份有限公司,南鑛通訊處,(710048)台南市永康區永大路三段100之1號1樓,臺南市,永康區,2019-06-06,explicit,1.0
富邦人壽保險股份有限公司,南神通訊處,(717017)台南市仁德區土庫五街46號1樓,臺南市,仁德區,2019-01-04,explicit,1.0
富邦人壽保險股份有限公司,南才通訊處,(730007)台南市新營區民治路301號4樓,臺南市,新營區,2008-12-26,explicit,1.0
富邦人壽保險股份有限公司,南郡通訊處,(741002)台南市善化區中山路349號8樓A室,臺南市,善化區,2014-04-09,explicit,1.0
富邦人壽保險股份有限公司,高秉通訊處,(800304)高雄市新興區民族二路95號7樓C區,高雄市,新興區,2016-12-19,explicit,1.0
富邦人壽保險股份有限公司,高亨通訊處,(800304)高雄市新興區民族二路95號4樓B區,高雄市,新興區,2009-06-01,explicit,1.0
富邦人壽保險股份有限公司,高虹通訊處,(800304)高雄市新興區民族二路95號4樓D區,高雄市,新興區,2009-06-01,explicit,1.0
富邦人壽保險股份有限公司,高典通訊處,(800304)高雄市新興區民族二路95號5樓A區,高雄市,新興區,2009-06-01,explicit,1.0
富邦人壽保險股份有限公司,高權通訊處,(800304)高雄市新興區民族二路95號5樓B區,高雄市,新興區,2017-12-12,explicit,1.0
富邦人壽保險股份有限公司,高聰通訊處,(800304)高雄市新興區民族二路95號4樓A區,高雄市,新興區,2009-06-01,explicit,1.0
富邦人壽保險股份有限公司,高明通訊處,(800304)高雄市新興區民族二路95號5樓C區,高雄市,新興區,2017-03-08,explicit,1.0
富邦人壽保險股份有限公司,高明一通訊處,(800304)高雄市新興區民族二路95號5樓C區,高雄市,新興區,2025-01-25,explicit,1.0
富邦人壽保險股份有限公司,高和通訊處,(800304)高雄市新興區民族二路95號6樓B區,高雄市,新興區,2019-10-22,explicit,1.0
富邦人壽保險股份有限公司,高天通訊處,(802406)高雄市苓雅區中正二路175號18樓之2,高雄市,苓雅區,2024-01-26,explicit,1.0
富邦人壽保險股份有限公司,高天二通訊處,(802406)高雄市苓雅區中正二路175號18樓之2,高雄市,苓雅區,2025-11-26,explicit,1.0
富邦人壽保險股份有限公司,高渧通訊處,(800304)高雄市新興區民族二路95號6樓B區,高雄市,新興區,2023-11-28,explicit,1.0
富邦人壽保險股份有限公司,高映通訊處,(800304)高雄市新興區民族二路95號6樓C區,高雄市,新興區,2019-07-03,explicit,1.0
富邦人壽保險股份有限公司,高群通訊處,(802406)高雄市苓雅區中正二路175號10樓之3,高雄市,苓雅區,1995-06-26,explicit,1.0
富邦人壽保險股份有限公司,高峰通訊處,(800304)高雄市新興區民族二路95號8樓B區,高雄市,新興區,2009-06-01,explicit,1.0
富邦人壽保險股份有限公司,高睿通訊處,(800304)高雄市新興區民族二路95號7樓A區,高雄市,新興區,2014-07-04,explicit,1.0
富邦人壽保險股份有限公司,高翔通訊處,(800304)高雄市新興區民族二路95號19樓A區,高雄市,新興區,2009-06-01,explicit,1.0
富邦人壽保險股份有限公司,高渡通訊處,(800304)高雄市新興區民族二路95號19樓A區,高雄市,新興區,2016-08-25,explicit,1.0
富邦人壽保險股份有限公司,整銷高一通訊處,(800304)高雄市新興區民族二路95號20樓A室,高雄市,新興區,2014-12-26,explicit,1.0
富邦人壽保險股份有限公司,高進通訊處,(801731)高雄市前金區中華三路21號2樓,高雄市,前金區,2018-04-03,explicit,1.0
富邦人壽保險股份有限公司,高佳通訊處,(801731)高雄市前金區中華三路21號4樓A區,高雄市,前金區,2018-10-26,explicit,1.0
富邦人壽保險股份有限公司,高定通訊處,(801731)高雄市前金區中華三路21號5樓B區,高雄市,前金區,2014-09-01,explicit,1.0
富邦人壽保險股份有限公司,高人通訊處,(801731)高雄市前金區中華三路21號7樓,高雄市,前金區,2014-05-26,explicit,1.0
富邦人壽保險股份有限公司,高富通訊處,(801731)高雄市前金區中華三路21號8樓,高雄市,前金區,2004-01-06,explicit,1.0
富邦人壽保險股份有限公司,高瞻通訊處,(801731)高雄市前金區中華三路21號9樓,高雄市,前金區,1999-06-26,explicit,1.0
富邦人壽保險股份有限公司,高聖通訊處,(801731)高雄市前金區中華三路21號10樓,高雄市,前金區,1997-12-26,explicit,1.0
富邦人壽保險股份有限公司,高勤通訊處,(801731)高雄市前金區中華三路21號6樓,高雄市,前金區,2016-08-25,explicit,1.0
富邦人壽保險股份有限公司,高勤一通訊處,(801731)高雄市前金區中華三路21號6樓,高雄市,前金區,2025-07-26,explicit,1.0
富邦人壽保險股份有限公司,高首通訊處,(801731)高雄市前金區中華三路21號11樓,高雄市,前金區,2012-01-16,explicit,1.0
富邦人壽保險股份有限公司,高首一通訊處,(801731)高雄市前金區中華三路21號11樓,高雄市,前金區,2025-06-26,explicit,1.0
富邦人壽保險股份有限公司,高福通訊處,(802334)高雄市苓雅區建國一路109號12樓,高雄市,苓雅區,1999-02-06,explicit,1.0
富邦人壽保險股份有限公司,高震通訊處,(802406)高雄市苓雅區中正二路175號9樓之1,高雄市,苓雅區,2014-12-15,explicit,1.0
富邦人壽保險股份有限公司,高震一通訊處,(802406)高雄市苓雅區中正二路175號9樓之1,高雄市,苓雅區,2025-12-27,explicit,1.0
富邦人壽保險股份有限公司,高碩通訊處,(801731)高雄市前金區中華三路21號9樓,高雄市,前金區,2025-06-26,explicit,1.0
富邦人壽保險股份有限公司,高創通訊處,(802406)高雄市苓雅區中正二路175號10樓之1,高雄市,苓雅區,2021-05-26,explicit,1.0
富邦人壽保險股份有限公司,高新通訊處,(802406)高雄市苓雅區中正二路175號9樓之2,高雄市,苓雅區,1991-05-06,explicit,1.0
富邦人壽保險股份有限公司,高速通訊處,(801731)高雄市前金區中華三路21號10樓,高雄市,前金區,2019-05-29,explicit,1.0
富邦人壽保險股份有限公司,高鵬通訊處,(802406)高雄市苓雅區中正二路175號10樓之2,高雄市,苓雅區,2015-12-18,explicit,1.0
富邦人壽保險股份有限公司,高旭通訊處,(802406)高雄市苓雅區中正二路175號10樓之2,高雄市,苓雅區,2023-10-26,explicit,1.0
富邦人壽保險股份有限公司,高英通訊處,(802406)高雄市苓雅區中正二路175號20樓之2,高雄市,苓雅區,1988-07-01,explicit,1.0
富邦人壽保險股份有限公司,高羽通訊處,(802406)高雄市苓雅區中正二路175號9樓之2,高雄市,苓雅區,2015-07-20,explicit,1.0
富邦人壽保險股份有限公司,高慶通訊處,(802406)高雄市苓雅區中正二路175號21樓之2,高雄市,苓雅區,2018-07-09,explicit,1.0
富邦人壽保險股份有限公司,高嵩通訊處,(802406)高雄市苓雅區中正二路175號21樓之3,高雄市,苓雅區,2001-12-26,explicit,1.0
富邦人壽保險股份有限公司,高昌通訊處,(802406)高雄市苓雅區中正二路175號28樓之2,高雄市,苓雅區,1998-03-06,explicit,1.0
富邦人壽保險股份有限公司,高彪通訊處,(802406)高雄市苓雅區中正二路175號29樓之1,高雄市,苓雅區,2019-02-26,explicit,1.0
富邦人壽保險股份有限公司,高仲通訊處,(802406)高雄市苓雅區中正二路175號29樓之2,高雄市,苓雅區,2018-11-19,explicit,1.0
富邦人壽保險股份有限公司,高傑通訊處,(802406)高雄市苓雅區中正二路175號26樓之2,高雄市,苓雅區,1992-09-01,explicit,1.0
富邦人壽保險股份有限公司,高圓通訊處,(820010)高雄市岡山區柳橋西路32號4樓,高雄市,岡山區,1998-06-26,explicit,1.0
富邦人壽保險股份有限公司,高圓一通訊處,(820010)高雄市岡山區柳橋西路32號4樓,高雄市,岡山區,2024-12-26,explicit,1.0
富邦人壽保險股份有限公司,高超通訊處,(802406)高雄市苓雅區中正二路175號26樓之1,高雄市,苓雅區,2016-07-08,explicit,1.0
富邦人壽保險股份有限公司,高貴通訊處,(831141)高雄市大寮區鳳屏一路288號4樓之2,高雄市,大寮區,2015-04-20,explicit,1.0
富邦人壽保險股份有限公司,高企通訊處,(842056)高雄市旗山區延平一路251號,高雄市,旗山區,2015-09-22,explicit,1.0
富邦人壽保險股份有限公司,屏榮通訊處,(900006)屏東縣屏東市民生路287號6樓,屏東縣,屏東市,2006-12-26,explicit,1.0
富邦人壽保險股份有限公司,屏富通訊處,(900006)屏東縣屏東市民生路287號6樓,屏東縣,屏東市,2021-05-26,explicit,1.0
富邦人壽保險股份有限公司,屏翔通訊處,(900006)屏東縣屏東市民生路287號4樓,屏東縣,屏東市,1988-07-01,explicit,1.0
富邦人壽保險股份有限公司,屏翔一通訊處,(900006)屏東縣屏東市民生路287號4樓,屏東縣,屏東市,2025-06-26,explicit,1.0
富邦人壽保險股份有限公司,屏勝通訊處,(900006)屏東縣屏東市民生路287號7樓,屏東縣,屏東市,2024-05-28,explicit,1.0
富邦人壽保險股份有限公司,屏豐通訊處,(900006)屏東縣屏東市民生路287號7樓,屏東縣,屏東市,2022-06-28,explicit,1.0
富邦人壽保險股份有限公司,宜鼎通訊處,(260008)宜蘭縣宜蘭市民族路338號4樓,宜蘭縣,宜蘭市,1996-01-06,explicit,1.0
富邦人壽保險股份有限公司,宜鼎一通訊處,(260008)宜蘭縣宜蘭市民族路338號4樓,宜蘭縣,宜蘭市,2025-02-06,explicit,1.0
富邦人壽保險股份有限公司,宜安通訊處,(265010)宜蘭縣羅東鎮公正路154號3樓,宜蘭縣,羅東鎮,1997-12-26,explicit,1.0
富邦人壽保險股份有限公司,花邦通訊處,(970010)花蓮縣花蓮市明心街1之16號6樓,花蓮縣,花蓮市,1993-02-06,explicit,1.0
富邦人壽保險股份有限公司,花宏通訊處,(970010)花蓮縣花蓮市明心街1之16號4樓,花蓮縣,花蓮市,1993-12-26,explicit,1.0
富邦人壽保險股份有限公司,花盛通訊處,(970010)花蓮縣花蓮市明心街1之16號4樓,花蓮縣,花蓮市,2017-07-21,explicit,1.0
富邦人壽保險股份有限公司,花禾通訊處,(970010)花蓮縣花蓮市明心街1之16號6樓,花蓮縣,花蓮市,1999-01-06,explicit,1.0
富邦人壽保險股份有限公司,花福通訊處,(973044)花蓮縣吉安鄉中山路三段63號1樓、2樓,花蓮縣,吉安鄉,2016-03-28,explicit,1.0
富邦人壽保險股份有限公司,花宏玉里通訊處,(981002)花蓮縣玉里鎮大同路178號,花蓮縣,玉里鎮,2010-12-10,explicit,1.0
富邦人壽保險股份有限公司,東陽通訊處,(950003)台東縣台東市博愛路422號2樓,臺東縣,臺東市,2009-06-01,explicit,1.0
富邦人壽保險股份有限公司,東晁通訊處,(950003)台東縣台東市博愛路422號3樓,臺東縣,臺東市,2021-12-28,explicit,1.0
富邦人壽保險股份有限公司,東盛通訊處,(950003)台東縣台東市博愛路422號3樓,臺東縣,臺東市,2021-12-28,explicit,1.0
富邦人壽保險股份有限公司,金富金門通訊處,(893013)金門縣金城鎮民權路226巷4弄21號1樓,金門縣,金城鎮,1999-09-26,explicit,1.0
富邦人壽保險股份有限公司,南允澎湖通訊處,(880010)澎湖縣馬公市西文澳92之73號,澎湖縣,馬公市,2006-12-26,explicit,1.0
新光人壽保險股份有限公司（原台新人壽）,南港通訊處,臺北市內湖區陽光街３００號５樓,臺北市,內湖區,1994-12-07,explicit,1.0
新光人壽保險股份有限公司（原台新人壽）,和平通訊處,台北市大安區羅斯福路二段７５號１１樓,臺北市,大安區,1983-03-03,explicit,1.0
新光人壽保險股份有限公司（原台新人壽）,木柵通訊處,新北市新店區中央路１８８號４樓,新北市,新店區,1978-12-05,explicit,1.0
新光人壽保險股份有限公司（原台新人壽）,士林通訊處,台北市大同區承德路三段１８６號６樓,臺北市,大同區,1983-03-03,explicit,1.0
新光人壽保險股份有限公司（原台新人壽）,石牌通訊處,台北市大同區承德路三段１８６號６樓,臺北市,大同區,1983-03-03,explicit,1.0
新光人壽保險股份有限公司（原台新人壽）,北投通訊處,臺北市北投區大業路４５２巷６號２樓Ａ室,臺北市,北投區,1986-10-18,explicit,1.0
新光人壽保險股份有限公司（原台新人壽）,景美通訊處,新北市新店區北新路二段２６２之６號３樓,新北市,新店區,1978-12-05,explicit,1.0
新光人壽保險股份有限公司（原台新人壽）,大安通訊處,台北市松山區南京東路五段１２５號２樓,臺北市,松山區,1986-10-18,explicit,1.0
新光人壽保險股份有限公司（原台新人壽）,內湖通訊處,台北市內湖區陽光街３００號５樓Ａ室,臺北市,內湖區,1986-10-18,explicit,1.0
新光人壽保險股份有限公司（原台新人壽）,天母通訊處,台北市北投區大業路４５２巷６號２樓,臺北市,北投區,1986-10-18,explicit,1.0
新光人壽保險股份有限公司（原台新人壽）,宏業通訊處,台北市松山區南京東路五段１２５號３樓,臺北市,松山區,1978-12-05,explicit,1.0
新光人壽保險股份有限公司（原台新人壽）,大新通訊處,台北市松山區南京東路五段１２５號５樓,臺北市,松山區,1986-10-18,explicit,1.0
新光人壽保險股份有限公司（原台新人壽）,信義通訊處,台北市松山區南京東路五段１２５號３樓,臺北市,松山區,1983-12-08,explicit,1.0
新光人壽保險股份有限公司（原台新人壽）,仰德通訊處,台北市松山區南京東路五段１２５號５樓,臺北市,松山區,1994-09-05,explicit,1.0
新光人壽保險股份有限公司（原台新人壽）,安和通訊處,台北市大安區復興南路一段１２９號１３樓,臺北市,大安區,1994-08-17,explicit,1.0
新光人壽保險股份有限公司（原台新人壽）,宏揚通訊處,台北市中正區衡陽路５１號１２樓之３,臺北市,中正區,1994-09-17,explicit,1.0
新光人壽保險股份有限公司（原台新人壽）,螢橋通訊處,台北市中正區衡陽路５１號３樓之１西側,臺北市,中正區,1994-08-17,explicit,1.0
新光人壽保險股份有限公司（原台新人壽）,文林通訊處,台北市大同區承德路三段１８６號５樓,臺北市,大同區,1994-08-17,explicit,1.0
新光人壽保險股份有限公司（原台新人壽）,圓山通訊處,台北市大同區承德路三段１８６號５樓,臺北市,大同區,1994-11-17,explicit,1.0
新光人壽保險股份有限公司（原台新人壽）,宏德通訊處,臺北市松山區南京東路五段１２５號３樓,臺北市,松山區,1994-09-17,explicit,1.0
新光人壽保險股份有限公司（原台新人壽）,新北通訊處,台北市松山區南京東路五段１２５號４樓,臺北市,松山區,1994-08-17,explicit,1.0
新光人壽保險股份有限公司（原台新人壽）,台欣通訊處,台北市松山區南京東路五段１２５號２樓,臺北市,松山區,1994-08-17,explicit,1.0
新光人壽保險股份有限公司（原台新人壽）,龍庭通訊處,台北市松山區南京東路五段１２５號４樓,臺北市,松山區,1997-04-02,explicit,1.0
新光人壽保險股份有限公司（原台新人壽）,力興通訊處,台北市松山區南京東路五段１２５號４樓,臺北市,松山區,1999-06-07,explicit,1.0
新光人壽保險股份有限公司（原台新人壽）,台北通訊處,台北市中正區衡陽路５１號１２樓之４,臺北市,中正區,1999-06-07,explicit,1.0
新光人壽保險股份有限公司（原台新人壽）,和順通訊處,台北市松山區南京東路五段１２５號４樓,臺北市,松山區,2002-08-07,explicit,1.0
新光人壽保險股份有限公司（原台新人壽）,陽明通訊處,台北市北投區大業路４５２巷６號２樓Ｂ室,臺北市,北投區,2004-05-31,explicit,1.0
新光人壽保險股份有限公司（原台新人壽）,仰賢通訊處,台北市松山區南京東路五段１２５號５樓,臺北市,松山區,2008-03-20,explicit,1.0
新光人壽保險股份有限公司（原台新人壽）,興順通訊處,台北市松山區南京東路五段１２５號３樓,臺北市,松山區,2008-11-19,explicit,1.0
新光人壽保險股份有限公司（原台新人壽）,海昌通訊處,基隆市仁愛區仁一路２５９號８樓,基隆市,仁愛區,1979-10-29,explicit,1.0
新光人壽保險股份有限公司（原台新人壽）,七堵通訊處,基隆市七堵區明德一路５３及５５號,基隆市,七堵區,1986-10-18,explicit,1.0
新光人壽保險股份有限公司（原台新人壽）,信隆通訊處,基隆市仁愛區仁一路２５９號９樓,基隆市,仁愛區,1994-09-10,explicit,1.0
新光人壽保險股份有限公司（原台新人壽）,新昌通訊處,新竹市中央路１８９號６樓右室,新竹市,東區,1994-09-05,road_lookup_scope,0.85
新光人壽保險股份有限公司（原台新人壽）,新福通訊處,新竹市中央路１８９號５樓左室,新竹市,東區,1994-09-05,road_lookup_scope,0.85
新光人壽保險股份有限公司（原台新人壽）,竹一通訊處,新竹市中央路１８９號５樓,新竹市,東區,1994-09-05,road_lookup_scope,0.85
新光人壽保險股份有限公司（原台新人壽）,板順竹虹分通訊處,新竹市東區中央路１８９號６樓,新竹市,東區,1997-04-07,explicit,1.0
新光人壽保險股份有限公司（原台新人壽）,中盛通訊處,台中市西屯區文心路二段６４５號９樓,臺中市,西屯區,1994-11-18,explicit,1.0
新光人壽保險股份有限公司（原台新人壽）,五權通訊處,台中市西區臺灣大道二段５０１號２樓,臺中市,西區,1978-12-05,explicit,1.0
新光人壽保險股份有限公司（原台新人壽）,民權通訊處,台中市西屯區文心路二段６４５號６樓,臺中市,西屯區,1978-12-05,explicit,1.0
新光人壽保險股份有限公司（原台新人壽）,中昌通訊處,台中市西屯區文心路二段６４５號６樓,臺中市,西屯區,1986-10-18,explicit,1.0
新光人壽保險股份有限公司（原台新人壽）,中泰通訊處,台中市南區復興路三段４６５號５樓,臺中市,南區,1994-09-10,explicit,1.0
新光人壽保險股份有限公司（原台新人壽）,中嘉通訊處,台中市南區復興路三段４６５號７樓,臺中市,南區,1994-09-10,explicit,1.0
新光人壽保險股份有限公司（原台新人壽）,中榮通訊處,台中市南區復興路三段４６５號９樓,臺中市,南區,1994-09-10,explicit,1.0
新光人壽保險股份有限公司（原台新人壽）,烏日通訊處,臺中市南區復興路三段４６５號１１樓,臺中市,南區,1978-12-05,explicit,1.0
新光人壽保險股份有限公司（原台新人壽）,中欣通訊處,台中市西區臺灣大道二段５０１號１樓,臺中市,西區,1994-08-17,explicit,1.0
新光人壽保險股份有限公司（原台新人壽）,永昌通訊處,台中市西屯區文心路二段６４５號９樓,臺中市,西屯區,1994-09-10,explicit,1.0
新光人壽保險股份有限公司（原台新人壽）,中南通訊處,台中市西屯區文心路二段６４５號１０號,臺中市,西屯區,1994-11-18,explicit,1.0
新光人壽保險股份有限公司（原台新人壽）,文昌通訊處,台中市南區復興路三段４６５號８樓,臺中市,南區,1994-08-17,explicit,1.0
新光人壽保險股份有限公司（原台新人壽）,台中通訊處,台中市南區復興路三段４６５號６樓Ｂ室,臺中市,南區,1994-11-07,explicit,1.0
新光人壽保險股份有限公司（原台新人壽）,群躍通訊處,臺中市西區臺灣大道二段３０９號２７樓,臺中市,西區,2011-06-01,explicit,1.0
新光人壽保險股份有限公司（原台新人壽）,嘉明通訊處,嘉義市西區中興路４６５號５樓,嘉義市,西區,1986-10-18,explicit,1.0
新光人壽保險股份有限公司（原台新人壽）,嘉興通訊處,嘉義市西區中興路４６５號６樓,嘉義市,西區,1994-08-17,explicit,1.0
新光人壽保險股份有限公司（原台新人壽）,佳益通訊處,嘉義市西區中興路４６５號４樓,嘉義市,西區,2000-11-08,explicit,1.0
新光人壽保險股份有限公司（原台新人壽）,崇明通訊處,台南市中西區永華路一段３２號８樓,臺南市,中西區,1979-10-29,explicit,1.0
新光人壽保險股份有限公司（原台新人壽）,安順通訊處,台南市中西區民生路二段３０７號６樓Ａ室,臺南市,中西區,1978-12-05,explicit,1.0
新光人壽保險股份有限公司（原台新人壽）,逢甲通訊處,台南市中西區民生路二段３０７號１３樓,臺南市,中西區,1986-10-18,explicit,1.0
新光人壽保險股份有限公司（原台新人壽）,文賢通訊處,台南市中西區民生路二段３０７號６樓Ｂ室,臺南市,中西區,1994-09-10,explicit,1.0
新光人壽保險股份有限公司（原台新人壽）,文和通訊處,台南市中西區民生路二段３０７號８樓Ａ室,臺南市,中西區,1994-11-17,explicit,1.0
新光人壽保險股份有限公司（原台新人壽）,立人通訊處,台南市中西區民生路二段３０７號７樓Ｂ室,臺南市,中西區,1994-09-17,explicit,1.0
新光人壽保險股份有限公司（原台新人壽）,崇德通訊處,台南市中西區民生路二段３０７號７樓Ａ室,臺南市,中西區,1994-08-17,explicit,1.0
新光人壽保險股份有限公司（原台新人壽）,台南通訊處,台南市中西區民生路二段３０７號２１樓A室,臺南市,中西區,1994-11-07,explicit,1.0
新光人壽保險股份有限公司（原台新人壽）,逢一通訊處,台南市中西區民生路二段３０７號１７樓A-２室,臺南市,中西區,2000-03-24,explicit,1.0
新光人壽保險股份有限公司（原台新人壽）,大誠通訊處,台南市中西區民生路二段３０７號２０樓A室,臺南市,中西區,2000-03-24,explicit,1.0
新光人壽保險股份有限公司（原台新人壽）,南豐通訊處,台南市中西區民生路二段３０７號１７樓之１(B室),臺南市,中西區,2001-03-01,explicit,1.0
新光人壽保險股份有限公司（原台新人壽）,楠梓通訊處,高雄市楠梓區軍校路８００號１５樓,高雄市,楠梓區,1986-10-18,explicit,1.0
新光人壽保險股份有限公司（原台新人壽）,九如通訊處,高雄市新興區七賢一路２５１號９樓B室,高雄市,新興區,1983-05-28,explicit,1.0
新光人壽保險股份有限公司（原台新人壽）,福港通訊處,高雄市小港區漢民路３８１號１１樓,高雄市,小港區,1986-10-18,explicit,1.0
新光人壽保險股份有限公司（原台新人壽）,凱旋通訊處,高雄市新興區七賢一路２５１號１８樓,高雄市,新興區,1979-10-29,explicit,1.0
新光人壽保險股份有限公司（原台新人壽）,苓雅通訊處,高雄市新興區七賢一路２５１號１８樓,高雄市,新興區,1986-10-18,explicit,1.0
新光人壽保險股份有限公司（原台新人壽）,前金通訊處,高雄市新興區七賢一路２４９號９樓B室,高雄市,新興區,1994-09-10,explicit,1.0
新光人壽保險股份有限公司（原台新人壽）,鼓山通訊處,高雄市新興區七賢一路２５１號１７樓,高雄市,新興區,1994-09-10,explicit,1.0
新光人壽保險股份有限公司（原台新人壽）,永達通訊處,高雄市新興區七賢一路２４９號９樓,高雄市,新興區,1994-09-17,explicit,1.0
新光人壽保險股份有限公司（原台新人壽）,三民通訊處,高雄市新興區七賢一路２５１號９樓,高雄市,新興區,1994-09-05,explicit,1.0
新光人壽保險股份有限公司（原台新人壽）,新雅通訊處,高雄市新興區七賢一路２５１號１６樓,高雄市,新興區,1994-09-05,explicit,1.0
新光人壽保險股份有限公司（原台新人壽）,高三通訊處,高雄市新興區七賢一路２４９號１１樓Ｂ室,高雄市,新興區,1994-12-07,explicit,1.0
新光人壽保險股份有限公司（原台新人壽）,高鳳通訊處,高雄市新興區七賢一路２５１號７樓,高雄市,新興區,1994-09-05,explicit,1.0
新光人壽保險股份有限公司（原台新人壽）,金門通訊處,金門縣金城鎮民權路１８２號２樓,金門縣,金城鎮,1994-11-16,explicit,1.0
新光人壽保險股份有限公司（原台新人壽）,高新通訊處,高雄市新興區七賢一路２４９號８樓,高雄市,新興區,1994-11-07,explicit,1.0
新光人壽保險股份有限公司（原台新人壽）,雄南通訊處,高雄市新興區七賢一路２５１號７樓,高雄市,新興區,2002-04-25,explicit,1.0
新光人壽保險股份有限公司（原台新人壽）,菜寮通訊處,新北市三重區三和路四段１１１之３２號１０樓,新北市,三重區,1994-08-17,explicit,1.0
新光人壽保險股份有限公司（原台新人壽）,三和通訊處,新北市三重區重陽路一段８９號７樓,新北市,三重區,1994-09-05,explicit,1.0
新光人壽保險股份有限公司（原台新人壽）,重陽通訊處,新北市三重區中正北路１８號２樓,新北市,三重區,1978-12-05,explicit,1.0
新光人壽保險股份有限公司（原台新人壽）,重和通訊處,新北市三重區正義北路２０８號６樓,新北市,三重區,1979-10-29,explicit,1.0
新光人壽保險股份有限公司（原台新人壽）,土城通訊處,新北市土城區明德路二段６２號８樓,新北市,土城區,1986-10-18,explicit,1.0
新光人壽保險股份有限公司（原台新人壽）,三峽通訊處,新北市三峽區民生街１１９號４樓及４樓之１,新北市,三峽區,1979-03-07,explicit,1.0
新光人壽保險股份有限公司（原台新人壽）,景安通訊處,新北市中和區板南路６６１號４樓,新北市,中和區,1978-12-05,explicit,1.0
新光人壽保險股份有限公司（原台新人壽）,景平通訊處,新北市永和區保生路１號１７樓Ａ室,新北市,永和區,1978-12-05,explicit,1.0
新光人壽保險股份有限公司（原台新人壽）,永和通訊處,新北市中和區中和路３５６號１０樓,新北市,中和區,1981-07-25,explicit,1.0
新光人壽保險股份有限公司（原台新人壽）,汐止通訊處,新北市汐止區大同路二段３７６號１０樓,新北市,汐止區,1978-12-05,explicit,1.0
新光人壽保險股份有限公司（原台新人壽）,金山通訊處,新北市金山區美田里中山路２８２號１、２樓,新北市,金山區,1986-10-18,explicit,1.0
新光人壽保險股份有限公司（原台新人壽）,泰山通訊處,新北市泰山區明志路一段２０５號９樓Ａ室,新北市,泰山區,1986-10-18,explicit,1.0
新光人壽保險股份有限公司（原台新人壽）,淡江通訊處,新北市淡水區中山北路一段４６號７樓,新北市,淡水區,1978-12-05,explicit,1.0
新光人壽保險股份有限公司（原台新人壽）,新店通訊處,新北市新店區北新路二段２６２之５號３樓,新北市,新店區,1986-10-18,explicit,1.0
新光人壽保險股份有限公司（原台新人壽）,新興通訊處,新北市新莊區中正路１４９號３樓,新北市,新莊區,1979-06-08,explicit,1.0
新光人壽保險股份有限公司（原台新人壽）,新榮通訊處,新北市新莊區中正路１４９號６樓,新北市,新莊區,1979-10-29,explicit,1.0
新光人壽保險股份有限公司（原台新人壽）,樹林通訊處,新北市樹林區中山路一段１３５號３樓,新北市,樹林區,1986-10-18,explicit,1.0
新光人壽保險股份有限公司（原台新人壽）,樹昌通訊處,新北市樹林區樹新路１７號２樓,新北市,樹林區,1979-10-29,explicit,1.0
新光人壽保險股份有限公司（原台新人壽）,蘆洲通訊處,新北市三重區三和路四段１１１之３２號１０樓,新北市,三重區,1994-09-05,explicit,1.0
新光人壽保險股份有限公司（原台新人壽）,鶯歌通訊處,新北市鶯歌區建國路６０號６樓之２及６６號６樓之３,新北市,鶯歌區,1986-10-18,explicit,1.0
新光人壽保險股份有限公司（原台新人壽）,信隆瑞芳分通訊處,新北市瑞芳區三爪子坑路６４之３３號１樓,新北市,瑞芳區,1978-12-05,explicit,1.0
新光人壽保險股份有限公司（原台新人壽）,新泰通訊處,新北市新莊區中正路１４９號５樓,新北市,新莊區,1994-11-18,explicit,1.0
新光人壽保險股份有限公司（原台新人壽）,五股通訊處,新北市五股區新五路二段２５７號１樓,新北市,五股區,1994-09-05,explicit,1.0
新光人壽保險股份有限公司（原台新人壽）,和興通訊處,新北市中和區中和路３５８號１０樓,新北市,中和區,1994-08-17,explicit,1.0
新光人壽保險股份有限公司（原台新人壽）,大漢通訊處,新北市板橋區中山路一段１４１號１１樓,新北市,板橋區,1994-09-05,explicit,1.0
新光人壽保險股份有限公司（原台新人壽）,板富通訊處,新北市板橋區中山路一段１４１號１１樓,新北市,板橋區,1994-09-10,explicit,1.0
新光人壽保險股份有限公司（原台新人壽）,板盛通訊處,新北市板橋區中山路一段１４１號１０樓,新北市,板橋區,1994-09-05,explicit,1.0
新光人壽保險股份有限公司（原台新人壽）,板榮通訊處,新北市板橋區中山路一段１４１號１２樓,新北市,板橋區,1994-09-05,explicit,1.0
新光人壽保險股份有限公司（原台新人壽）,新盛通訊處,新北市板橋區中山路一段１４１號１０樓,新北市,板橋區,1994-09-05,explicit,1.0
新光人壽保險股份有限公司（原台新人壽）,樹達通訊處,新北市樹林區中山路一段２１７號２樓,新北市,樹林區,1994-08-17,explicit,1.0
新光人壽保險股份有限公司（原台新人壽）,板順通訊處,新北市板橋區中山路一段１４１號９樓,新北市,板橋區,2000-11-08,explicit,1.0
新光人壽保險股份有限公司（原台新人壽）,淡水通訊處,新北市淡水區學府路２８號７樓,新北市,淡水區,2004-02-19,explicit,1.0
新光人壽保險股份有限公司（原台新人壽）,泰山林口分通訊處,新北市林口區中山路２５０號３樓之２,新北市,林口區,2009-03-16,explicit,1.0
新光人壽保險股份有限公司（原台新人壽）,北投八里分通訊處,新北市八里區中山路二段１９１號,新北市,八里區,2012-07-10,explicit,1.0
新光人壽保險股份有限公司（原台新人壽）,海昌澳底分通訊處,新北市貢寮區仁里里１４鄰仁和路２３８號１樓,新北市,貢寮區,2013-08-07,explicit,1.0
新光人壽保險股份有限公司（原台新人壽）,礁溪通訊處,宜蘭縣礁溪鄉礁溪路四段７８號３．４樓,宜蘭縣,礁溪鄉,1986-10-18,explicit,1.0
新光人壽保險股份有限公司（原台新人壽）,礁溪頭城分通訊處,宜蘭縣頭城鎮青雲路三段３３５號１樓與２樓,宜蘭縣,頭城鎮,2013-10-03,explicit,1.0
新光人壽保險股份有限公司（原台新人壽）,羅興通訊處,宜蘭縣羅東鎮興東南路２４５號６樓,宜蘭縣,羅東鎮,1994-09-05,explicit,1.0
新光人壽保險股份有限公司（原台新人壽）,羅東通訊處,宜蘭縣羅東鎮興東南路２４５號５樓,宜蘭縣,羅東鎮,1978-12-05,explicit,1.0
新光人壽保險股份有限公司（原台新人壽）,宜成通訊處,宜蘭縣宜蘭市光復路４８號８樓,宜蘭縣,宜蘭市,1994-11-18,explicit,1.0
新光人壽保險股份有限公司（原台新人壽）,宜興通訊處,宜蘭縣宜蘭市光復路４８號７樓,宜蘭縣,宜蘭市,1994-11-17,explicit,1.0
新光人壽保險股份有限公司（原台新人壽）,宜泰通訊處,宜蘭縣宜蘭市光復路４８號９樓,宜蘭縣,宜蘭市,1994-11-18,explicit,1.0
新光人壽保險股份有限公司（原台新人壽）,宜和通訊處,宜蘭縣宜蘭市光復路４８號６樓,宜蘭縣,宜蘭市,1994-11-18,explicit,1.0
新光人壽保險股份有限公司（原台新人壽）,桃一通訊處,桃園市桃園區復興路２０７號５樓之１,桃園市,桃園區,1979-06-08,explicit,1.0
新光人壽保險股份有限公司（原台新人壽）,八德通訊處,桃園市桃園區復興路２０７號１４樓,桃園市,桃園區,1978-12-05,explicit,1.0
新光人壽保險股份有限公司（原台新人壽）,八德大溪分通訊處,桃園市大溪區文化路５７號,桃園市,大溪區,1983-05-28,explicit,1.0
新光人壽保險股份有限公司（原台新人壽）,壢富通訊處,桃園市中壢區環西路１２１號４樓A室,桃園市,中壢區,1978-12-05,explicit,1.0
新光人壽保險股份有限公司（原台新人壽）,平鎮通訊處,桃園市中壢區環西路１２１號８樓Ｂ室,桃園市,中壢區,1986-10-18,explicit,1.0
新光人壽保險股份有限公司（原台新人壽）,觀音新屋分通訊處,桃園市新屋區中華路３２０－１號,桃園市,新屋區,1986-10-18,explicit,1.0
新光人壽保險股份有限公司（原台新人壽）,楊梅通訊處,桃園市楊梅區新成路４８號５樓,桃園市,楊梅區,1982-04-01,explicit,1.0
新光人壽保險股份有限公司（原台新人壽）,龍潭通訊處,桃園市龍潭區中興路３９６－２２號４樓,桃園市,龍潭區,1982-04-01,explicit,1.0
新光人壽保險股份有限公司（原台新人壽）,龜山通訊處,桃園市桃園區復興路２０７號１０樓之３,桃園市,桃園區,1986-10-18,explicit,1.0
新光人壽保險股份有限公司（原台新人壽）,蘆竹通訊處,桃園市蘆竹區南崁路１７５巷１０號５樓,桃園市,蘆竹區,1978-12-05,explicit,1.0
新光人壽保險股份有限公司（原台新人壽）,觀音通訊處,桃園市觀音區大同里４鄰中山路二段６７６號３樓,桃園市,觀音區,1994-11-16,explicit,1.0
新光人壽保險股份有限公司（原台新人壽）,新桃通訊處,桃園市桃園區復興路２０７號３樓,桃園市,桃園區,1994-09-10,explicit,1.0
新光人壽保險股份有限公司（原台新人壽）,中壢通訊處,桃園市中壢區環西路１２１號６樓Ａ室,桃園市,中壢區,1994-09-05,explicit,1.0
新光人壽保險股份有限公司（原台新人壽）,板順壢成分通訊處,桃園市中壢區環西路１２１號１０樓,桃園市,中壢區,1995-02-14,explicit,1.0
新光人壽保險股份有限公司（原台新人壽）,板順青溪分通訊處,桃園市桃園區復興路２０７號９樓之１,桃園市,桃園區,1994-09-05,explicit,1.0
新光人壽保險股份有限公司（原台新人壽）,桃揚通訊處,桃園市桃園區復興路２０７號５樓５０３室,桃園市,桃園區,2002-04-25,explicit,1.0
新光人壽保險股份有限公司（原台新人壽）,大園通訊處,桃園市大園區中正東路１５１號２樓,桃園市,大園區,2012-05-09,explicit,1.0
新光人壽保險股份有限公司（原台新人壽）,新豐湖欣分通訊處,新竹縣湖口鄉中山路二段５８號１～３樓,新竹縣,湖口鄉,1994-08-17,explicit,1.0
新光人壽保險股份有限公司（原台新人壽）,新豐通訊處,新竹縣新豐鄉新興路７５號２樓,新竹縣,新豐鄉,1986-10-18,explicit,1.0
新光人壽保險股份有限公司（原台新人壽）,竹東通訊處,新竹縣竹東鎮長春路三段２５３號２樓,新竹縣,竹東鎮,1994-09-10,explicit,1.0
新光人壽保險股份有限公司（原台新人壽）,板順湖口分通訊處,新竹縣湖口鄉中山路二段５８號,新竹縣,湖口鄉,1986-10-18,explicit,1.0
新光人壽保險股份有限公司（原台新人壽）,竹北通訊處,新竹縣竹北市中正東路４８號４樓,新竹縣,竹北市,1978-12-05,explicit,1.0
新光人壽保險股份有限公司（原台新人壽）,苗盛通訊處,苗栗縣苗栗市中正路５６７號３樓,苗栗縣,苗栗市,1979-10-29,explicit,1.0
新光人壽保險股份有限公司（原台新人壽）,群躍苑裡分通訊處,苗栗縣苑裡鎮建國路５３號３樓,苗栗縣,苑裡鎮,1982-04-01,explicit,1.0
新光人壽保險股份有限公司（原台新人壽）,頭份通訊處,苗栗縣頭份市中華路１１９２號８樓,苗栗縣,頭份市,1994-12-07,explicit,1.0
新光人壽保險股份有限公司（原台新人壽）,苗富通訊處,苗栗縣苗栗市中正路５６７號１樓,苗栗縣,苗栗市,1994-09-17,explicit,1.0
新光人壽保險股份有限公司（原台新人壽）,文苑通訊處,苗栗縣苑裡鎮建國路５３號３樓,苗栗縣,苑裡鎮,1994-09-10,explicit,1.0
新光人壽保險股份有限公司（原台新人壽）,板順苗北分通訊處,苗栗縣頭份市中華路１１９２號６樓,苗栗縣,頭份市,1994-09-17,explicit,1.0
新光人壽保險股份有限公司（原台新人壽）,太平通訊處,臺中市大里區國光路二段２５９號５樓Ａ室,臺中市,大里區,1978-12-05,explicit,1.0
新光人壽保險股份有限公司（原台新人壽）,大甲通訊處,臺中市大甲區中山路一段７５４號１．２樓,臺中市,大甲區,1983-03-03,explicit,1.0
新光人壽保險股份有限公司（原台新人壽）,甲昌通訊處,臺中市大甲區仁愛街１９９號１、２樓,臺中市,大甲區,1979-10-29,explicit,1.0
新光人壽保險股份有限公司（原台新人壽）,大雅通訊處,臺中市大雅區中清路三段１１８７號６樓,臺中市,大雅區,1986-10-18,explicit,1.0
新光人壽保險股份有限公司（原台新人壽）,沙鹿通訊處,臺中市清水區中華路９２號７樓,臺中市,清水區,1978-12-05,explicit,1.0
新光人壽保險股份有限公司（原台新人壽）,東勢通訊處,臺中市東勢區豐勢路６３１號７樓,臺中市,東勢區,1986-10-18,explicit,1.0
新光人壽保險股份有限公司（原台新人壽）,清水通訊處,臺中市清水區中華路９２號５樓,臺中市,清水區,1994-12-07,explicit,1.0
新光人壽保險股份有限公司（原台新人壽）,潭子通訊處,臺中市潭子區中山路二段１３５號７樓之１,臺中市,潭子區,1994-08-17,explicit,1.0
新光人壽保險股份有限公司（原台新人壽）,豐原通訊處,臺中市豐原區中山路４１５號４樓,臺中市,豐原區,1978-12-05,explicit,1.0
新光人壽保險股份有限公司（原台新人壽）,霧峰通訊處,臺中市霧峰區中正路１１０９之１號４樓,臺中市,霧峰區,1982-04-01,explicit,1.0
新光人壽保險股份有限公司（原台新人壽）,豐東通訊處,臺中市豐原區向陽路２６９號５樓,臺中市,豐原區,1994-08-17,explicit,1.0
新光人壽保險股份有限公司（原台新人壽）,豐榮通訊處,臺中市豐原區中山路４１５號３樓,臺中市,豐原區,1994-09-05,explicit,1.0
新光人壽保險股份有限公司（原台新人壽）,清新通訊處,臺中市清水區中華路９２號６樓,臺中市,清水區,1994-11-17,explicit,1.0
新光人壽保險股份有限公司（原台新人壽）,豐東后里分通訊處,臺中市后里區甲后路一段４５２號２樓,臺中市,后里區,2012-10-08,explicit,1.0
新光人壽保險股份有限公司（原台新人壽）,二林通訊處,彰化縣二林鎮東和里斗苑路五段６７號３、４樓,彰化縣,二林鎮,1982-11-27,explicit,1.0
新光人壽保險股份有限公司（原台新人壽）,北斗通訊處,彰化縣北斗鎮中山路二段３０９號３樓,彰化縣,北斗鎮,1982-11-27,explicit,1.0
新光人壽保險股份有限公司（原台新人壽）,秀水通訊處,彰化縣彰化市建國北路１７０號７樓,彰化縣,彰化市,1978-12-05,explicit,1.0
新光人壽保險股份有限公司（原台新人壽）,群躍員新分通訊處,彰化縣員林市中山路二段３４６號４樓,彰化縣,員林市,1982-04-01,explicit,1.0
新光人壽保險股份有限公司（原台新人壽）,和美通訊處,彰化縣和美鎮彰美路４段４３８號６樓,彰化縣,和美鎮,1982-04-01,explicit,1.0
新光人壽保險股份有限公司（原台新人壽）,社頭通訊處,彰化縣社頭鄉中山路一段５６１號,彰化縣,社頭鄉,1986-10-18,explicit,1.0
新光人壽保險股份有限公司（原台新人壽）,員成通訊處,彰化縣員林市中山路二段３４６號７樓,彰化縣,員林市,1979-10-29,explicit,1.0
新光人壽保險股份有限公司（原台新人壽）,員林通訊處,彰化縣員林市中山路二段３４６號３樓,彰化縣,員林市,1978-12-05,explicit,1.0
新光人壽保險股份有限公司（原台新人壽）,田中二水分通訊處,彰化縣二水鄉南通路二段１５２號,彰化縣,二水鄉,1978-12-05,explicit,1.0
新光人壽保險股份有限公司（原台新人壽）,鹿港通訊處,彰化縣鹿港鎮民權路２７９號６樓,彰化縣,鹿港鎮,1986-10-18,explicit,1.0
新光人壽保險股份有限公司（原台新人壽）,溪湖通訊處,彰化縣溪湖鎮彰水路４段４３號,彰化縣,溪湖鎮,1981-07-25,explicit,1.0
新光人壽保險股份有限公司（原台新人壽）,彰市通訊處,彰化縣彰化市建國北路１７０號３樓,彰化縣,彰化市,1994-12-07,explicit,1.0
新光人壽保險股份有限公司（原台新人壽）,彰昌通訊處,彰化縣彰化市建國北路１７０號６樓,彰化縣,彰化市,1978-12-05,explicit,1.0
新光人壽保險股份有限公司（原台新人壽）,員昌通訊處,彰化縣員林市中山路二段３４６號５樓,彰化縣,員林市,1994-09-05,explicit,1.0
新光人壽保險股份有限公司（原台新人壽）,田中通訊處,彰化縣田中鎮福安路２５０號５樓,彰化縣,田中鎮,1994-08-17,explicit,1.0
新光人壽保險股份有限公司（原台新人壽）,鹿興通訊處,彰化縣鹿港鎮民權路２７９號６樓,彰化縣,鹿港鎮,1994-09-05,explicit,1.0
新光人壽保險股份有限公司（原台新人壽）,草屯芬園分通訊處,彰化縣芬園鄉彰南路四段３７０號,彰化縣,芬園鄉,2013-01-04,explicit,1.0
新光人壽保險股份有限公司（原台新人壽）,竹山通訊處,南投縣竹山鎮集山路三段４０３－３號,南投縣,竹山鎮,1981-07-25,explicit,1.0
新光人壽保險股份有限公司（原台新人壽）,南投通訊處,南投縣南投市復興路１２１號３樓,南投縣,南投市,1994-12-07,explicit,1.0
新光人壽保險股份有限公司（原台新人壽）,埔里通訊處,南投縣埔里鎮中山路三段２９３號６樓,南投縣,埔里鎮,1994-12-07,explicit,1.0
新光人壽保險股份有限公司（原台新人壽）,草屯通訊處,南投縣草屯鎮中正路６１０號３樓,南投縣,草屯鎮,1994-12-07,explicit,1.0
新光人壽保險股份有限公司（原台新人壽）,草欣通訊處,南投縣草屯鎮中正路６１０號５、６樓,南投縣,草屯鎮,1994-09-10,explicit,1.0
新光人壽保險股份有限公司（原台新人壽）,投欣通訊處,南投縣南投市復興路１２１號２樓,南投縣,南投市,1994-09-17,explicit,1.0
新光人壽保險股份有限公司（原台新人壽）,埔欣通訊處,南投縣埔里鎮中山路三段２９３號５樓,南投縣,埔里鎮,1994-09-05,explicit,1.0
新光人壽保險股份有限公司（原台新人壽）,名間通訊處,南投縣名間鄉彰南路２號１、２樓,南投縣,名間鄉,1994-12-07,explicit,1.0
新光人壽保險股份有限公司（原台新人壽）,群躍投新分通訊處,南投縣草屯鎮中正路６１０號４樓,南投縣,草屯鎮,1994-09-10,explicit,1.0
新光人壽保險股份有限公司（原台新人壽）,斗六通訊處,雲林縣斗六市雲林路二段２２５號９樓,雲林縣,斗六市,1994-12-07,explicit,1.0
新光人壽保險股份有限公司（原台新人壽）,斗南通訊處,雲林縣斗南鎮延平路二段４５３號,雲林縣,斗南鎮,1982-04-01,explicit,1.0
新光人壽保險股份有限公司（原台新人壽）,北港通訊處,雲林縣北港鎮中正路２０－１號３樓,雲林縣,北港鎮,1982-04-01,explicit,1.0
新光人壽保險股份有限公司（原台新人壽）,崙背褒忠分通訊處,雲林縣褒忠鄉中民村１２鄰中正路３２７巷１１號２樓,雲林縣,褒忠鄉,2013-09-18,explicit,1.0
新光人壽保險股份有限公司（原台新人壽）,西螺通訊處,雲林縣西螺鎮光復東路１號２．３樓,雲林縣,西螺鎮,1982-04-01,explicit,1.0
新光人壽保險股份有限公司（原台新人壽）,虎尾通訊處,雲林縣虎尾鎮中正路２號,雲林縣,虎尾鎮,1994-12-07,explicit,1.0
新光人壽保險股份有限公司（原台新人壽）,崙背通訊處,雲林縣崙背鄉正義路１５４號,雲林縣,崙背鄉,1986-10-18,explicit,1.0
新光人壽保險股份有限公司（原台新人壽）,永佳通訊處,雲林縣斗六市雲林路二段２２５號１０樓,雲林縣,斗六市,1994-09-01,explicit,1.0
新光人壽保險股份有限公司（原台新人壽）,民雄大林分通訊處,嘉義縣大林鎮中正路６７３號１樓,嘉義縣,大林鎮,1983-05-28,explicit,1.0
新光人壽保險股份有限公司（原台新人壽）,民雄通訊處,嘉義縣民雄鄉西安村西安路４６之１５號１～３樓,嘉義縣,民雄鄉,1986-10-18,explicit,1.0
新光人壽保險股份有限公司（原台新人壽）,嘉興朴子分通訊處,嘉義縣朴子市文化南路６９號６樓,嘉義縣,朴子市,1979-10-29,explicit,1.0
新光人壽保險股份有限公司（原台新人壽）,白河水上分通訊處,嘉義縣水上鄉水頭村中興路１０８號２～３樓,嘉義縣,水上鄉,2013-01-04,explicit,1.0
新光人壽保險股份有限公司（原台新人壽）,永勝通訊處,台南市中西區永華路一段３２號７樓,臺南市,中西區,1979-10-29,explicit,1.0
新光人壽保險股份有限公司（原台新人壽）,永康通訊處,臺南市永康區中華路１９８－２４號１３樓,臺南市,永康區,1986-10-18,explicit,1.0
新光人壽保險股份有限公司（原台新人壽）,佳里通訊處,臺南市佳里區延平路１２５號８樓,臺南市,佳里區,1994-12-07,explicit,1.0
新光人壽保險股份有限公司（原台新人壽）,官田通訊處,臺南市官田區勝利路８０號１～３樓,臺南市,官田區,1979-10-29,explicit,1.0
新光人壽保險股份有限公司（原台新人壽）,麻豆通訊處,臺南市麻豆區民族路６之２５號,臺南市,麻豆區,1981-07-28,explicit,1.0
新光人壽保險股份有限公司（原台新人壽）,麻豆善化分通訊處,臺南市善化區大成路２４７號,臺南市,善化區,1981-09-02,explicit,1.0
新光人壽保險股份有限公司（原台新人壽）,新化通訊處,臺南市新化區中山路６０５號３樓,臺南市,新化區,1981-07-25,explicit,1.0
新光人壽保險股份有限公司（原台新人壽）,南豐新市分通訊處,臺南市新化區中山路６０５號２樓,臺南市,新化區,1994-08-17,explicit,1.0
新光人壽保險股份有限公司（原台新人壽）,新營通訊處,臺南市新營區中山路１３８號７樓,臺南市,新營區,1994-12-07,explicit,1.0
新光人壽保險股份有限公司（原台新人壽）,新益通訊處,臺南市新營區中山路１３８號６樓,臺南市,新營區,1994-09-10,explicit,1.0
新光人壽保險股份有限公司（原台新人壽）,關廟通訊處,臺南市關廟區文衡路１７號３、４樓,臺南市,關廟區,1978-12-05,explicit,1.0
新光人壽保險股份有限公司（原台新人壽）,學甲通訊處,臺南市學甲區華宗路４９２號,臺南市,學甲區,1983-12-08,explicit,1.0
新光人壽保險股份有限公司（原台新人壽）,學甲鹽水分通訊處,臺南市鹽水區三褔路８４號２樓,臺南市,鹽水區,1994-08-17,explicit,1.0
新光人壽保險股份有限公司（原台新人壽）,南豐佳禾分通訊處,臺南市佳里區延平路１２５號９樓,臺南市,佳里區,1994-11-17,explicit,1.0
新光人壽保險股份有限公司（原台新人壽）,白河通訊處,臺南市白河區三民路４０８號３樓,臺南市,白河區,2001-03-01,explicit,1.0
新光人壽保險股份有限公司（原台新人壽）,大誠仁德分通訊處,台南市中西區民生路二段３０７號２０樓A室,臺南市,中西區,2012-08-06,explicit,1.0
新光人壽保險股份有限公司（原台新人壽）,仁武通訊處,高雄市仁武區仁雄路１００號２樓,高雄市,仁武區,1986-10-18,explicit,1.0
新光人壽保險股份有限公司（原台新人壽）,岡山通訊處,高雄市岡山區岡山路３３９號６樓,高雄市,岡山區,1979-03-07,explicit,1.0
新光人壽保險股份有限公司（原台新人壽）,林園通訊處,高雄市林園區沿海路三段２號３樓,高雄市,林園區,1986-10-18,explicit,1.0
新光人壽保險股份有限公司（原台新人壽）,阿蓮通訊處,高雄市阿蓮區中正路３８２號,高雄市,阿蓮區,1981-07-25,explicit,1.0
新光人壽保險股份有限公司（原台新人壽）,旗山美濃分通訊處,高雄市美濃區成功路１３９號７樓,高雄市,美濃區,1979-10-29,explicit,1.0
新光人壽保險股份有限公司（原台新人壽）,梓官通訊處,高雄市岡山區介壽路３６７號３樓,高雄市,岡山區,1978-12-05,explicit,1.0
新光人壽保險股份有限公司（原台新人壽）,路竹通訊處,高雄市路竹區中山路７３１號,高雄市,路竹區,1983-03-03,explicit,1.0
新光人壽保險股份有限公司（原台新人壽）,旗山通訊處,高雄市旗山區延平一路７００號１．２樓,高雄市,旗山區,1978-12-05,explicit,1.0
新光人壽保險股份有限公司（原台新人壽）,鳳興通訊處,高雄市鳳山區建國路三段２４２號５樓Ａ室,高雄市,鳳山區,1994-12-07,explicit,1.0
新光人壽保險股份有限公司（原台新人壽）,鳥松通訊處,高雄市鳳山區建國路三段２４２號４樓Ａ室,高雄市,鳳山區,1978-12-05,explicit,1.0
新光人壽保險股份有限公司（原台新人壽）,五甲通訊處,高雄市鳳山區建國路三段２４２號７樓,高雄市,鳳山區,1979-03-07,explicit,1.0
新光人壽保險股份有限公司（原台新人壽）,鳳南通訊處,高雄市鳳山區建國路三段２４２號６樓,高雄市,鳳山區,1979-03-07,explicit,1.0
新光人壽保險股份有限公司（原台新人壽）,大發通訊處,高雄市鳳山區建國路三段２４２號３樓,高雄市,鳳山區,1979-03-07,explicit,1.0
新光人壽保險股份有限公司（原台新人壽）,里港通訊處,屏東縣里港鄉里港路１２７號１～３樓,屏東縣,里港鄉,1986-10-18,explicit,1.0
新光人壽保險股份有限公司（原台新人壽）,東港枋寮分通訊處,屏東縣枋寮鄉中山路３２７號,屏東縣,枋寮鄉,1986-10-18,explicit,1.0
新光人壽保險股份有限公司（原台新人壽）,東港通訊處,屏東縣東港鎮中正路１９０號,屏東縣,東港鎮,1981-07-25,explicit,1.0
新光人壽保險股份有限公司（原台新人壽）,雄南屏東分通訊處,屏東縣屏東市自由路１８８號８樓,屏東縣,屏東市,1978-12-05,explicit,1.0
新光人壽保險股份有限公司（原台新人壽）,恆春通訊處,屏東縣恆春鎮省北路１８１之４號,屏東縣,恆春鎮,1981-07-25,explicit,1.0
新光人壽保險股份有限公司（原台新人壽）,潮州通訊處,屏東縣潮州鎮延平路２０６號５樓,屏東縣,潮州鎮,1982-04-01,explicit,1.0
新光人壽保險股份有限公司（原台新人壽）,屏榮通訊處,屏東縣屏東市自由路１８８號５樓,屏東縣,屏東市,1994-08-17,explicit,1.0
新光人壽保險股份有限公司（原台新人壽）,屏揚通訊處,屏東縣屏東市自由路１８８號７樓,屏東縣,屏東市,1994-09-10,explicit,1.0
新光人壽保險股份有限公司（原台新人壽）,屏欣通訊處,屏東縣屏東市自由路１８８號８樓Ａ室,屏東縣,屏東市,1994-09-17,explicit,1.0
新光人壽保險股份有限公司（原台新人壽）,東市通訊處,台東縣台東市更生路３３７號２樓,臺東縣,臺東市,1978-12-05,explicit,1.0
新光人壽保險股份有限公司（原台新人壽）,東鑫關山分通訊處,台東縣關山鎮和平路１之１２號,臺東縣,關山鎮,1986-10-18,explicit,1.0
新光人壽保險股份有限公司（原台新人壽）,東鑫通訊處,台東縣台東市更生路３３７號３樓,臺東縣,臺東市,1994-09-10,explicit,1.0
新光人壽保險股份有限公司（原台新人壽）,東勝通訊處,台東縣台東市更生路３３７號５樓,臺東縣,臺東市,1994-09-10,explicit,1.0
新光人壽保險股份有限公司（原台新人壽）,東昌通訊處,台東縣台東市更生路３３７號６樓,臺東縣,臺東市,1994-09-10,explicit,1.0
新光人壽保險股份有限公司（原台新人壽）,東昌新港分通訊處,台東縣成功鎮中正路１００號,臺東縣,成功鎮,1994-11-16,explicit,1.0
新光人壽保險股份有限公司（原台新人壽）,花東東昇分通訊處,台東縣台東市更生路３３７號７樓,臺東縣,臺東市,2008-11-19,explicit,1.0
新光人壽保險股份有限公司（原台新人壽）,玉里通訊處,花蓮縣玉里鎮中山路一段９６號２樓,花蓮縣,玉里鎮,1981-07-25,explicit,1.0
新光人壽保險股份有限公司（原台新人壽）,花市通訊處,花蓮縣花蓮市國聯一路３７號５樓,花蓮縣,花蓮市,1994-12-07,explicit,1.0
新光人壽保險股份有限公司（原台新人壽）,保吉通訊處,花蓮縣花蓮市國聯一路３７號６樓,花蓮縣,花蓮市,1994-09-17,explicit,1.0
新光人壽保險股份有限公司（原台新人壽）,玉里瑞穗分通訊處,花蓮縣瑞穗鄉中山路一段４６號,花蓮縣,瑞穗鄉,1986-10-18,explicit,1.0
新光人壽保險股份有限公司（原台新人壽）,花東玉里分通訊處,花蓮縣玉里鎮中山路一段９６號２樓,花蓮縣,玉里鎮,2011-06-03,explicit,1.0
新光人壽保險股份有限公司（原台新人壽）,花東通訊處,花蓮市國聯一路３７號２樓,花蓮縣,花蓮市,2012-01-19,implicit_city,0.8
新光人壽保險股份有限公司（原台新人壽）,馬公通訊處,澎湖縣馬公市中華路２４４號,澎湖縣,馬公市,1978-12-05,explicit,1.0
新光人壽保險股份有限公司（原台新人壽）,一心通訊處,台北市中山區復興北路３７８號１２樓,臺北市,中山區,2006-02-06,explicit,1.0
新光人壽保險股份有限公司（原台新人壽）,松江通訊處,台北市中山區復興北路３７８號１３樓,臺北市,中山區,1990-08-20,explicit,1.0
新光人壽保險股份有限公司（原台新人壽）,承德通訊處,台北市松山區復興北路９９號９樓之２,臺北市,松山區,1994-05-03,explicit,1.0
新光人壽保險股份有限公司（原台新人壽）,新生通訊處,台北市松山區復興北路３３７號２樓,臺北市,松山區,1994-09-12,explicit,1.0
新光人壽保險股份有限公司（原台新人壽）,京典通訊處,台北市中山區民生東路三段７１號１０樓,臺北市,中山區,2009-07-01,explicit,1.0
新光人壽保險股份有限公司（原台新人壽）,永豐通訊處,台北市信義區忠孝東路四段５６３號１５樓,臺北市,信義區,2000-01-28,explicit,1.0
新光人壽保險股份有限公司（原台新人壽）,南京通訊處,台北市大安區仁愛路四段１號４樓,臺北市,大安區,2003-07-01,explicit,1.0
新光人壽保險股份有限公司（原台新人壽）,菁英通訊處,台北市松山區復興北路９９號９樓之２,臺北市,松山區,2019-04-01,explicit,1.0
新光人壽保險股份有限公司（原台新人壽）,台中誠邑通訊處,台中巿西區臺灣大道二段３０７號１６樓,臺中市,西區,2000-01-28,explicit,1.0
新光人壽保險股份有限公司（原台新人壽）,台中翊豐通訊處,台中巿西區臺灣大道二段２１８號２０樓,臺中市,西區,1994-09-12,explicit,1.0
新光人壽保險股份有限公司（原台新人壽）,台中卓越通訊處,台中巿西區臺灣大道二段２１８號１９樓,臺中市,西區,2017-04-01,explicit,1.0
新光人壽保險股份有限公司（原台新人壽）,領航通訊處,台南市東區林森路一段３９５號１４樓,臺南市,東區,2007-08-01,explicit,1.0
新光人壽保險股份有限公司（原台新人壽）,林森通訊處,台南市東區林森路一段３９５號４樓之１,臺南市,東區,2019-04-01,explicit,1.0
新光人壽保險股份有限公司（原台新人壽）,高雄通訊處,高雄市前鎮區中山二路９１號５樓,高雄市,前鎮區,2004-03-10,explicit,1.0
新光人壽保險股份有限公司（原台新人壽）,立大通訊處,高雄市前鎮區中山二路９１號５樓,高雄市,前鎮區,2019-04-01,explicit,1.0
新光人壽保險股份有限公司（原台新人壽）,桃園通訊處,桃園市桃園區中正路１３５３號３樓,桃園市,桃園區,1993-09-20,explicit,1.0
新光人壽保險股份有限公司（原台新人壽）,新竹通訊處,新竹縣竹北市光明五街２１０號６樓,新竹縣,竹北市,2000-01-28,explicit,1.0
新光人壽保險股份有限公司（原台新人壽）,天下通訊處,新竹縣竹北市光明五街２１２號６樓,新竹縣,竹北市,2006-07-01,explicit,1.0
新光人壽保險股份有限公司（原台新人壽）,桂田通訊處,台南市東區林森路一段３９５號４樓之１,臺南市,東區,2026-06-01,explicit,1.0
新光人壽保險股份有限公司（原台新人壽）,台北電話行銷中心,臺北市松山區南京東路五路１２５號１５樓,臺北市,松山區,2017-03-31,explicit,1.0
新光人壽保險股份有限公司（原台新人壽）,高雄電話行銷中心,高雄市新興區七賢一路２４９號１７樓,高雄市,新興區,2017-03-31,explicit,1.0
新光人壽保險股份有限公司（原台新人壽）,中山區部通訊處,台北市松山區南京東路五段１２５號５樓,臺北市,松山區,2021-01-25,explicit,1.0
新光人壽保險股份有限公司（原台新人壽）,士林區部通訊處,台北市大同區承德路三段１８６號５樓,臺北市,大同區,2021-01-25,explicit,1.0
新光人壽保險股份有限公司（原台新人壽）,松信區部通訊處,台北市大安區復興南路１段１２７號１３樓,臺北市,大安區,2021-01-25,explicit,1.0
新光人壽保險股份有限公司（原台新人壽）,復興區部通訊處,台中市南區復興路三段４６５號６樓,臺中市,南區,2021-01-26,explicit,1.0
新光人壽保險股份有限公司（原台新人壽）,豐原區部通訊處,臺中市大雅區中清路三段１１８７號８樓,臺中市,大雅區,2021-01-27,explicit,1.0
新光人壽保險股份有限公司（原台新人壽）,惠國區部通訊處,台中市西屯區文心路二段６４５號１０樓,臺中市,西屯區,2021-01-28,explicit,1.0
新光人壽保險股份有限公司（原台新人壽）,南市區部通訊處,台南市中西區民生路二段３０７號２１樓,臺南市,中西區,2021-01-31,explicit,1.0
新光人壽保險股份有限公司（原台新人壽）,南都區部通訊處,臺南市新營區中山路１３８號８樓,臺南市,新營區,2021-02-02,explicit,1.0
新光人壽保險股份有限公司（原台新人壽）,高都區部通訊處,高雄市岡山區岡山路３３９號６樓,高雄市,岡山區,2021-02-04,explicit,1.0
新光人壽保險股份有限公司（原台新人壽）,鳳山區部通訊處,高雄市鳳山區建國路三段２４２號５樓Ｂ室,高雄市,鳳山區,2021-02-05,explicit,1.0
新光人壽保險股份有限公司（原台新人壽）,高市區部通訊處,高雄市新興區七賢一路２４９號１１樓,高雄市,新興區,2021-02-06,explicit,1.0
新光人壽保險股份有限公司（原台新人壽）,樹林區部通訊處,新北市樹林區樹新路１７號２樓,新北市,樹林區,2021-02-07,explicit,1.0
新光人壽保險股份有限公司（原台新人壽）,板橋區部通訊處,新北市板橋區中山路一段１４１號１２樓,新北市,板橋區,2021-02-08,explicit,1.0
新光人壽保險股份有限公司（原台新人壽）,新莊區部通訊處,新北市新莊區中正路１４９號６樓,新北市,新莊區,2021-02-09,explicit,1.0
新光人壽保險股份有限公司（原台新人壽）,大文區部通訊處,新北市永和區保生路１號１７樓Ａ室,新北市,永和區,2021-02-10,explicit,1.0
新光人壽保險股份有限公司（原台新人壽）,宜花區部通訊處,宜蘭縣宜蘭市光復路４８號９樓,宜蘭縣,宜蘭市,2021-02-11,explicit,1.0
新光人壽保險股份有限公司（原台新人壽）,桃園區部通訊處,桃園市桃園區復興路２０７號９樓之１,桃園市,桃園區,2021-02-12,explicit,1.0
新光人壽保險股份有限公司（原台新人壽）,中壢區部通訊處,桃園市中壢區環西路１２１號１０樓,桃園市,中壢區,2021-02-13,explicit,1.0
新光人壽保險股份有限公司（原台新人壽）,員林區部通訊處,彰化縣員林市中山路二段３４６號４樓,彰化縣,員林市,2021-02-15,explicit,1.0
新光人壽保險股份有限公司（原台新人壽）,彰化區部通訊處,彰化縣彰化市建國北路１７０號４樓,彰化縣,彰化市,2021-02-16,explicit,1.0
新光人壽保險股份有限公司（原台新人壽）,南投區部通訊處,南投縣草屯鎮中正路６１０號４樓,南投縣,草屯鎮,2021-02-17,explicit,1.0
新光人壽保險股份有限公司（原台新人壽）,雲嘉區部通訊處,雲林縣斗六市雲林路二段２２５號７樓,雲林縣,斗六市,2021-02-18,explicit,1.0
新光人壽保險股份有限公司（原台新人壽）,屏東區部通訊處,屏東縣屏東市自由路１８８號９樓,屏東縣,屏東市,2021-02-19,explicit,1.0
新光人壽保險股份有限公司（原台新人壽）,台東區部通訊處,台東縣台東市更生路３３７號７樓,臺東縣,臺東市,2021-02-20,explicit,1.0
新光人壽保險股份有限公司（原台新人壽）,基隆區部通訊處,基隆市仁愛區仁一路２５９號１０樓,基隆市,仁愛區,2021-02-22,explicit,1.0
新光人壽保險股份有限公司（原台新人壽）,新苗區部通訊處,新竹市中央路１８９號７樓,新竹市,東區,2021-02-23,road_lookup_scope,0.85
