縣市,鄉鎮市區,統計年月,戶數,人口數,男,女,age_00_04_m,age_00_04_f,age_00_04_total,age_05_09_m,age_05_09_f,age_05_09_total,age_10_14_m,age_10_14_f,age_10_14_total,age_15_19_m,age_15_19_f,age_15_19_total,age_20_24_m,age_20_24_f,age_20_24_total,age_25_29_m,age_25_29_f,age_25_29_total,age_30_34_m,age_30_34_f,age_30_34_total,age_35_39_m,age_35_39_f,age_35_39_total,age_40_44_m,age_40_44_f,age_40_44_total,age_45_49_m,age_45_49_f,age_45_49_total,age_50_54_m,age_50_54_f,age_50_54_total,age_55_59_m,age_55_59_f,age_55_59_total,age_60_64_m,age_60_64_f,age_60_64_total,age_65_69_m,age_65_69_f,age_65_69_total,age_70_74_m,age_70_74_f,age_70_74_total,age_75_79_m,age_75_79_f,age_75_79_total,age_80_84_m,age_80_84_f,age_80_84_total,age_85_89_m,age_85_89_f,age_85_89_total,age_90_94_m,age_90_94_f,age_90_94_total,age_95_99_m,age_95_99_f,age_95_99_total,age_100up_m,age_100up_f,age_100up_total,0_14歲人口,15_64歲人口,40_64歲人口,65歲以上人口,40_64歲占比,65歲以上占比,老化指數,扶幼比,扶老比,扶養比
南投縣,中寮鄉,11506,5622,12744,6959,5785,81,91,172,135,113,248,188,151,339,183,172,355,310,268,578,437,358,795,417,297,714,374,285,659,442,380,822,465,405,870,483,436,919,707,516,1223,809,555,1364,664,456,1120,502,402,904,328,302,630,184,247,431,172,199,371,67,109,176,11,39,50,0,4,4,759,8299,5198,3686,40.79,28.92,485.6,9.1,44.4,53.6
南投縣,仁愛鄉,11506,4953,15200,7818,7382,372,322,694,379,354,733,362,315,677,463,391,854,525,517,1042,568,517,1085,643,552,1195,521,431,952,569,478,1047,606,547,1153,538,497,1035,558,540,1098,599,623,1222,472,524,996,350,352,702,163,199,362,69,117,186,39,76,115,16,26,42,3,2,5,3,2,5,2104,10683,5555,2413,36.55,15.88,114.7,19.7,22.6,42.3
南投縣,信義鄉,11506,5243,14806,7893,6913,303,309,612,345,335,680,335,303,638,388,349,737,472,406,878,586,520,1106,673,562,1235,628,447,1075,622,482,1104,537,505,1042,500,434,934,603,480,1083,626,543,1169,560,415,975,353,339,692,174,183,357,101,129,230,60,111,171,21,47,68,4,11,15,2,3,5,1930,10363,5332,2513,36.01,16.97,130.2,18.6,24.2,42.9
南投縣,南投市,11506,38499,95723,47498,48225,1158,1114,2272,1906,1858,3764,2553,2379,4932,2155,1887,4042,2560,2245,4805,3168,2883,6051,3539,3076,6615,3411,2937,6348,3716,3529,7245,3766,3687,7453,3152,3372,6524,3406,3744,7150,3548,4015,7563,3361,3727,7088,2685,3007,5692,1662,1989,3651,835,1256,2091,604,954,1558,234,451,685,63,96,159,16,19,35,10968,63796,35935,20959,37.54,21.9,191.1,17.2,32.9,50.0
南投縣,名間鄉,11506,13574,34226,18008,16218,306,302,608,496,425,921,562,427,989,652,579,1231,954,878,1832,1280,1089,2369,1276,1062,2338,1127,863,1990,1273,1041,2314,1364,1238,2602,1363,1183,2546,1553,1352,2905,1677,1415,3092,1455,1208,2663,1081,1070,2151,666,828,1494,425,531,956,342,446,788,127,222,349,26,54,80,3,5,8,2518,23219,13459,8489,39.32,24.8,337.1,10.8,36.6,47.4
南投縣,國姓鄉,11506,7059,15794,8531,7263,101,92,193,176,172,348,191,163,354,223,233,456,437,364,801,520,406,926,580,432,1012,546,362,908,518,421,939,610,509,1119,659,562,1221,897,614,1511,950,708,1658,765,610,1375,571,539,1110,336,390,726,221,294,515,158,245,403,52,102,154,18,37,55,2,8,10,895,10551,6448,4348,40.83,27.53,485.8,8.5,41.2,49.7
南投縣,埔里鎮,11506,31071,75761,37329,38432,988,905,1893,1374,1300,2674,1672,1611,3283,1534,1504,3038,1942,1809,3751,2680,2411,5091,2650,2290,4940,2437,2191,4628,2644,2559,5203,2842,3005,5847,2576,2839,5415,2853,3084,5937,3110,3321,6431,2771,3035,5806,2276,2711,4987,1467,1644,3111,772,1041,1813,498,733,1231,185,345,530,54,84,138,4,10,14,7850,50281,28833,17630,38.06,23.27,224.6,15.6,35.1,50.7
南投縣,水里鄉,11506,7126,15316,8003,7313,126,118,244,250,209,459,233,260,493,245,238,483,369,365,734,473,404,877,516,404,920,468,385,853,579,476,1055,609,473,1082,564,446,1010,724,564,1288,730,632,1362,716,701,1417,608,548,1156,346,420,766,231,287,518,138,234,372,62,112,174,14,33,47,2,4,6,1196,9664,5797,4456,37.85,29.09,372.6,12.4,46.1,58.5
南投縣,竹山鎮,11506,21078,49633,25231,24402,499,472,971,793,751,1544,1000,929,1929,919,965,1884,1338,1220,2558,1699,1530,3229,1718,1365,3083,1620,1307,2927,1844,1753,3597,2049,1923,3972,1868,1714,3582,2077,1948,4025,2143,2002,4145,1876,1855,3731,1571,1688,3259,1071,1253,2324,563,779,1342,407,616,1023,140,245,385,34,75,109,2,12,14,4444,33002,19321,12187,38.93,24.55,274.2,13.5,36.9,50.4
南投縣,草屯鎮,11506,38194,98148,48796,49352,1857,1726,3583,1986,1791,3777,2138,1868,4006,2067,1913,3980,2563,2391,4954,3326,3090,6416,3719,3504,7223,3475,3189,6664,3705,3528,7233,3888,3979,7867,3237,3524,6761,3561,3801,7362,3670,3911,7581,3331,3685,7016,2866,2971,5837,1636,1911,3547,903,1108,2011,599,954,1553,220,390,610,47,108,155,2,10,12,11366,66041,36804,20741,37.5,21.13,182.5,17.2,31.4,48.6
南投縣,集集鎮,11506,4455,10375,5351,5024,144,117,261,167,130,297,158,159,317,181,170,351,264,240,504,379,373,752,383,349,732,306,278,584,363,325,688,350,368,718,372,390,762,534,392,926,507,430,937,441,347,788,301,285,586,214,229,443,127,179,306,99,173,272,46,73,119,15,15,30,0,2,2,875,6954,4031,2546,38.85,24.54,291.0,12.6,36.6,49.2
南投縣,魚池鄉,11506,5743,13998,7326,6672,147,102,249,202,176,378,193,178,371,261,219,480,351,339,690,497,431,928,474,407,881,452,372,824,474,443,917,532,496,1028,573,513,1086,639,527,1166,678,598,1276,638,526,1164,532,461,993,319,318,637,168,236,404,125,217,342,59,84,143,11,25,36,1,4,5,998,9276,5473,3724,39.1,26.6,373.1,10.8,40.1,50.9
南投縣,鹿谷鄉,11506,7796,15358,8181,7177,124,115,239,198,156,354,149,154,303,226,204,430,314,280,594,423,416,839,506,457,963,513,374,887,541,421,962,645,485,1130,570,480,1050,711,575,1286,835,736,1571,835,706,1541,655,543,1198,387,405,792,232,268,500,218,237,455,73,122,195,23,35,58,3,8,11,896,9712,5999,4750,39.06,30.93,530.1,9.2,48.9,58.1
嘉義市,東區,11506,49015,116540,55091,61449,1619,1560,3179,2319,2293,4612,2959,2817,5776,2669,2488,5157,3031,3008,6039,4118,3822,7940,3883,3881,7764,3619,3684,7303,3882,4345,8227,4144,4834,8978,3725,4604,8329,4115,4971,9086,4146,4856,9002,3736,4279,8015,3099,3803,6902,1901,2683,4584,1076,1651,2727,695,1188,1883,278,521,799,65,145,210,12,16,28,13567,77825,43622,25148,37.43,21.58,185.4,17.4,32.3,49.7
嘉義市,西區,11506,60363,144957,69779,75178,2150,1948,4098,3209,2830,6039,3877,3697,7574,3614,3245,6859,4102,3635,7737,5070,4916,9986,5020,4845,9865,4451,4665,9116,5203,5792,10995,5810,6636,12446,4905,5881,10786,5081,5840,10921,5088,5560,10648,4271,4958,9229,3605,4229,7834,2197,2921,5118,1111,1690,2801,656,1193,1849,285,543,828,67,134,201,7,20,27,17711,99359,55796,27887,38.49,19.24,157.5,17.8,28.1,45.9
嘉義縣,中埔鄉,11506,16979,41203,21355,19848,451,411,862,527,472,999,590,522,1112,774,694,1468,1110,976,2086,1531,1267,2798,1494,1178,2672,1532,1157,2689,1751,1388,3139,1793,1631,3424,1540,1463,3003,1744,1511,3255,1839,1774,3613,1732,1725,3457,1374,1455,2829,770,932,1702,387,604,991,290,434,724,103,215,318,21,34,55,2,5,7,2973,28147,16434,10083,39.89,24.47,339.2,10.6,35.8,46.4
嘉義縣,六腳鄉,11506,8796,19877,10600,9277,219,183,402,160,158,318,156,176,332,318,284,602,512,467,979,597,516,1113,661,532,1193,608,457,1065,600,517,1117,746,676,1422,784,646,1430,1092,728,1820,1137,786,1923,1038,721,1759,739,651,1390,535,570,1105,351,507,858,236,418,654,89,197,286,19,77,96,3,10,13,1052,12664,7712,6161,38.8,31.0,585.6,8.3,48.6,57.0
嘉義縣,大埔鄉,11506,1860,4139,2089,2050,47,41,88,70,50,120,61,49,110,70,63,133,107,116,223,129,142,271,121,131,252,114,133,247,146,150,296,192,180,372,191,165,356,186,162,348,170,166,336,165,150,315,160,158,318,86,95,181,43,49,92,17,31,48,14,14,28,0,3,3,0,2,2,318,2834,1708,987,41.27,23.85,310.4,11.2,34.8,46.0
嘉義縣,大林鎮,11506,12334,29511,14884,14627,342,317,659,420,469,889,536,527,1063,542,517,1059,801,707,1508,1024,961,1985,1098,933,2031,944,807,1751,992,920,1912,975,1121,2096,1022,1011,2033,1261,1168,2429,1379,1160,2539,1153,1083,2236,947,950,1897,650,745,1395,357,504,861,295,437,732,115,216,331,27,69,96,4,5,9,2611,19343,11009,7557,37.3,25.61,289.4,13.5,39.1,52.6
嘉義縣,太保市,11506,16187,39687,19941,19746,571,559,1130,854,822,1676,971,917,1888,957,899,1856,1178,1164,2342,1651,1460,3111,1554,1366,2920,1372,1235,2607,1473,1452,2925,1518,1801,3319,1486,1677,3163,1528,1539,3067,1563,1424,2987,1241,1086,2327,910,871,1781,543,587,1130,293,401,694,185,292,477,77,149,226,16,45,61,0,0,0,4694,28297,15461,6696,38.96,16.87,142.7,16.6,23.7,40.3
嘉義縣,布袋鎮,11506,9827,23265,11892,11373,186,205,391,252,223,475,281,214,495,362,340,702,607,533,1140,720,658,1378,779,599,1378,684,556,1240,799,776,1575,981,1030,2011,1069,910,1979,1171,1001,2172,1216,999,2215,985,886,1871,760,846,1606,463,583,1046,284,438,722,219,405,624,62,129,191,10,39,49,2,3,5,1361,15790,9952,6114,42.78,26.28,449.2,8.6,38.7,47.3
嘉義縣,新港鄉,11506,11340,28818,15199,13619,339,312,651,397,386,783,554,485,1039,543,484,1027,863,769,1632,1125,921,2046,1000,852,1852,864,694,1558,971,877,1848,1048,1025,2073,1056,1011,2067,1288,1017,2305,1484,1080,2564,1245,920,2165,906,832,1738,646,647,1293,390,541,931,317,440,757,133,253,386,28,65,93,2,8,10,2473,18972,10857,7373,37.67,25.58,298.1,13.0,38.9,51.9
嘉義縣,朴子市,11506,17145,39920,19982,19938,507,447,954,834,783,1617,994,915,1909,842,790,1632,1207,1103,2310,1454,1355,2809,1332,1202,2534,1166,1107,2273,1310,1429,2739,1467,1602,3069,1422,1502,2924,1600,1507,3107,1651,1431,3082,1380,1263,2643,1155,1164,2319,709,845,1554,467,613,1080,330,549,879,116,247,363,37,75,112,2,9,11,4480,26479,14921,8961,37.38,22.45,200.0,16.9,33.8,50.8
嘉義縣,東石鄉,11506,8994,21551,11417,10134,209,175,384,202,187,389,243,210,453,391,285,676,623,520,1143,710,609,1319,651,492,1143,537,513,1050,799,737,1536,1081,983,2064,1053,886,1939,1086,719,1805,1123,772,1895,907,682,1589,667,708,1375,480,544,1024,309,428,737,236,421,657,85,198,283,24,55,79,1,10,11,1226,14570,9239,5755,42.87,26.7,469.4,8.4,39.5,47.9
嘉義縣,梅山鄉,11506,6963,17110,9042,8068,216,201,417,209,211,420,252,220,472,285,242,527,377,331,708,569,496,1065,611,467,1078,550,400,950,621,510,1131,596,504,1100,667,609,1276,760,652,1412,865,690,1555,813,669,1482,664,574,1238,423,461,884,281,320,601,189,300,489,72,152,224,16,51,67,6,8,14,1309,10802,6474,4999,37.84,29.22,381.9,12.1,46.3,58.4
嘉義縣,民雄鄉,11506,28643,69482,35278,34204,796,754,1550,1229,1094,2323,1361,1199,2560,1448,1316,2764,2001,1752,3753,2631,2402,5033,2716,2312,5028,2457,2058,4515,2683,2519,5202,2892,2798,5690,2594,2553,5147,2746,2731,5477,2869,2847,5716,2612,2641,5253,1916,2029,3945,1160,1321,2481,576,827,1403,383,665,1048,167,311,478,37,65,102,4,10,14,6433,48325,27232,14724,39.19,21.19,228.9,13.3,30.5,43.8
嘉義縣,水上鄉,11506,19801,46561,24023,22538,448,416,864,586,534,1120,621,557,1178,820,778,1598,1233,1140,2373,1789,1551,3340,1797,1505,3302,1789,1257,3046,1942,1521,3463,2047,1765,3812,1809,1674,3483,2079,1862,3941,2100,2067,4167,1875,1825,3700,1435,1632,3067,792,1046,1838,392,654,1046,306,473,779,124,225,349,34,52,86,5,4,9,3162,32525,18866,10874,40.52,23.35,343.9,9.7,33.4,43.2
嘉義縣,溪口鄉,11506,5328,12518,6726,5792,93,86,179,131,145,276,149,148,297,200,180,380,333,300,633,471,354,825,445,343,788,379,286,665,376,338,714,453,438,891,489,412,901,663,455,1118,717,466,1183,567,397,964,462,386,848,310,340,650,250,318,568,158,236,394,68,131,199,12,31,43,0,2,2,752,8098,4807,3668,38.4,29.3,487.8,9.3,45.3,54.6
嘉義縣,番路鄉,11506,4486,10519,5610,4909,104,91,195,110,117,227,118,90,208,187,154,341,291,239,530,357,332,689,348,327,675,363,260,623,367,287,654,398,359,757,416,383,799,538,411,949,566,440,1006,524,435,959,419,357,776,243,248,491,119,158,277,92,134,226,39,66,105,11,19,30,0,2,2,630,7023,4165,2866,39.6,27.25,454.9,9.0,40.8,49.8
嘉義縣,竹崎鄉,11506,12205,31969,16924,15045,323,321,644,384,369,753,519,431,950,587,530,1117,817,766,1583,1070,920,1990,1112,938,2050,1126,801,1927,1243,962,2205,1262,1118,2380,1172,1063,2235,1425,1129,2554,1695,1320,3015,1498,1279,2777,1207,1079,2286,712,801,1513,388,508,896,247,448,695,105,203,308,29,52,81,3,7,10,2347,21056,12389,8566,38.75,26.79,365.0,11.1,40.7,51.8
嘉義縣,義竹鄉,11506,7005,15779,8233,7546,152,147,299,145,152,297,196,161,357,206,182,388,328,326,654,480,387,867,474,399,873,421,404,825,499,431,930,602,550,1152,551,559,1110,748,642,1390,964,713,1677,818,595,1413,665,580,1245,430,417,847,228,326,554,218,352,570,87,170,257,19,47,66,2,6,8,953,9866,6259,4960,39.67,31.43,520.5,9.7,50.3,59.9
嘉義縣,阿里山鄉,11506,1848,5153,2678,2475,99,84,183,88,97,185,96,94,190,130,88,218,162,125,287,191,162,353,211,175,386,163,147,310,178,176,354,196,195,391,182,144,326,206,195,401,238,223,461,205,185,390,154,153,307,82,109,191,52,54,106,35,41,76,7,21,28,2,6,8,1,1,2,558,3487,1933,1108,37.51,21.5,198.6,16.0,31.8,47.8
嘉義縣,鹿草鄉,11506,5892,13342,7253,6089,143,145,288,128,106,234,135,133,268,198,171,369,320,292,612,427,354,781,429,328,757,380,297,677,502,370,872,524,407,931,505,423,928,639,459,1098,814,479,1293,711,501,1212,554,426,980,350,391,741,215,298,513,199,305,504,67,148,215,11,50,61,2,6,8,790,8318,5122,4234,38.39,31.73,535.9,9.5,50.9,60.4
基隆市,七堵區,11506,23599,52094,25921,26173,551,529,1080,880,850,1730,1063,1016,2079,1041,1010,2051,1282,1189,2471,1741,1629,3370,1947,1695,3642,1857,1607,3464,2022,1937,3959,2168,2128,4296,1935,1989,3924,2085,2054,4139,2117,2270,4387,2040,2161,4201,1531,1774,3305,842,1100,1942,425,546,971,270,462,732,97,181,278,20,39,59,7,7,14,4889,35703,20705,11502,39.75,22.08,235.3,13.7,32.2,45.9
基隆市,中山區,11506,21394,45342,22814,22528,494,409,903,609,533,1142,621,616,1237,774,733,1507,1140,1042,2182,1580,1451,3031,1838,1560,3398,1671,1397,3068,1576,1466,3042,1768,1725,3493,1874,1892,3766,2037,1938,3975,2042,1998,4040,1752,1892,3644,1415,1600,3015,874,997,1871,367,564,931,259,458,717,90,193,283,30,57,87,3,7,10,3282,31502,18316,10558,40.4,23.29,321.7,10.4,33.5,43.9
基隆市,中正區,11506,25869,51373,25716,25657,534,469,1003,619,636,1255,811,761,1572,983,843,1826,1217,1130,2347,1752,1535,3287,1911,1648,3559,1807,1511,3318,1911,1808,3719,2150,2149,4299,2064,2000,4064,2134,2151,4285,2256,2204,4460,2044,2206,4250,1660,1922,3582,997,1250,2247,406,652,1058,305,528,833,102,196,298,35,44,79,18,14,32,3830,35164,20827,12379,40.54,24.1,323.2,10.9,35.2,46.1
基隆市,仁愛區,11506,19178,39414,19269,20145,362,375,737,945,901,1846,1257,1176,2433,665,607,1272,790,701,1491,1040,961,2001,1119,1050,2169,1233,1154,2387,1346,1490,2836,1539,1687,3226,1366,1419,2785,1545,1429,2974,1592,1559,3151,1509,1601,3110,1319,1540,2859,823,1065,1888,418,627,1045,269,498,767,102,227,329,22,69,91,8,9,17,5016,24292,14972,10106,37.99,25.64,201.5,20.6,41.6,62.3
基隆市,信義區,11506,24479,52333,25665,26668,657,607,1264,901,778,1679,798,773,1571,1011,882,1893,1244,1125,2369,1784,1719,3503,2031,1818,3849,1950,1675,3625,1974,1851,3825,1941,2051,3992,1854,2070,3924,2030,2259,4289,2107,2322,4429,1981,2330,4311,1633,1920,3553,956,1165,2121,423,617,1040,248,450,698,87,187,274,36,58,94,19,11,30,4514,35698,20459,12121,39.09,23.16,268.5,12.6,34.0,46.6
基隆市,安樂區,11506,36857,79629,39044,40585,854,728,1582,1374,1242,2616,1795,1642,3437,1665,1540,3205,1984,1761,3745,2836,2465,5301,2871,2683,5554,2517,2436,4953,2830,2732,5562,3233,3344,6577,3114,3269,6383,3097,3541,6638,3209,3581,6790,2870,3230,6100,2323,2998,5321,1378,1692,3070,587,781,1368,348,620,968,111,240,351,39,53,92,9,7,16,7635,54708,31950,17286,40.12,21.71,226.4,14.0,31.6,45.6
基隆市,暖暖區,11506,17530,38389,19064,19325,418,384,802,691,644,1335,774,761,1535,750,715,1465,948,785,1733,1346,1231,2577,1509,1354,2863,1354,1253,2607,1384,1319,2703,1505,1540,3045,1428,1482,2910,1568,1776,3344,1715,1849,3564,1469,1585,3054,1094,1164,2258,606,692,1298,258,380,638,148,285,433,70,94,164,25,27,52,4,5,9,3672,26811,15566,7906,40.55,20.59,215.3,13.7,29.5,43.2
宜蘭縣,三星鄉,11506,10217,21474,11499,9975,210,185,395,291,221,512,360,277,637,386,350,736,565,490,1055,770,656,1426,840,679,1519,715,521,1236,805,675,1480,908,745,1653,888,830,1718,1079,913,1992,1131,907,2038,917,761,1678,672,608,1280,402,391,793,253,318,571,201,278,479,87,130,217,16,36,52,3,4,7,1544,14853,8881,5077,41.36,23.64,328.8,10.4,34.2,44.6
宜蘭縣,五結鄉,11506,18703,41766,20981,20785,702,650,1352,632,563,1195,615,565,1180,771,728,1499,1013,983,1996,1564,1371,2935,1789,1597,3386,1572,1388,2960,1647,1556,3203,1761,1760,3521,1605,1678,3283,1674,1742,3416,1696,1722,3418,1406,1427,2833,1114,1212,2326,668,712,1380,379,487,866,271,423,694,83,173,256,18,45,63,1,3,4,3727,29617,16841,8422,40.32,20.16,226.0,12.6,28.4,41.0
宜蘭縣,冬山鄉,11506,22530,52787,26615,26172,697,663,1360,943,959,1902,999,952,1951,1153,1098,2251,1319,1270,2589,1840,1632,3472,2018,1715,3733,1872,1597,3469,2077,1937,4014,2186,2110,4296,1966,2026,3992,2174,2005,4179,2097,2195,4292,1882,1949,3831,1474,1562,3036,891,964,1855,515,658,1173,352,593,945,133,225,358,25,55,80,2,7,9,5213,36287,20773,11287,39.35,21.38,216.5,14.4,31.1,45.5
宜蘭縣,南澳鄉,11506,2203,6250,3149,3101,211,207,418,160,167,327,152,187,339,207,182,389,229,230,459,226,228,454,223,206,429,220,197,417,260,189,449,231,167,398,191,199,390,212,198,410,227,236,463,182,231,413,122,124,246,50,60,110,23,45,68,19,30,49,4,13,17,0,5,5,0,0,0,1084,4258,2110,908,33.76,14.53,83.8,25.5,21.3,46.8
宜蘭縣,員山鄉,11506,13742,32281,16940,15341,402,381,783,449,437,886,582,464,1046,624,558,1182,919,774,1693,1234,1084,2318,1458,1173,2631,1203,978,2181,1228,1077,2305,1249,1146,2395,1296,1189,2485,1528,1304,2832,1472,1339,2811,1227,1088,2315,836,853,1689,510,497,1007,341,424,765,243,364,607,108,154,262,28,52,80,3,5,8,2715,22833,12828,6733,39.74,20.86,248.0,11.9,29.5,41.4
宜蘭縣,壯圍鄉,11506,10406,24531,12742,11789,345,325,670,339,328,667,352,345,697,438,404,842,663,591,1254,957,808,1765,981,866,1847,949,793,1742,914,842,1756,1025,972,1997,1013,911,1924,1140,978,2118,1106,971,2077,943,858,1801,694,652,1346,373,430,803,258,317,575,169,247,416,65,121,186,17,29,46,1,1,2,2034,17322,9872,5175,40.24,21.1,254.4,11.7,29.9,41.6
宜蘭縣,大同鄉,11506,2099,6047,3246,2801,190,151,341,132,135,267,157,129,286,173,168,341,219,197,416,258,214,472,228,202,430,203,165,368,254,189,443,265,205,470,215,179,394,228,203,431,283,222,505,196,199,395,129,107,236,59,59,118,29,34,63,19,28,47,7,12,19,2,2,4,0,1,1,894,4270,2243,883,37.09,14.6,98.8,20.9,20.7,41.6
宜蘭縣,宜蘭市,11506,41360,94124,45647,48477,1216,1128,2344,2283,2127,4410,2833,2622,5455,2102,2044,4146,2496,2223,4719,3127,2926,6053,3368,3151,6519,3061,2965,6026,3420,3483,6903,3590,3941,7531,3186,3686,6872,3417,3827,7244,3286,3721,7007,2846,3324,6170,2304,2841,5145,1416,1875,3291,871,1214,2085,576,901,1477,172,358,530,62,104,166,15,16,31,12209,63020,35557,18895,37.78,20.07,154.8,19.4,30.0,49.4
宜蘭縣,礁溪鄉,11506,17858,36528,18673,17855,517,462,979,525,490,1015,576,537,1113,663,638,1301,810,795,1605,1287,1181,2468,1494,1375,2869,1354,1215,2569,1337,1272,2609,1515,1429,2944,1376,1248,2624,1582,1486,3068,1667,1585,3252,1377,1312,2689,1100,1062,2162,682,675,1357,394,482,876,284,379,663,109,175,284,21,46,67,3,11,14,3107,25309,14497,8112,39.69,22.21,261.1,12.3,32.1,44.3
宜蘭縣,羅東鎮,11506,28937,68482,32299,36183,1038,1017,2055,1878,1788,3666,2326,2124,4450,1624,1568,3192,1692,1699,3391,2139,2117,4256,2223,2178,4401,2128,2245,4373,2285,2604,4889,2274,2878,5152,2066,2478,4544,2186,2599,4785,2187,2622,4809,1992,2556,4548,1848,2191,4039,1093,1406,2499,626,927,1553,468,747,1215,177,329,506,44,102,146,5,8,13,10171,43792,24179,14519,35.31,21.2,142.7,23.2,33.2,56.4
宜蘭縣,蘇澳鎮,11506,15258,36274,18365,17909,388,386,774,597,549,1146,668,609,1277,696,604,1300,898,855,1753,1201,1061,2262,1306,1066,2372,1254,991,2245,1247,1275,2522,1474,1387,2861,1389,1407,2796,1599,1464,3063,1561,1457,3018,1338,1345,2683,1119,1231,2350,682,824,1506,475,622,1097,334,489,823,109,234,343,27,44,71,3,9,12,3197,24192,14260,8885,39.31,24.49,277.9,13.2,36.7,49.9
宜蘭縣,頭城鎮,11506,11629,27969,14335,13634,388,364,752,514,482,996,525,459,984,496,449,945,725,674,1399,989,864,1853,981,879,1860,987,908,1895,986,979,1965,1164,1090,2254,1119,1048,2167,1341,1099,2440,1300,1123,2423,1011,886,1897,730,854,1584,454,526,980,294,385,679,234,364,598,70,156,226,22,38,60,5,7,12,2732,19201,11249,6036,40.22,21.58,220.9,14.2,31.4,45.7
屏東縣,三地門鄉,11506,2484,7659,3801,3858,192,143,335,151,162,313,153,133,286,181,169,350,244,237,481,241,281,522,309,288,597,292,237,529,325,306,631,320,320,640,264,280,544,299,297,596,309,297,606,211,275,486,141,205,346,84,95,179,47,61,108,25,55,80,10,16,26,3,1,4,0,0,0,934,5496,3017,1229,39.39,16.05,131.6,17.0,22.4,39.4
屏東縣,九如鄉,11506,8101,21355,10890,10465,300,286,586,317,314,631,389,343,732,426,343,769,545,509,1054,814,688,1502,878,737,1615,707,655,1362,813,804,1617,963,838,1801,773,773,1546,866,839,1705,907,887,1794,770,826,1596,628,645,1273,386,421,807,213,248,461,145,202,347,41,91,132,8,16,24,1,0,1,1949,14765,8463,4641,39.63,21.73,238.1,13.2,31.4,44.6
屏東縣,佳冬鄉,11506,7177,17173,8827,8346,215,213,428,239,185,424,207,207,414,282,265,547,415,383,798,582,523,1105,633,526,1159,571,442,1013,590,555,1145,650,614,1264,650,654,1304,786,676,1462,825,730,1555,735,667,1402,560,569,1129,385,446,831,243,336,579,177,231,408,69,99,168,12,21,33,1,4,5,1266,11352,6730,4555,39.19,26.52,359.8,11.2,40.1,51.3
屏東縣,來義鄉,11506,2388,7267,3588,3679,177,163,340,148,164,312,165,137,302,141,145,286,221,221,442,254,250,504,284,256,540,261,249,510,289,237,526,270,284,554,306,266,572,281,352,633,266,303,569,242,242,484,160,179,339,65,120,185,37,49,86,14,41,55,2,18,20,5,3,8,0,0,0,954,5136,2854,1177,39.27,16.2,123.4,18.6,22.9,41.5
屏東縣,內埔鄉,11506,21392,52545,26730,25815,739,701,1440,876,798,1674,816,793,1609,907,820,1727,1339,1212,2551,1907,1716,3623,2052,1753,3805,1822,1502,3324,1872,1663,3535,2153,1917,4070,1961,1949,3910,2204,2186,4390,2383,2295,4678,1993,2081,4074,1586,1708,3294,972,1196,2168,562,711,1273,369,539,908,180,209,389,31,57,88,6,9,15,4723,35613,20583,12209,39.17,23.24,258.5,13.3,34.3,47.5
屏東縣,南州鄉,11506,3998,9585,4859,4726,81,74,155,104,122,226,97,95,192,164,139,303,237,243,480,290,281,571,352,306,658,318,220,538,361,313,674,397,370,767,372,346,718,431,360,791,440,429,869,376,370,746,334,390,724,219,266,485,138,179,317,108,165,273,35,44,79,4,13,17,1,1,2,573,6369,3819,2643,39.84,27.57,461.3,9.0,41.5,50.5
屏東縣,屏東市,11506,80833,190641,92954,97687,2461,2339,4800,4025,3748,7773,4787,4394,9181,3854,3579,7433,4521,4280,8801,6268,5619,11887,6766,6366,13132,6573,6093,12666,7240,7037,14277,7632,8152,15784,6748,7378,14126,7167,7694,14861,6949,8183,15132,6445,7425,13870,5305,6501,11806,3302,4287,7589,1562,2301,3863,941,1553,2494,299,582,881,97,160,257,12,16,28,21754,128099,74180,40788,38.91,21.4,187.5,17.0,31.8,48.8
屏東縣,崁頂鄉,11506,4796,14319,7179,7140,163,131,294,413,415,828,717,696,1413,267,286,553,356,327,683,441,397,838,439,445,884,401,353,754,431,475,906,518,486,1004,452,461,913,521,500,1021,578,569,1147,557,495,1052,447,462,909,223,274,497,129,158,287,89,146,235,32,56,88,4,7,11,1,1,2,2535,8703,4991,3081,34.86,21.52,121.5,29.1,35.4,64.5
屏東縣,恆春鎮,11506,12369,28502,14404,14098,478,459,937,565,524,1089,582,533,1115,545,596,1141,858,801,1659,972,928,1900,1051,933,1984,938,941,1879,1020,1056,2076,1194,1232,2426,1127,1079,2206,1254,1021,2275,1223,1055,2278,966,948,1914,672,755,1427,453,522,975,251,327,578,179,238,417,61,116,177,14,31,45,1,3,4,3141,19824,11261,5537,39.51,19.43,176.3,15.8,27.9,43.8
屏東縣,新園鄉,11506,12485,31500,16298,15202,374,370,744,405,356,761,369,321,690,563,524,1087,914,811,1725,1297,1095,2392,1197,1071,2268,1082,836,1918,1187,1088,2275,1507,1274,2781,1395,1210,2605,1387,1184,2571,1393,1195,2588,1100,1182,2282,889,1003,1892,587,757,1344,361,465,826,219,309,528,56,120,176,16,26,42,0,5,5,2195,22210,12820,7095,40.7,22.52,323.2,9.9,31.9,41.8
屏東縣,新埤鄉,11506,3569,8957,4689,4268,105,103,208,117,105,222,99,76,175,116,122,238,231,203,434,293,289,582,299,257,556,271,220,491,309,272,581,366,327,693,346,299,645,430,325,755,502,422,924,395,356,751,346,327,673,206,257,463,136,140,276,90,106,196,26,50,76,6,11,17,0,1,1,605,5899,3598,2453,40.17,27.39,405.5,10.3,41.6,51.8
屏東縣,春日鄉,11506,1549,4867,2470,2397,112,106,218,133,90,223,132,123,255,150,123,273,184,157,341,151,166,317,199,173,372,164,180,344,227,201,428,192,192,384,162,144,306,149,155,304,143,172,315,154,170,324,112,104,216,61,69,130,19,32,51,21,25,46,3,14,17,2,1,3,0,0,0,696,3384,1737,787,35.69,16.17,113.1,20.6,23.3,43.8
屏東縣,東港鎮,11506,18833,45663,22777,22886,611,581,1192,1031,910,1941,1228,1129,2357,1037,931,1968,1360,1263,2623,1635,1498,3133,1613,1474,3087,1425,1348,2773,1725,1808,3533,1987,2029,4016,1797,1881,3678,1813,1771,3584,1619,1574,3193,1300,1533,2833,1191,1318,2509,745,891,1636,363,498,861,212,320,532,72,100,172,12,26,38,1,3,4,5490,31588,18004,8585,39.43,18.8,156.4,17.4,27.2,44.6
屏東縣,枋寮鄉,11506,9044,22177,11441,10736,246,244,490,369,316,685,358,370,728,401,332,733,570,506,1076,774,655,1429,765,613,1378,680,534,1214,734,679,1413,997,909,1906,862,789,1651,1001,868,1869,1042,912,1954,848,890,1738,762,871,1633,513,571,1084,272,355,627,178,215,393,59,87,146,9,20,29,1,0,1,1903,14623,8793,5651,39.65,25.48,297.0,13.0,38.6,51.7
屏東縣,枋山鄉,11506,2048,4959,2565,2394,59,53,112,55,59,114,64,55,119,89,64,153,154,132,286,207,182,389,169,142,311,137,128,265,149,144,293,210,207,417,241,211,452,270,217,487,237,182,419,201,165,366,129,164,293,108,138,246,51,65,116,21,60,81,10,24,34,2,2,4,2,0,2,345,3472,2068,1142,41.7,23.03,331.0,9.9,32.9,42.8
屏東縣,林邊鄉,11506,6645,15693,7938,7755,171,131,302,218,211,429,253,269,522,265,258,523,361,348,709,531,480,1011,508,480,988,465,380,845,540,488,1028,690,562,1252,622,579,1201,705,657,1362,704,599,1303,563,636,1199,519,595,1114,380,471,851,256,315,571,141,203,344,37,79,116,9,13,22,0,1,1,1253,10222,6146,4218,39.16,26.88,336.6,12.3,41.3,53.5
屏東縣,泰武鄉,11506,1530,5196,2643,2553,110,96,206,130,138,268,149,107,256,146,130,276,154,147,301,178,171,349,216,210,426,206,190,396,208,190,398,201,209,410,190,167,357,207,199,406,202,187,389,151,151,302,110,105,215,47,60,107,20,47,67,12,31,43,5,17,22,1,1,2,0,0,0,730,3708,1960,758,37.72,14.59,103.8,19.7,20.4,40.1
屏東縣,滿州鄉,11506,2985,6950,3743,3207,103,78,181,54,53,107,77,66,143,134,124,258,192,197,389,256,220,476,236,198,434,199,169,368,219,182,401,289,250,539,338,270,608,375,261,636,414,309,723,328,237,565,252,227,479,144,159,303,76,75,151,39,76,115,10,40,50,7,14,21,1,2,3,431,4832,2907,1687,41.83,24.27,391.4,8.9,34.9,43.8
屏東縣,潮州鎮,11506,22701,53587,26364,27223,699,687,1386,1086,923,2009,1045,1021,2066,1101,1008,2109,1447,1287,2734,1938,1775,3713,2065,1831,3896,1828,1649,3477,2074,1918,3992,2225,2251,4476,1896,2125,4021,2069,2234,4303,2017,2232,4249,1639,2042,3681,1479,1729,3208,911,1155,2066,442,680,1122,294,440,734,88,192,280,20,42,62,1,2,3,5461,36970,21041,11156,39.27,20.82,204.3,14.8,30.2,44.9
屏東縣,牡丹鄉,11506,2101,4707,2317,2390,75,66,141,80,83,163,76,91,167,136,104,240,121,129,250,152,145,297,180,171,351,140,154,294,216,199,415,210,186,396,195,157,352,184,187,371,165,216,381,173,182,355,107,150,257,59,72,131,28,42,70,16,33,49,3,18,21,1,5,6,0,0,0,471,3347,1915,889,40.68,18.89,188.7,14.1,26.6,40.6
屏東縣,獅子鄉,11506,1669,4825,2461,2364,94,85,179,86,72,158,77,44,121,104,97,201,176,150,326,196,170,366,213,179,392,175,163,338,193,169,362,223,170,393,188,187,375,170,193,363,204,199,403,161,195,356,113,148,261,46,66,112,20,32,52,12,28,40,8,15,23,2,1,3,0,1,1,458,3519,1896,848,39.3,17.58,185.2,13.0,24.1,37.1
屏東縣,琉球鄉,11506,5274,12103,6541,5562,168,158,326,148,140,288,178,189,367,237,192,429,330,360,690,379,392,771,403,345,748,413,339,752,517,440,957,643,458,1101,624,361,985,619,351,970,581,426,1007,485,458,943,398,384,782,229,276,505,116,157,273,60,79,139,13,45,58,0,12,12,0,0,0,981,8410,5020,2712,41.48,22.41,276.5,11.7,32.2,43.9
屏東縣,瑪家鄉,11506,2324,6655,3313,3342,155,119,274,121,114,235,138,121,259,191,144,335,203,185,388,248,225,473,251,235,486,243,221,464,308,294,602,263,272,535,227,261,488,233,243,476,276,299,575,208,231,439,127,171,298,60,86,146,31,59,90,18,42,60,10,15,25,2,5,7,0,0,0,768,4822,2676,1065,40.21,16.0,138.7,15.9,22.1,38.0
屏東縣,竹田鄉,11506,6030,15351,8161,7190,140,134,274,168,158,326,232,197,429,232,197,429,372,308,680,526,442,968,566,422,988,520,400,920,572,445,1017,643,504,1147,608,505,1113,735,663,1398,791,652,1443,710,639,1349,555,556,1111,320,408,728,231,231,462,168,210,378,59,98,157,12,19,31,1,2,3,1029,10103,6118,4219,39.85,27.48,410.0,10.2,41.8,51.9
屏東縣,萬丹鄉,11506,17440,48583,25024,23559,648,617,1265,925,897,1822,1024,887,1911,937,902,1839,1268,1152,2420,1888,1641,3529,1936,1563,3499,1792,1433,3225,1956,1675,3631,2140,1862,4002,1745,1774,3519,1985,1830,3815,1935,1872,3807,1687,1720,3407,1391,1444,2835,863,1009,1872,478,624,1102,308,444,752,97,173,270,20,36,56,1,4,5,4998,33286,18774,10299,38.64,21.2,206.1,15.0,30.9,46.0
屏東縣,萬巒鄉,11506,7011,18514,9665,8849,266,213,479,283,260,543,328,317,645,329,252,581,443,412,855,668,568,1236,635,545,1180,632,475,1107,627,547,1174,706,657,1363,745,606,1351,810,711,1521,916,762,1678,807,774,1581,616,672,1288,410,419,829,214,301,515,162,218,380,57,103,160,10,32,42,1,5,6,1667,12046,7087,4801,38.28,25.93,288.0,13.8,39.9,53.7
屏東縣,車城鄉,11506,3537,7631,4049,3582,74,69,143,75,80,155,127,111,238,115,111,226,219,174,393,239,235,474,271,195,466,202,163,365,254,236,490,315,269,584,364,284,648,440,294,734,378,292,670,344,298,642,239,260,499,169,196,365,111,115,226,69,125,194,36,61,97,5,12,17,3,2,5,536,5050,3126,2045,40.96,26.8,381.5,10.6,40.5,51.1
屏東縣,里港鄉,11506,9083,24806,12451,12355,466,452,918,481,458,939,522,464,986,448,422,870,604,577,1181,886,807,1693,990,954,1944,882,803,1685,899,883,1782,947,952,1899,760,809,1569,1010,961,1971,1068,983,2051,818,846,1664,686,714,1400,458,508,966,253,360,613,200,277,477,54,102,156,17,22,39,2,1,3,2843,16645,9272,5318,37.38,21.44,187.1,17.1,31.9,49.0
屏東縣,長治鄉,11506,11725,29090,14903,14187,326,287,613,416,402,818,501,480,981,542,444,986,728,626,1354,1059,919,1978,1131,972,2103,1092,866,1958,1136,998,2134,1219,1059,2278,1061,1076,2137,1186,1209,2395,1297,1358,2655,1224,1183,2407,873,938,1811,531,592,1123,278,338,616,197,293,490,95,115,210,10,27,37,1,5,6,2412,19978,11599,6700,39.87,23.03,277.8,12.1,33.5,45.6
屏東縣,霧臺鄉,11506,1119,3157,1585,1572,71,64,135,45,49,94,46,38,84,51,50,101,80,79,159,114,99,213,141,134,275,102,111,213,122,106,228,131,123,254,123,111,234,144,145,289,153,132,285,98,119,217,68,76,144,51,50,101,19,45,64,12,24,36,13,16,29,1,1,2,0,0,0,313,2251,1290,593,40.86,18.78,189.5,13.9,26.3,40.2
屏東縣,高樹鄉,11506,9344,21704,11388,10316,246,219,465,261,247,508,276,234,510,321,285,606,564,523,1087,702,620,1322,707,570,1277,583,480,1063,682,601,1283,811,745,1556,787,783,1570,1093,861,1954,1227,929,2156,1022,865,1887,791,778,1569,554,607,1161,349,420,769,295,360,655,95,143,238,17,44,61,5,2,7,1483,13874,8519,6347,39.25,29.24,428.0,10.7,45.7,56.4
屏東縣,鹽埔鄉,11506,8538,22940,11888,11052,283,254,537,360,336,696,331,277,608,424,398,822,586,576,1162,840,703,1543,874,730,1604,817,595,1412,865,748,1613,1011,964,1975,851,821,1672,1013,911,1924,1126,996,2122,905,843,1748,681,746,1427,446,465,911,250,331,581,164,226,390,47,108,155,12,22,34,2,2,4,1841,15849,9306,5250,40.57,22.89,285.2,11.6,33.1,44.7
屏東縣,麟洛鄉,11506,4409,10435,5319,5116,99,81,180,113,82,195,101,99,200,160,147,307,229,183,412,358,292,650,397,372,769,343,300,643,383,338,721,446,421,867,370,385,755,427,411,838,502,478,980,486,502,988,421,428,849,229,272,501,144,140,284,75,125,200,28,52,80,8,8,16,0,0,0,575,6942,4161,2918,39.88,27.96,507.5,8.3,42.0,50.3
彰化縣,二林鎮,11506,17591,46080,23668,22412,620,600,1220,782,669,1451,715,655,1370,957,889,1846,1393,1188,2581,1747,1553,3300,1641,1397,3038,1544,1322,2866,1745,1616,3361,1922,1872,3794,1788,1583,3371,1897,1606,3503,1947,1687,3634,1666,1477,3143,1314,1351,2665,876,1064,1940,547,796,1343,393,665,1058,143,310,453,29,99,128,2,13,15,4041,31294,17663,10745,38.33,23.32,265.9,12.9,34.3,47.2
彰化縣,二水鄉,11506,5394,13102,6894,6208,112,123,235,147,131,278,189,179,368,238,197,435,349,295,644,441,374,815,438,349,787,385,348,733,449,394,843,569,493,1062,513,429,942,588,444,1032,673,519,1192,556,485,1041,496,465,961,330,367,697,208,244,452,146,209,355,56,128,184,9,27,36,2,8,10,881,8485,5071,3736,38.7,28.51,424.1,10.4,44.0,54.4
彰化縣,伸港鄉,11506,12867,37933,18998,18935,805,763,1568,831,788,1619,922,902,1824,908,756,1664,1114,1018,2132,1361,1310,2671,1446,1411,2857,1418,1416,2834,1664,1708,3372,1608,1652,3260,1293,1139,2432,1288,1252,2540,1347,1271,2618,1159,1213,2372,839,930,1769,463,541,1004,274,406,680,175,278,453,68,148,216,13,29,42,2,4,6,5011,26380,14222,6542,37.49,17.25,130.6,19.0,24.8,43.8
彰化縣,北斗鎮,11506,12587,32931,16465,16466,660,523,1183,790,732,1522,829,776,1605,713,589,1302,931,868,1799,1180,1040,2220,1162,1095,2257,1155,1127,2282,1288,1313,2601,1340,1354,2694,1163,1155,2318,1113,1051,2164,1114,1202,2316,1083,1121,2204,825,969,1794,543,637,1180,303,371,674,193,344,537,68,154,222,11,37,48,1,8,9,4310,21953,12093,6668,36.72,20.25,154.7,19.6,30.4,50.0
彰化縣,和美鎮,11506,31784,86144,43757,42387,1276,1218,2494,1701,1667,3368,1890,1742,3632,2215,1879,4094,2577,2231,4808,2932,2826,5758,3137,2857,5994,3390,2797,6187,3889,3428,7317,3986,3804,7790,3104,3121,6225,3048,2967,6015,3126,3182,6308,2734,2966,5700,2296,2340,4636,1316,1484,2800,573,841,1414,390,642,1032,146,291,437,31,97,128,0,7,7,9494,60496,33655,16154,39.07,18.75,170.1,15.7,26.7,42.4
彰化縣,員林市,11506,46509,121690,59734,61956,2039,1981,4020,3039,2718,5757,3461,3303,6764,2750,2638,5388,3131,2936,6067,3990,3725,7715,4219,4130,8349,4249,4133,8382,4841,4951,9792,4948,5171,10119,4092,4332,8424,4109,4316,8425,3929,4348,8277,3748,4350,8098,3282,3677,6959,1981,2426,4407,1007,1392,2399,639,902,1541,230,418,648,45,96,141,5,13,18,16541,80938,45037,24211,37.01,19.9,146.4,20.4,29.9,50.3
彰化縣,埔心鄉,11506,12400,32946,16894,16052,450,474,924,499,472,971,581,524,1105,699,645,1344,970,829,1799,1205,1094,2299,1311,1108,2419,1307,1150,2457,1419,1293,2712,1584,1481,3065,1285,1172,2457,1271,1117,2388,1243,1224,2467,1193,1162,2355,815,894,1709,533,625,1158,280,343,623,175,264,439,63,142,205,11,33,44,0,6,6,3000,23407,13089,6539,39.73,19.85,218.0,12.8,27.9,40.8
彰化縣,埔鹽鄉,11506,10950,29869,15756,14113,453,368,821,455,413,868,443,402,845,639,562,1201,877,786,1663,1163,1003,2166,1119,948,2067,1159,891,2050,1275,1109,2384,1272,1143,2415,1151,1010,2161,1230,991,2221,1302,1063,2365,1119,918,2037,813,762,1575,535,616,1151,376,464,840,268,377,645,87,208,295,18,69,87,2,10,12,2534,20693,11546,6642,38.66,22.24,262.1,12.2,32.1,44.3
彰化縣,埤頭鄉,11506,10108,27742,14321,13421,387,377,764,468,482,950,473,428,901,597,532,1129,842,722,1564,1016,930,1946,963,889,1852,941,860,1801,1182,961,2143,1234,1145,2379,1068,942,2010,1033,888,1921,1137,953,2090,972,889,1861,802,867,1669,572,589,1161,342,384,726,202,360,562,76,167,243,14,51,65,0,5,5,2615,18835,10543,6292,38.0,22.68,240.6,13.9,33.4,47.3
彰化縣,大城鄉,11506,5180,14039,7587,6452,156,142,298,137,125,262,176,144,320,239,215,454,439,393,832,463,421,884,386,316,702,333,254,587,459,404,863,685,572,1257,744,534,1278,768,407,1175,763,404,1167,512,369,881,393,460,853,364,450,814,288,345,633,206,321,527,58,127,185,15,45,60,3,4,7,880,9199,5740,3960,40.89,28.21,450.0,9.6,43.0,52.6
彰化縣,大村鄉,11506,13810,38574,19639,18935,699,650,1349,705,579,1284,696,631,1327,869,825,1694,1138,1032,2170,1441,1317,2758,1556,1449,3005,1493,1350,2843,1713,1553,3266,1625,1624,3249,1337,1317,2654,1437,1315,2752,1524,1476,3000,1292,1321,2613,1010,1039,2049,546,629,1175,295,339,634,171,293,464,73,149,222,15,45,60,4,2,6,3960,27391,14921,7223,38.68,18.73,182.4,14.5,26.4,40.8
彰化縣,彰化市,11506,85432,219165,107243,111922,3247,3047,6294,5016,4507,9523,6174,5677,11851,5087,4677,9764,5855,5292,11147,7381,6576,13957,7363,6985,14348,7392,6984,14376,8234,8585,16819,8875,9435,18310,7509,8167,15676,7263,8049,15312,7216,8346,15562,7018,7947,14965,6157,7120,13277,3891,4824,8715,1845,2669,4514,1153,1954,3107,449,866,1315,99,190,289,19,25,44,27668,145271,81679,46226,37.27,21.09,167.1,19.0,31.8,50.9
彰化縣,永靖鄉,11506,12281,34053,17582,16471,443,467,910,608,568,1176,727,641,1368,795,643,1438,998,919,1917,1249,1093,2342,1212,1104,2316,1239,1016,2255,1403,1216,2619,1498,1323,2821,1268,1153,2421,1352,1178,2530,1380,1258,2638,1243,1231,2474,959,1025,1984,584,685,1269,318,404,722,218,319,537,75,181,256,11,44,55,2,3,5,3454,23297,13029,7302,38.26,21.44,211.4,14.8,31.3,46.2
彰化縣,溪州鄉,11506,9875,26994,14057,12937,404,316,720,414,363,777,432,374,806,584,528,1112,846,796,1642,931,948,1879,905,756,1661,868,760,1628,1041,977,2018,1179,1040,2219,1092,912,2004,1115,873,1988,1198,969,2167,1025,839,1864,778,821,1599,583,624,1207,338,444,782,219,358,577,91,177,268,12,57,69,2,5,7,2303,18318,10396,6373,38.51,23.61,276.7,12.6,34.8,47.4
彰化縣,溪湖鎮,11506,19012,52613,26533,26080,967,868,1835,1266,1196,2462,1608,1402,3010,1234,1184,2418,1381,1349,2730,1907,1713,3620,1996,1760,3756,1958,1762,3720,2144,2061,4205,2153,2014,4167,1708,1704,3412,1772,1751,3523,1889,1909,3798,1702,1782,3484,1289,1356,2645,744,914,1658,402,569,971,291,491,782,102,214,316,20,70,90,0,11,11,7307,35349,19105,9957,36.31,18.92,136.3,20.7,28.2,48.8
彰化縣,田中鎮,11506,14524,38062,19393,18669,495,497,992,638,554,1192,787,671,1458,802,726,1528,1015,913,1928,1302,1197,2499,1389,1280,2669,1313,1110,2423,1467,1378,2845,1595,1480,3075,1367,1284,2651,1468,1386,2854,1590,1495,3085,1325,1391,2716,1176,1243,2419,756,851,1607,452,515,967,320,440,760,101,196,297,29,56,85,6,6,12,3642,25557,14510,8863,38.12,23.29,243.4,14.3,34.7,48.9
彰化縣,田尾鄉,11506,9136,25015,12947,12068,381,327,708,383,349,732,436,425,861,538,466,1004,754,709,1463,935,884,1819,982,828,1810,910,764,1674,918,840,1758,1005,978,1983,977,904,1881,1030,901,1931,1137,941,2078,858,819,1677,708,680,1388,457,477,934,241,304,545,218,289,507,58,145,203,20,35,55,1,3,4,2301,17401,9631,5313,38.5,21.24,230.9,13.2,30.5,43.8
彰化縣,社頭鄉,11506,14770,40125,20622,19503,638,555,1193,713,661,1374,787,736,1523,799,743,1542,1160,1063,2223,1447,1318,2765,1496,1382,2878,1534,1272,2806,1604,1376,2980,1669,1575,3244,1491,1336,2827,1521,1485,3006,1712,1564,3276,1478,1370,2848,1102,1171,2273,724,777,1501,357,496,853,282,404,686,91,176,267,15,36,51,2,7,9,4090,27547,15333,8488,38.21,21.15,207.5,14.8,30.8,45.7
彰化縣,福興鄉,11506,15457,44010,22935,21075,687,678,1365,714,621,1335,988,861,1849,1002,886,1888,1275,1141,2416,1635,1516,3151,1750,1516,3266,1682,1422,3104,2009,1617,3626,1944,1728,3672,1622,1418,3040,1589,1487,3076,1837,1576,3413,1543,1450,2993,1171,1169,2340,672,731,1403,387,525,912,285,444,729,114,225,339,28,56,84,1,8,9,4549,30652,16827,8809,38.23,20.02,193.6,14.8,28.7,43.6
彰化縣,秀水鄉,11506,12962,37139,19156,17983,670,597,1267,754,679,1433,867,770,1637,908,792,1700,1043,1011,2054,1370,1343,2713,1488,1254,2742,1407,1160,2567,1532,1366,2898,1622,1508,3130,1271,1190,2461,1287,1308,2595,1480,1336,2816,1339,1178,2517,958,964,1922,570,569,1139,279,383,662,212,364,576,84,179,263,12,27,39,3,5,8,4337,25676,13900,7126,37.43,19.19,164.3,16.9,27.8,44.6
彰化縣,竹塘鄉,11506,4930,13887,7313,6574,162,155,317,284,260,544,505,432,937,256,254,510,406,404,810,451,416,867,385,322,707,359,312,671,454,415,869,592,461,1053,545,433,978,570,440,1010,590,414,1004,562,422,984,447,405,852,317,341,658,203,278,481,157,239,396,55,125,180,10,41,51,3,5,8,1798,8479,4914,3610,35.39,26.0,200.8,21.2,42.6,63.8
彰化縣,線西鄉,11506,5418,16001,8230,7771,246,228,474,290,274,564,354,341,695,383,326,709,474,436,910,592,524,1116,569,542,1111,605,536,1141,659,646,1305,661,645,1306,627,497,1124,563,549,1112,642,599,1241,597,543,1140,405,408,813,255,274,529,125,159,284,126,146,272,46,79,125,11,19,30,0,0,0,1733,11075,6088,3193,38.05,19.96,184.2,15.6,28.8,44.5
彰化縣,芬園鄉,11506,7582,21198,11137,10061,292,289,581,320,277,597,292,259,551,385,344,729,596,524,1120,800,682,1482,825,701,1526,788,619,1407,827,752,1579,891,758,1649,840,745,1585,901,727,1628,959,843,1802,804,680,1484,660,655,1315,421,452,873,233,305,538,205,271,476,81,134,215,17,40,57,0,4,4,1729,14507,8243,4962,38.89,23.41,287.0,11.9,34.2,46.1
彰化縣,花壇鄉,11506,15940,43005,22002,21003,626,570,1196,746,670,1416,777,682,1459,952,862,1814,1259,1156,2415,1570,1442,3012,1669,1453,3122,1599,1418,3017,1829,1628,3457,2015,1735,3750,1688,1485,3173,1553,1583,3136,1681,1658,3339,1486,1582,3068,1176,1278,2454,662,817,1479,392,436,828,212,347,559,90,153,243,16,47,63,4,1,5,4071,30235,16855,8699,39.19,20.23,213.7,13.5,28.8,42.2
彰化縣,芳苑鄉,11506,10982,29651,15718,13933,370,350,720,397,344,741,451,461,912,564,511,1075,803,814,1617,1070,879,1949,987,856,1843,873,707,1580,1090,956,2046,1321,1145,2466,1371,1023,2394,1470,1028,2498,1393,912,2305,1137,916,2053,857,868,1725,590,720,1310,480,596,1076,329,493,822,133,269,402,28,66,94,4,19,23,2373,19773,11709,7505,39.49,25.31,316.3,12.0,38.0,50.0
彰化縣,鹿港鎮,11506,28697,81758,41395,40363,1355,1269,2624,1885,1760,3645,2288,2100,4388,1971,1766,3737,2487,2164,4651,2949,2599,5548,2835,2574,5409,2943,2675,5618,3325,3346,6671,3512,3302,6814,2863,2801,5664,2854,2761,5615,2908,2797,5705,2537,2592,5129,2081,2252,4333,1271,1513,2784,691,875,1566,432,750,1182,176,372,548,29,86,115,3,9,12,10657,55432,30469,15669,37.27,19.17,147.0,19.2,28.3,47.5
新北市,三峽區,11506,49409,115133,57073,58060,1662,1592,3254,2553,2295,4848,3045,2791,5836,2798,2527,5325,3151,2816,5967,4090,3702,7792,4314,3812,8126,4011,3678,7689,4220,4498,8718,4677,5189,9866,4372,4649,9021,4371,4774,9145,4351,4717,9068,3659,4011,7670,2871,3065,5936,1461,1804,3265,760,1020,1780,473,716,1189,156,311,467,62,84,146,16,9,25,13938,80717,45818,20478,39.8,17.79,146.9,17.3,25.4,42.6
新北市,三芝區,11506,10793,21921,11246,10675,191,172,363,281,255,536,331,323,654,371,357,728,525,510,1035,754,658,1412,842,689,1531,684,545,1229,729,659,1388,863,798,1661,822,799,1621,1060,1006,2066,1047,1043,2090,968,912,1880,839,770,1609,461,502,963,226,315,541,160,199,359,63,115,178,26,45,71,3,3,6,1553,14761,8826,5607,40.26,25.58,361.0,10.5,38.0,48.5
新北市,三重區,11506,173991,382544,186296,196248,4842,4472,9314,6613,6400,13013,7905,7387,15292,7667,7082,14749,9182,8228,17410,11903,11053,22956,13626,12652,26278,14403,13326,27729,16257,16149,32406,17484,17759,35243,14483,15376,29859,13620,14903,28523,13149,15916,29065,12675,15547,28222,10768,13525,24293,6301,8146,14447,3031,4173,7204,1649,2828,4477,542,1046,1588,148,243,391,48,37,85,37619,264218,155096,80707,40.54,21.1,214.5,14.2,30.5,44.8
新北市,中和區,11506,183704,402532,192936,209596,4645,4233,8878,6387,5966,12353,7273,6760,14033,8171,7374,15545,9445,8485,17930,11812,11386,23198,13225,12484,25709,13725,13064,26789,16063,15957,32020,18325,19261,37586,15857,17187,33044,14766,16736,31502,13958,17292,31250,13397,17273,30670,12286,16353,28639,7717,10271,17988,3317,5017,8334,1541,2993,4534,630,1125,1755,336,322,658,60,57,117,35264,274573,165402,92695,41.09,23.03,262.9,12.8,33.8,46.6
新北市,五股區,11506,41674,94998,47183,47815,1499,1453,2952,1740,1691,3431,1986,1793,3779,2036,1815,3851,2507,2204,4711,3517,3367,6884,4186,3619,7805,3867,3559,7426,4167,4025,8192,4234,4442,8676,3604,3708,7312,3525,3821,7346,3486,3837,7323,2784,3174,5958,2106,2380,4486,1051,1402,2453,481,821,1302,233,484,717,106,162,268,58,49,107,10,9,19,10162,69526,38849,15310,40.89,16.12,150.7,14.6,22.0,36.6
新北市,八里區,11506,20072,43448,21503,21945,619,538,1157,796,711,1507,791,709,1500,893,795,1688,1145,1111,2256,1576,1481,3057,1746,1575,3321,1565,1413,2978,1660,1682,3342,1785,1903,3688,1693,1828,3521,1740,1917,3657,1788,1904,3692,1505,1571,3076,1102,1261,2363,582,723,1305,285,385,670,152,275,427,60,123,183,17,29,46,3,11,14,4164,31200,17900,8084,41.2,18.61,194.1,13.3,25.9,39.3
新北市,土城區,11506,102934,242662,118147,124515,3482,3303,6785,4798,4569,9367,5592,5207,10799,4978,4586,9564,5631,5101,10732,8134,7596,15730,9561,8988,18549,9667,8995,18662,10447,10372,20819,10566,10973,21539,8324,9255,17579,8039,9803,17842,8802,11027,19829,7996,9910,17906,6335,7603,13938,3422,3917,7339,1379,1782,3161,644,1046,1690,242,369,611,86,100,186,22,13,35,26951,170845,97608,44866,40.22,18.49,166.5,15.8,26.3,42.0
新北市,坪林區,11506,2549,6072,3261,2811,45,45,90,53,48,101,58,65,123,79,74,153,136,126,262,191,175,366,168,153,321,173,137,310,131,146,277,209,190,399,242,196,438,339,240,579,382,263,645,340,234,574,281,227,508,178,178,356,126,133,259,82,109,191,32,51,83,14,17,31,2,4,6,314,3750,2338,2008,38.5,33.07,639.5,8.4,53.5,61.9
新北市,平溪區,11506,2099,3881,2196,1685,17,18,35,17,22,39,24,25,49,43,39,82,73,80,153,76,76,152,98,67,165,90,65,155,106,76,182,148,100,248,175,117,292,278,139,417,325,145,470,278,150,428,190,143,333,111,111,222,64,105,169,65,135,200,13,47,60,5,22,27,0,3,3,123,2316,1609,1442,41.46,37.16,1172.4,5.3,62.3,67.6
新北市,新店區,11506,144208,305911,145739,160172,3391,3131,6522,4385,4170,8555,5060,4770,9830,5707,5498,11205,6834,6413,13247,9213,8704,17917,10330,9998,20328,9863,9516,19379,10879,11099,21978,11679,12592,24271,11434,13011,24445,12296,14095,26391,12308,14477,26785,11006,13625,24631,9906,12449,22355,6155,8269,14424,2823,4252,7075,1460,2644,4104,635,1024,1659,292,361,653,83,74,157,24907,205946,123870,75058,40.49,24.54,301.4,12.1,36.4,48.5
新北市,新莊區,11506,177906,420056,203240,216816,6172,5751,11923,9480,8883,18363,11136,10851,21987,9640,8896,18536,10621,9707,20328,13270,12500,25770,14989,14522,29511,15600,15470,31070,18085,18784,36869,19629,20958,40587,15195,16521,31716,13337,15746,29083,13085,16610,29695,12224,15328,27552,10229,13010,23239,6191,7378,13569,2683,3223,5906,1212,1833,3045,336,650,986,108,165,273,18,30,48,52273,293165,167950,74618,39.98,17.76,142.7,17.8,25.5,43.3
新北市,板橋區,11506,239605,548557,264514,284043,7080,6910,13990,11387,10627,22014,14165,13325,27490,12067,11096,23163,12924,11784,24708,15794,14740,30534,17520,16913,34433,19110,19035,38145,23442,24190,47632,25695,26874,52569,20689,22210,42899,18103,20089,38192,16824,20995,37819,16635,21821,38456,15472,19748,35220,9759,12438,22197,4494,5911,10405,2192,3569,5761,779,1351,2130,312,358,670,71,59,130,63494,370094,219111,114969,39.94,20.96,181.1,17.2,31.1,48.2
新北市,林口區,11506,61715,139184,67207,71977,2842,2744,5586,4210,3991,8201,5041,4647,9688,3497,3289,6786,3273,2843,6116,3924,3731,7655,4514,4610,9124,4990,5364,10354,5605,6590,12195,6300,7116,13416,5117,5624,10741,4408,5022,9430,4101,4748,8849,3510,4105,7615,2749,3380,6129,1687,2186,3873,801,1016,1817,424,601,1025,149,268,417,55,80,135,10,22,32,23475,94666,54631,21043,39.25,15.12,89.6,24.8,22.2,47.0
新北市,樹林區,11506,72035,176570,87444,89126,2495,2345,4840,3580,3324,6904,4378,4065,8443,4299,3765,8064,4709,4343,9052,6071,5472,11543,6374,5930,12304,6442,5915,12357,7265,7235,14500,8214,8178,16392,6476,6914,13390,6002,6708,12710,6187,7074,13261,5693,6608,12301,4560,5446,10006,2586,2901,5487,1180,1501,2681,651,934,1585,204,352,556,71,101,172,7,15,22,20187,123573,70253,32810,39.79,18.58,162.5,16.3,26.6,42.9
新北市,永和區,11506,95942,210549,99042,111507,2138,2106,4244,3814,3612,7426,5863,5543,11406,4299,4071,8370,4599,4193,8792,5750,5489,11239,6208,5962,12170,6148,6206,12354,7344,8043,15387,8189,9520,17709,7688,8522,16210,7321,8714,16035,7463,9207,16670,7106,8957,16063,6630,8842,15472,4560,6130,10690,2141,3167,5308,1042,2076,3118,449,843,1292,219,250,469,71,54,125,23076,134936,82011,52537,38.95,24.95,227.7,17.1,38.9,56.0
新北市,汐止區,11506,102802,212430,102672,109758,2413,2337,4750,3256,3050,6306,3867,3581,7448,4129,3815,7944,5104,4699,9803,7234,6625,13859,7873,7164,15037,7260,6921,14181,8241,7969,16210,9069,9667,18736,8276,9334,17610,8829,10488,19317,8918,10336,19254,7227,8434,15661,5334,6972,12306,3116,4157,7273,1391,2112,3503,733,1396,2129,293,520,813,95,157,252,14,24,38,18504,151951,91127,41975,42.9,19.76,226.8,12.2,27.6,39.8
新北市,泰山區,11506,32683,78130,38328,39802,1063,1036,2099,1474,1420,2894,2049,1863,3912,2042,1877,3919,2116,1976,4092,2556,2305,4861,2860,2628,5488,2822,2599,5421,3138,3343,6481,3939,4176,8115,3286,3364,6650,2632,2740,5372,2368,2844,5212,2153,2696,4849,1870,2397,4267,1148,1369,2517,484,643,1127,233,351,584,69,137,206,23,31,54,3,7,10,8905,55611,31830,13614,40.74,17.42,152.9,16.0,24.5,40.5
新北市,淡水區,11506,107800,209578,99171,110407,2627,2488,5115,3610,3410,7020,4253,4043,8296,4030,3728,7758,4938,4489,9427,6459,6101,12560,7489,7118,14607,7175,7116,14291,8039,8470,16509,8640,9674,18314,7699,9637,17336,7799,10145,17944,7690,9668,17358,6727,8444,15171,5695,7118,12813,3421,4456,7877,1562,2159,3721,859,1363,2222,317,540,857,119,208,327,23,32,55,20431,146104,87461,43043,41.73,20.54,210.7,14.0,29.5,43.4
新北市,深坑區,11506,10739,23546,11711,11835,228,228,456,358,284,642,371,347,718,407,388,795,649,563,1212,890,767,1657,983,790,1773,815,645,1460,823,749,1572,876,967,1843,856,971,1827,1016,1157,2173,1123,1198,2321,911,981,1892,678,789,1467,374,499,873,195,234,429,106,191,297,28,64,92,18,18,36,6,5,11,1816,16633,9736,5097,41.35,21.65,280.7,10.9,30.6,41.6
新北市,烏來區,11506,1906,6116,2962,3154,130,141,271,135,128,263,125,136,261,138,147,285,183,148,331,218,208,426,236,249,485,202,211,413,231,229,460,209,251,460,186,230,416,191,191,382,215,218,433,214,224,438,171,198,369,92,124,216,44,56,100,29,40,69,11,18,29,2,7,9,0,0,0,795,4091,2151,1230,35.17,20.11,154.7,19.4,30.1,49.5
新北市,瑞芳區,11506,16217,35275,17798,17477,350,322,672,459,441,900,507,515,1022,575,524,1099,852,822,1674,1115,1032,2147,1304,1038,2342,1226,1046,2272,1228,1201,2429,1311,1337,2648,1368,1339,2707,1780,1545,3325,1835,1587,3422,1542,1415,2957,1072,1173,2245,580,769,1349,301,515,816,272,510,782,91,267,358,27,68,95,3,11,14,2594,24065,14531,8616,41.19,24.43,332.2,10.8,35.8,46.6
新北市,石碇區,11506,3309,6861,3732,3129,51,64,115,49,45,94,69,76,145,117,80,197,179,183,362,231,216,447,200,169,369,181,135,316,198,192,390,232,230,462,297,221,518,412,244,656,403,286,689,406,296,702,327,226,553,172,159,331,120,127,247,64,110,174,22,49,71,1,17,18,1,4,5,354,4406,2715,2101,39.57,30.62,593.5,8.0,47.7,55.7
新北市,石門區,11506,4246,9890,5160,4730,101,69,170,82,86,168,142,128,270,186,150,336,264,268,532,353,303,656,359,314,673,316,267,583,339,356,695,426,460,886,417,410,827,459,359,818,482,379,861,421,357,778,335,313,648,226,211,437,117,124,241,93,98,191,32,51,83,8,24,32,2,3,5,608,6867,4087,2415,41.32,24.42,397.2,8.9,35.2,44.0
新北市,萬里區,11506,7969,20014,9933,10081,202,200,402,222,203,425,248,223,471,344,310,654,479,484,963,607,534,1141,628,609,1237,625,564,1189,635,719,1354,769,897,1666,810,852,1662,944,899,1843,936,941,1877,866,832,1698,739,723,1462,433,432,865,206,290,496,167,245,412,57,94,151,16,30,46,0,0,0,1298,13586,8402,5130,41.98,25.63,395.2,9.6,37.8,47.3
新北市,蘆洲區,11506,79152,195552,95359,100193,2755,2539,5294,3832,3715,7547,4645,4097,8742,4575,4085,8660,5320,4778,10098,7075,6447,13522,7504,7008,14512,7237,6787,14024,7735,7788,15523,8595,8880,17475,7151,7949,15100,6910,8472,15382,7048,8620,15668,6178,7480,13658,4563,5562,10125,2427,3167,5594,1042,1508,2550,574,908,1482,140,308,448,45,88,133,8,7,15,21583,139964,79148,34005,40.47,17.39,157.6,15.4,24.3,39.7
新北市,貢寮區,11506,4228,10311,5216,5095,75,70,145,59,65,124,82,73,155,128,102,230,195,197,392,289,251,540,302,255,557,258,248,506,305,313,618,394,439,833,530,531,1061,619,532,1151,612,492,1104,447,379,826,364,365,729,214,267,481,134,206,340,121,209,330,71,81,152,14,16,30,3,4,7,424,6992,4767,2895,46.23,28.08,682.8,6.1,41.4,47.5
新北市,金山區,11506,7690,19584,9670,9914,203,186,389,229,214,443,297,249,546,345,332,677,485,467,952,674,635,1309,670,681,1351,592,571,1163,665,809,1474,819,899,1718,788,840,1628,950,889,1839,894,828,1722,731,746,1477,549,569,1118,356,412,768,212,256,468,141,201,342,57,100,157,11,25,36,2,5,7,1378,13833,8381,4373,42.8,22.33,317.3,10.0,31.6,41.6
新北市,雙溪區,11506,3510,7365,4019,3346,51,42,93,43,56,99,88,70,158,113,87,200,153,142,295,178,170,348,199,195,394,160,149,309,207,172,379,311,208,519,321,224,545,449,278,727,514,292,806,418,302,720,335,295,630,222,209,431,117,177,294,85,162,247,44,95,139,11,17,28,0,4,4,350,4522,2976,2493,40.41,33.85,712.3,7.7,55.1,62.9
新北市,鶯歌區,11506,37379,89361,44557,44804,1358,1257,2615,1834,1879,3713,2106,1954,4060,2022,1876,3898,2397,2143,4540,3267,2841,6108,3574,3072,6646,3594,3323,6917,4137,3973,8110,4115,3997,8112,3168,3342,6510,3111,3336,6447,2969,3476,6445,2667,3198,5865,2121,2406,4527,1204,1300,2504,488,695,1183,286,465,751,105,205,310,30,52,82,4,14,18,10388,63733,35624,15240,39.87,17.05,146.7,16.3,23.9,40.2
新竹市,北區,11506,65815,154187,75056,79131,2537,2466,5003,3439,3219,6658,3953,3811,7764,3829,3504,7333,4105,3736,7841,4866,4713,9579,5512,5120,10632,5545,5350,10895,6206,6581,12787,6962,7356,14318,5623,6074,11697,5340,5900,11240,5034,5478,10512,4144,5015,9159,3552,4437,7989,2267,2867,5134,1088,1685,2773,663,1209,1872,276,462,738,98,134,232,17,14,31,19425,106834,60554,27928,39.27,18.11,143.8,18.2,26.1,44.3
新竹市,東區,11506,92585,221916,109434,112482,4574,4138,8712,7178,6599,13777,9172,8386,17558,6401,5745,12146,5624,5165,10789,6434,5846,12280,7056,6689,13745,7610,7579,15189,9007,10063,19070,10032,11131,21163,8122,8326,16448,7073,7282,14355,6241,6647,12888,5263,5815,11078,4324,5027,9351,2594,3521,6115,1346,2096,3442,840,1535,2375,356,629,985,139,213,352,48,50,98,40047,148073,83924,33796,37.82,15.23,84.4,27.0,22.8,49.9
新竹市,香山區,11506,31665,79652,40195,39457,1307,1179,2486,1348,1322,2670,1751,1563,3314,2042,1902,3944,2374,2115,4489,2819,2532,5351,3011,2779,5790,2998,2635,5633,3522,3289,6811,3932,3735,7667,3292,3248,6540,2957,2946,5903,2765,2800,5565,2296,2540,4836,1791,2163,3954,1040,1237,2277,547,741,1288,270,465,735,102,207,309,27,52,79,4,7,11,8470,57693,32486,13489,40.78,16.93,159.3,14.7,23.4,38.1
新竹縣,五峰鄉,11506,1791,4419,2366,2053,99,80,179,92,81,173,83,75,158,101,91,192,152,127,279,186,143,329,169,147,316,127,119,246,195,146,341,216,167,383,197,157,354,185,163,348,186,195,381,162,135,297,130,120,250,53,59,112,19,18,37,11,30,41,3,0,3,0,0,0,0,0,0,510,3169,1807,740,40.89,16.75,145.1,16.1,23.4,39.4
新竹縣,北埔鄉,11506,3181,8230,4496,3734,81,86,167,107,102,209,141,116,257,135,105,240,233,203,436,322,301,623,347,229,576,269,211,480,286,222,508,301,250,551,302,272,574,414,307,721,422,306,728,397,251,648,267,218,485,166,195,361,131,148,279,119,133,252,44,59,103,10,18,28,2,2,4,633,5437,3082,2160,37.45,26.25,341.2,11.6,39.7,51.4
新竹縣,寶山鄉,11506,6675,14567,7834,6733,174,193,367,158,147,305,200,171,371,257,249,506,379,342,721,556,543,1099,700,558,1258,632,477,1109,596,486,1082,625,529,1154,563,529,1092,658,572,1230,756,598,1354,599,443,1042,435,326,761,239,197,436,137,142,279,119,138,257,35,70,105,12,20,32,4,3,7,1043,10605,5912,2919,40.58,20.04,279.9,9.8,27.5,37.4
新竹縣,尖石鄉,11506,3002,9522,4950,4572,302,247,549,278,277,555,256,259,515,322,273,595,374,366,740,422,376,798,376,358,734,351,283,634,369,323,692,419,353,772,328,318,646,315,271,586,275,292,567,249,226,475,156,166,322,97,94,191,36,44,80,20,31,51,4,12,16,1,3,4,0,0,0,1619,6764,3263,1139,34.27,11.96,70.4,23.9,16.8,40.8
新竹縣,峨眉鄉,11506,2121,4945,2714,2231,45,47,92,47,45,92,54,54,108,63,56,119,130,99,229,177,135,312,165,154,319,172,135,307,144,127,271,139,146,285,192,168,360,235,175,410,300,190,490,281,173,454,217,155,372,151,99,250,92,117,209,68,96,164,32,44,76,7,13,20,3,3,6,292,3102,1816,1551,36.72,31.37,531.2,9.4,50.0,59.4
新竹縣,新埔鎮,11506,13830,33226,17701,15525,358,335,693,423,399,822,546,469,1015,642,593,1235,853,828,1681,1202,998,2200,1511,1077,2588,1473,1053,2526,1443,1147,2590,1446,1221,2667,1237,1103,2340,1277,1122,2399,1473,1295,2768,1332,1163,2495,1022,989,2011,644,614,1258,384,461,845,288,415,703,111,193,304,33,46,79,3,4,7,2530,22994,12764,7702,38.42,23.18,304.4,11.0,33.5,44.5
新竹縣,新豐鄉,11506,23914,60066,30788,29278,981,886,1867,1545,1481,3026,1761,1678,3439,1585,1373,2958,1700,1489,3189,2253,1875,4128,2572,2081,4653,2438,2103,4541,2618,2586,5204,2894,2866,5760,2253,2152,4405,2005,2045,4050,1985,1974,3959,1646,1624,3270,1176,1309,2485,633,768,1401,357,454,811,264,348,612,87,134,221,30,47,77,5,5,10,8332,42847,23378,8887,38.92,14.8,106.7,19.4,20.7,40.2
新竹縣,橫山鄉,11506,4516,11937,6418,5519,132,126,258,173,125,298,209,184,393,221,208,429,326,293,619,419,378,797,478,372,850,395,281,676,400,356,756,469,395,864,431,377,808,571,433,1004,603,436,1039,527,413,940,407,352,759,267,258,525,195,229,424,134,193,327,47,84,131,12,22,34,2,4,6,949,7842,4471,3146,37.45,26.36,331.5,12.1,40.1,52.2
新竹縣,湖口鄉,11506,35400,85075,42812,42263,1501,1471,2972,2095,1907,4002,2292,2174,4466,2063,1857,3920,2376,2115,4491,3093,2747,5840,3700,3198,6898,3468,3079,6547,3615,3699,7314,3748,3798,7546,3026,3063,6089,2844,3070,5914,2853,2892,5745,2398,2452,4850,1670,1895,3565,927,1213,2140,556,783,1339,372,552,924,144,212,356,60,72,132,11,14,25,11440,60304,32608,13331,38.33,15.67,116.5,19.0,22.1,41.1
新竹縣,竹北市,11506,90972,220985,109764,111221,5494,5066,10560,7924,7392,15316,8947,8502,17449,7028,6477,13505,5986,5347,11333,6062,5640,11702,7401,6958,14359,8451,8434,16885,10096,10972,21068,10882,12319,23201,9103,9302,18405,6935,6964,13899,5172,5606,10778,3868,4152,8020,2779,3384,6163,1818,2226,4044,948,1252,2200,608,816,1424,199,323,522,58,80,138,5,9,14,43325,155135,87351,22525,39.53,10.19,52.0,27.9,14.5,42.4
新竹縣,竹東鎮,11506,39920,97532,49104,48428,1512,1494,3006,2319,2084,4403,2500,2403,4903,2362,2188,4550,2811,2482,5293,3682,3121,6803,4015,3463,7478,3804,3307,7111,4118,3899,8017,3985,4228,8213,3431,3571,7002,3447,3568,7015,3343,3388,6731,2752,2918,5670,2108,2382,4490,1329,1577,2906,761,1073,1834,554,830,1384,201,345,546,63,102,165,7,5,12,12312,68213,36978,17007,37.91,17.44,138.1,18.0,24.9,43.0
新竹縣,芎林鄉,11506,8302,20353,10797,9556,274,256,530,298,236,534,284,280,564,437,373,810,597,503,1100,801,698,1499,888,715,1603,887,649,1536,830,680,1510,745,784,1529,790,741,1531,834,734,1568,859,767,1626,793,669,1462,588,550,1138,379,338,717,234,257,491,197,190,387,67,104,171,15,28,43,0,4,4,1628,14312,7764,4413,38.15,21.68,271.1,11.4,30.8,42.2
新竹縣,關西鎮,11506,10032,27403,14515,12888,333,300,633,443,383,826,532,485,1017,596,508,1104,771,746,1517,1035,907,1942,1057,843,1900,877,718,1595,916,825,1741,990,948,1938,1035,965,2000,1273,1029,2302,1370,1010,2380,1083,843,1926,839,694,1533,490,561,1051,366,444,810,322,395,717,147,221,368,35,55,90,5,8,13,2476,18419,10361,6508,37.81,23.75,262.8,13.4,35.3,48.8
桃園市,中壢區,11506,192100,439096,213359,225737,7687,7121,14808,10484,9853,20337,11912,11231,23143,9867,9293,19160,11384,10309,21693,14506,13743,28249,16510,16208,32718,16868,16656,33524,18361,19518,37879,18967,20091,39058,15811,16917,32728,14735,16599,31334,13837,15906,29743,12007,14385,26392,9808,12155,21963,5479,7831,13310,2607,4140,6747,1405,2540,3945,650,959,1609,416,245,661,58,37,95,58288,306086,170742,74722,38.88,17.02,128.2,19.0,24.4,43.5
桃園市,八德區,11506,89362,216425,106665,109760,3892,3525,7417,5270,4782,10052,5855,5377,11232,4900,4720,9620,5641,5103,10744,7322,6614,13936,8091,7705,15796,8581,8212,16793,9681,9736,19417,10027,10046,20073,7796,7810,15606,6955,7455,14410,6348,7790,14138,6150,7529,13679,5139,6445,11584,2868,3769,6637,1175,1731,2906,483,983,1466,282,332,614,173,85,258,36,11,47,28701,150533,83644,37191,38.65,17.18,129.6,19.1,24.7,43.8
桃園市,大園區,11506,39121,91103,45979,45124,1801,1726,3527,2162,1843,4005,2206,2080,4286,2113,1898,4011,2467,2348,4815,3303,3169,6472,3999,3772,7771,3847,3626,7473,3796,4017,7813,3790,3788,7578,3121,3022,6143,3142,3137,6279,3190,3148,6338,2755,2639,5394,2027,2142,4169,1151,1155,2306,555,745,1300,374,551,925,131,240,371,39,67,106,10,11,21,11818,64693,34151,14592,37.49,16.02,123.5,18.3,22.6,40.8
桃園市,大溪區,11506,37844,93374,47250,46124,1432,1335,2767,1931,1715,3646,2191,2048,4239,2171,1883,4054,2540,2290,4830,3413,3037,6450,3527,3159,6686,3362,3015,6377,3672,3432,7104,3821,3679,7500,3336,3416,6752,3569,3366,6935,3505,3613,7118,3348,3395,6743,2513,2835,5348,1453,1787,3240,733,959,1692,442,687,1129,206,351,557,76,105,181,9,17,26,10652,63806,35409,18916,37.92,20.26,177.6,16.7,29.6,46.3
桃園市,平鎮區,11506,90846,227224,111893,115331,3792,3635,7427,5464,5015,10479,6176,5663,11839,5551,5154,10705,6187,5442,11629,7874,7282,15156,8461,7798,16259,8526,8072,16598,9702,9797,19499,10185,10241,20426,8162,8524,16686,7428,7978,15406,7105,8358,15463,6422,8016,14438,5411,6760,12171,2957,3956,6913,1336,1947,3283,684,1158,1842,293,409,702,161,115,276,16,11,27,29745,157827,87480,39652,38.5,17.45,133.3,18.8,25.1,44.0
桃園市,復興區,11506,4156,13235,6854,6381,389,357,746,322,297,619,321,288,609,349,348,697,461,456,917,502,498,1000,494,466,960,462,383,845,457,409,866,528,446,974,487,452,939,506,463,969,485,455,940,444,407,851,327,312,639,180,185,365,84,80,164,39,46,85,11,26,37,4,5,9,2,2,4,1974,9107,4688,2154,35.42,16.28,109.1,21.7,23.7,45.3
桃園市,新屋區,11506,20261,49784,26229,23555,754,740,1494,916,878,1794,1084,934,2018,1029,911,1940,1421,1203,2624,1818,1693,3511,2055,1766,3821,1871,1546,3417,1846,1635,3481,1906,1717,3623,1691,1543,3234,1976,1779,3755,2306,1837,4143,2013,1651,3664,1512,1354,2866,933,784,1717,542,656,1198,363,584,947,139,250,389,49,80,129,5,14,19,5306,33549,18236,10929,36.63,21.95,206.0,15.8,32.6,48.4
桃園市,桃園區,11506,210745,478598,229485,249113,7869,7451,15320,11207,10642,21849,13996,12795,26791,11662,10612,22274,12584,11986,24570,15999,15220,31219,16711,16660,33371,16374,17016,33390,18821,20549,39370,19932,22878,42810,17514,20020,37534,16462,19215,35677,15068,18110,33178,13004,15912,28916,10626,13519,24145,6363,8254,14617,2946,4190,7136,1524,2722,4246,597,1020,1617,192,286,478,34,56,90,63960,333393,188569,81245,39.4,16.98,127.0,19.2,24.4,43.6
桃園市,楊梅區,11506,75299,183136,91159,91977,3144,2953,6097,4281,4064,8345,4841,4453,9294,4434,3962,8396,5191,4639,9830,6640,6200,12840,7239,6854,14093,6955,6421,13376,7572,7748,15320,7825,8108,15933,6383,6737,13120,6178,6823,13001,6382,6798,13180,5360,5899,11259,4247,4628,8875,2379,2600,4979,1126,1455,2581,607,1039,1646,275,450,725,87,131,218,13,15,28,23736,129089,70554,30311,38.53,16.55,127.7,18.4,23.5,41.9
桃園市,蘆竹區,11506,70818,170522,83715,86807,2821,2752,5573,3994,3668,7662,4727,4421,9148,4757,4329,9086,5121,4667,9788,6081,5817,11898,6121,6089,12210,5689,5844,11533,6413,6901,13314,7582,8339,15921,6549,7439,13988,6373,6866,13239,5627,5926,11553,4539,4814,9353,3506,4058,7564,2030,2316,4346,927,1283,2210,562,799,1361,210,364,574,79,99,178,7,16,23,22383,122530,68015,25609,39.89,15.02,114.4,18.3,20.9,39.2
桃園市,觀音區,11506,32436,78033,40066,37967,1450,1437,2887,1773,1606,3379,1692,1687,3379,1892,1631,3523,2384,2273,4657,3157,2810,5967,3457,3170,6627,3130,2817,5947,3246,3188,6434,3179,3295,6474,2691,2651,5342,2828,2673,5501,3003,2551,5554,2482,2106,4588,1691,1558,3249,952,915,1867,515,665,1180,370,571,941,133,274,407,39,75,114,2,14,16,9645,56026,29305,12362,37.55,15.84,128.2,17.2,22.1,39.3
桃園市,龍潭區,11506,51368,126787,62789,63998,2053,1869,3922,2712,2594,5306,3063,2955,6018,2921,2576,5497,3252,3057,6309,4419,4096,8515,4970,4594,9564,4639,4309,8948,4963,5051,10014,5176,5285,10461,4160,4449,8609,4562,4843,9405,4623,5043,9666,4177,4849,9026,3478,3914,7392,1931,2248,4179,873,1136,2009,472,705,1177,230,304,534,99,108,207,16,13,29,15246,86988,48155,24553,37.98,19.37,161.0,17.5,28.2,45.8
桃園市,龜山區,11506,88074,189301,92704,96597,3484,3348,6832,4159,3826,7985,3880,3603,7483,3943,3633,7576,4814,4313,9127,6166,6031,12197,7832,7600,15432,8073,7793,15866,8592,8741,17333,8678,8848,17526,6890,7385,14275,6155,6767,12922,5823,6823,12646,5346,6261,11607,4426,5336,9762,2450,3131,5581,1089,1630,2719,536,991,1527,225,398,623,118,121,239,25,18,43,22300,134900,74702,32101,39.46,16.96,144.0,16.5,23.8,40.3
澎湖縣,七美鄉,11506,1577,3994,2028,1966,66,63,129,48,47,95,44,42,86,60,72,132,99,86,185,134,134,268,135,128,263,132,133,265,140,165,305,163,161,324,178,152,330,185,153,338,187,172,359,184,143,327,128,124,252,76,68,144,41,40,81,15,47,62,12,26,38,1,9,10,0,1,1,310,2769,1656,915,41.46,22.91,295.2,11.2,33.0,44.2
澎湖縣,望安鄉,11506,2019,5366,2851,2515,74,87,161,61,48,109,63,60,123,78,57,135,123,126,249,164,162,326,159,170,329,145,152,297,173,150,323,197,186,383,254,183,437,274,196,470,338,262,600,273,205,478,215,161,376,127,107,234,59,86,145,52,70,122,20,40,60,2,6,8,0,1,1,393,3549,2213,1424,41.24,26.54,362.3,11.1,40.1,51.2
澎湖縣,湖西鄉,11506,6854,16219,8455,7764,279,301,580,192,174,366,170,153,323,288,235,523,568,392,960,759,570,1329,694,622,1316,566,508,1074,618,563,1181,631,620,1251,589,575,1164,670,595,1265,750,642,1392,658,585,1243,432,449,881,276,285,561,144,174,318,105,158,263,46,116,162,16,43,59,4,4,8,1269,11455,6253,3495,38.55,21.55,275.4,11.1,30.5,41.6
澎湖縣,白沙鄉,11506,3772,10149,5211,4938,163,175,338,139,133,272,139,114,253,154,144,298,279,230,509,350,321,671,344,295,639,349,321,670,362,328,690,368,374,742,421,389,810,460,395,855,520,479,999,456,402,858,306,303,609,168,202,370,108,137,245,75,112,187,38,70,108,11,13,24,1,1,2,863,6883,4096,2403,40.36,23.68,278.4,12.5,34.9,47.5
澎湖縣,西嶼鄉,11506,3242,8096,4148,3948,120,101,221,109,86,195,96,95,191,119,119,238,196,171,367,256,218,474,258,246,504,199,239,438,282,281,563,297,306,603,333,271,604,382,326,708,434,338,772,377,336,713,288,290,578,216,232,448,87,115,202,64,99,163,30,61,91,5,18,23,0,0,0,607,5271,3250,2218,40.14,27.4,365.4,11.5,42.1,53.6
澎湖縣,馬公市,11506,27544,62726,31744,30982,901,898,1799,1197,1016,2213,1268,1119,2387,1326,1209,2535,2277,1836,4113,2532,2099,4631,2582,2207,4789,2385,2055,4440,2298,2266,4564,2339,2524,4863,2218,2298,4516,2332,2325,4657,2313,2366,4679,2109,2192,4301,1628,1803,3431,996,1241,2237,519,678,1197,332,507,839,145,260,405,42,69,111,5,14,19,6399,43787,23279,12540,37.11,19.99,196.0,14.6,28.6,43.3
臺中市,中區,11506,9020,18064,8737,9327,184,176,360,536,531,1067,951,897,1848,321,332,653,329,356,685,417,425,842,435,405,840,475,562,1037,622,814,1436,657,828,1485,565,585,1150,576,584,1160,625,640,1265,645,647,1292,617,654,1271,424,422,846,202,228,430,103,150,253,37,74,111,13,12,25,3,5,8,3275,10553,6496,4236,35.96,23.45,129.3,31.0,40.1,71.2
臺中市,北區,11506,67909,143312,67623,75689,1878,1799,3677,2748,2518,5266,2895,2831,5726,2942,2709,5651,3291,3132,6423,4501,4465,8966,5131,5323,10454,5193,5165,10358,5485,5881,11366,5514,6297,11811,4609,5610,10219,4778,6109,10887,4981,6116,11097,4709,5830,10539,4176,5063,9239,2600,3245,5845,1166,1724,2890,652,1189,1841,257,507,764,93,146,239,24,30,54,14669,97232,55380,31411,38.64,21.92,214.1,15.1,32.3,47.4
臺中市,北屯區,11506,139131,318503,150479,168024,5867,5372,11239,8089,7477,15566,8649,8408,17057,7002,6681,13683,7442,7277,14719,10352,10145,20497,12312,12653,24965,12697,13283,25980,13171,14624,27795,12776,14962,27738,10196,12906,23102,9946,12834,22780,9650,12146,21796,8426,10564,18990,6878,8436,15314,3787,5061,8848,1706,2738,4444,1008,1659,2667,361,627,988,138,154,292,26,17,43,43862,223055,123211,51586,38.68,16.2,117.6,19.7,23.1,42.8
臺中市,南區,11506,58295,128182,60739,67443,1869,1706,3575,2551,2421,4972,2555,2356,4911,3053,2813,5866,3573,3341,6914,4752,4402,9154,4759,4837,9596,4500,4697,9197,4863,5373,10236,5225,6232,11457,4921,6243,11164,4780,5922,10702,4133,5021,9154,3368,4078,7446,2617,3491,6108,1713,2188,3901,813,1110,1923,472,804,1276,155,319,474,55,77,132,12,12,24,13458,93440,52713,21284,41.12,16.6,158.2,14.4,22.8,37.2
臺中市,南屯區,11506,80534,185950,87889,98061,3254,3027,6281,5037,4587,9624,5599,5185,10784,4742,4345,9087,5040,4655,9695,6653,6475,13128,6772,7008,13780,6406,7042,13448,6847,8046,14893,7160,8728,15888,6166,8315,14481,6548,8549,15097,5977,7249,13226,4640,5406,10046,3407,4216,7623,1960,2532,4492,897,1358,2255,517,902,1419,199,338,537,53,87,140,15,11,26,26689,132723,73585,26538,39.57,14.27,99.4,20.1,20.0,40.1
臺中市,后里區,11506,18886,52631,26372,26259,779,784,1563,1154,1029,2183,1283,1213,2496,1255,1201,2456,1499,1431,2930,1916,1766,3682,1927,1788,3715,1779,1647,3426,2003,2074,4077,2319,2277,4596,1919,1879,3798,1952,1885,3837,1874,1787,3661,1632,1681,3313,1356,1600,2956,864,1006,1870,455,611,1066,268,389,657,101,164,265,34,42,76,3,5,8,6242,36178,19969,10211,37.94,19.4,163.6,17.3,28.2,45.5
臺中市,和平區,11506,4739,10450,5555,4895,175,176,351,173,154,327,190,148,338,210,194,404,248,297,545,316,313,629,388,296,684,321,256,577,360,304,664,427,318,745,414,339,753,517,417,934,549,451,1000,462,423,885,386,341,727,198,215,413,97,124,221,86,82,168,26,33,59,11,13,24,1,1,2,1016,6935,4096,2499,39.2,23.91,246.0,14.7,36.0,50.7
臺中市,外埔區,11506,11291,30657,15645,15012,473,412,885,534,473,1007,593,524,1117,676,678,1354,922,838,1760,1138,1049,2187,1259,1028,2287,1119,1061,2180,1318,1197,2515,1444,1281,2725,1100,1107,2207,1152,1109,2261,1129,1106,2235,1033,1068,2101,792,910,1702,473,557,1030,272,286,558,150,218,368,53,86,139,14,23,37,1,1,2,3009,21711,11943,5937,38.96,19.37,197.3,13.9,27.3,41.2
臺中市,大安區,11506,6186,17344,9113,8231,228,247,475,231,222,453,257,232,489,360,318,678,471,477,948,660,623,1283,725,575,1300,650,521,1171,691,580,1271,769,637,1406,679,588,1267,762,617,1379,791,662,1453,631,543,1174,462,448,910,308,349,657,224,267,491,157,209,366,46,90,136,9,25,34,2,1,3,1417,12156,6776,3771,39.07,21.74,266.1,11.7,31.0,42.7
臺中市,大甲區,11506,26760,72679,36312,36367,1117,1045,2162,1772,1655,3427,2168,1930,4098,1728,1550,3278,2000,1883,3883,2566,2369,4935,2609,2519,5128,2595,2423,5018,2837,2783,5620,2935,2873,5808,2402,2372,4774,2429,2479,4908,2548,2722,5270,2425,2542,4967,1884,2184,4068,1135,1285,2420,634,849,1483,379,586,965,117,258,375,28,52,80,4,8,12,9687,48622,26380,14370,36.3,19.77,148.3,19.9,29.6,49.5
臺中市,大肚區,11506,20689,54938,27862,27076,820,713,1533,1059,943,2002,1241,1109,2350,1297,1179,2476,1522,1454,2976,2010,1797,3807,2117,1776,3893,2068,1788,3856,2336,2181,4517,2540,2356,4896,2032,2032,4064,1940,1935,3875,1939,2096,4035,1811,1896,3707,1456,1651,3107,871,1000,1871,410,553,963,246,393,639,114,167,281,29,51,80,4,6,10,5885,38395,21387,10658,38.93,19.4,181.1,15.3,27.8,43.1
臺中市,大里區,11506,80987,210455,102224,108231,3095,3100,6195,4821,4552,9373,6002,5625,11627,5149,4749,9898,5698,5358,11056,7309,6927,14236,7885,7464,15349,7930,7694,15624,8699,9244,17943,9070,9703,18773,7134,7777,14911,6484,7718,14202,6774,8287,15061,6198,7644,13842,5170,6006,11176,2803,3323,6126,1160,1614,2774,584,989,1573,194,367,561,61,82,143,4,8,12,27195,147053,80890,36207,38.44,17.2,133.1,18.5,24.6,43.1
臺中市,大雅區,11506,34136,94389,46814,47575,1614,1438,3052,2232,2156,4388,2639,2518,5157,2334,2219,4553,2638,2430,5068,3646,3161,6807,3758,3423,7181,3660,3380,7040,3812,3948,7760,4060,4163,8223,3257,3335,6592,3278,3605,6883,3185,3726,6911,2801,3078,5879,1995,2360,4355,1053,1295,2348,462,679,1141,246,441,687,101,180,281,40,37,77,3,3,6,12597,67018,36369,14774,38.53,15.65,117.3,18.8,22.0,40.8
臺中市,太平區,11506,80357,201561,98812,102749,3535,3227,6762,4816,4495,9311,4966,4613,9579,4462,4190,8652,4980,4649,9629,7127,6621,13748,8165,7886,16051,8317,8061,16378,8994,8802,17796,8916,8884,17800,6673,7182,13855,6588,7297,13885,6422,7606,14028,5828,7047,12875,4679,5656,10335,2494,3430,5924,1044,1669,2713,510,962,1472,192,363,555,90,98,188,14,11,25,25652,141822,77364,34087,38.38,16.91,132.9,18.1,24.0,42.1
臺中市,新社區,11506,8527,22487,11582,10905,240,227,467,318,303,621,442,371,813,415,428,843,706,604,1310,836,702,1538,801,706,1507,686,548,1234,778,761,1539,877,843,1720,905,803,1708,1056,837,1893,980,855,1835,826,772,1598,690,766,1456,431,571,1002,288,377,665,217,277,494,63,114,177,24,33,57,3,7,10,1901,15127,8695,5459,38.67,24.28,287.2,12.6,36.1,48.7
臺中市,東勢區,11506,18673,46223,23446,22777,556,487,1043,682,685,1367,822,804,1626,887,807,1694,1242,1065,2307,1630,1442,3072,1559,1393,2952,1520,1265,2785,1738,1574,3312,1753,1788,3541,1586,1519,3105,1892,1721,3613,1953,1847,3800,1828,1855,3683,1545,1683,3228,1039,1187,2226,589,793,1382,434,563,997,148,231,379,36,58,94,7,10,17,4036,30181,17371,12006,37.58,25.97,297.5,13.4,39.8,53.2
臺中市,東區,11506,34077,77723,37998,39725,1132,1032,2164,1496,1340,2836,1758,1510,3268,1677,1522,3199,1937,1775,3712,2496,2479,4975,2748,2788,5536,2940,2844,5784,3208,3156,6364,3344,3486,6830,2757,2982,5739,2769,3062,5831,2679,3050,5729,2467,2828,5295,2160,2577,4737,1294,1579,2873,553,846,1399,394,568,962,120,225,345,58,68,126,11,8,19,8268,53699,30493,15756,39.23,20.27,190.6,15.4,29.3,44.7
臺中市,梧棲區,11506,27702,67355,33379,33976,1228,1112,2340,1689,1590,3279,1707,1692,3399,1613,1519,3132,1905,1819,3724,2405,2299,4704,2736,2694,5430,2710,2591,5301,3116,3161,6277,3214,3318,6532,2302,2452,4754,2074,2102,4176,1993,2075,4068,1761,1931,3692,1412,1649,3061,827,973,1800,370,496,866,240,336,576,61,130,191,13,32,45,3,5,8,9018,48098,25807,10239,38.31,15.2,113.5,18.7,21.3,40.0
臺中市,沙鹿區,11506,39507,101634,50726,50908,1888,1706,3594,2657,2659,5316,3425,3051,6476,2692,2520,5212,2893,2639,5532,3433,3178,6611,3863,3575,7438,3615,3530,7145,4452,4430,8882,5117,5002,10119,4013,3929,7942,3264,3282,6546,2791,3049,5840,2368,2718,5086,2006,2443,4449,1206,1568,2774,589,834,1423,319,522,841,103,210,313,29,54,83,3,9,12,15386,71267,39329,14981,38.7,14.74,97.4,21.6,21.0,42.6
臺中市,清水區,11506,36117,90604,46058,44546,1485,1401,2886,2000,1747,3747,2159,2048,4207,2060,1943,4003,2561,2356,4917,3172,2845,6017,3469,3028,6497,3455,3182,6637,4030,3869,7899,4153,4011,8164,3323,3120,6443,3171,2983,6154,3156,3092,6248,2774,2730,5504,2329,2558,4887,1380,1557,2937,699,981,1680,460,710,1170,180,305,485,39,71,110,3,9,12,10840,62979,34908,16785,38.53,18.53,154.8,17.2,26.7,43.9
臺中市,潭子區,11506,42655,109259,53585,55674,1740,1591,3331,2372,2176,4548,2534,2348,4882,2546,2411,4957,3036,2758,5794,4004,3721,7725,4406,4027,8433,4161,3867,8028,4384,4228,8612,4594,4909,9503,3905,4360,8265,3887,4554,8441,3762,4497,8259,3230,3769,6999,2493,2962,5455,1425,1732,3157,627,950,1577,310,549,859,110,202,312,52,60,112,7,3,10,12761,78017,43080,18481,39.43,16.91,144.8,16.4,23.7,40.0
臺中市,烏日區,11506,33805,82327,40667,41660,1551,1415,2966,1868,1811,3679,2247,1953,4200,1887,1764,3651,2114,2006,4120,2849,2668,5517,3246,3169,6415,3280,3246,6526,3548,3707,7255,3614,3766,7380,2928,3065,5993,2638,2865,5503,2622,2857,5479,2311,2567,4878,1881,2133,4014,1144,1275,2419,501,674,1175,290,466,756,111,205,316,32,42,74,5,6,11,10845,57839,31610,13643,38.4,16.57,125.8,18.8,23.6,42.3
臺中市,石岡區,11506,5128,13595,6983,6612,163,146,309,176,169,345,260,245,505,269,243,512,369,351,720,502,447,949,440,429,869,460,355,815,518,471,989,554,513,1067,481,423,904,552,497,1049,590,544,1134,586,551,1137,478,487,965,279,310,589,158,186,344,102,145,247,33,82,115,11,15,26,2,3,5,1159,9008,5143,3428,37.83,25.22,295.8,12.9,38.1,50.9
臺中市,神岡區,11506,22465,63045,32138,30907,951,910,1861,1245,1137,2382,1411,1291,2702,1583,1325,2908,1835,1629,3464,2324,2099,4423,2411,2198,4609,2397,1987,4384,2657,2454,5111,2810,2634,5444,2294,2214,4508,2228,2241,4469,2245,2398,4643,2179,2233,4412,1654,1811,3465,989,1085,2074,491,605,1096,308,444,752,101,171,272,21,34,55,4,7,11,6945,43963,24175,12137,38.35,19.25,174.8,15.8,27.6,43.4
臺中市,西區,11506,51693,113063,52854,60209,1384,1268,2652,2625,2426,5051,3798,3729,7527,2379,2252,4631,2547,2487,5034,3416,3412,6828,3521,3625,7146,3455,3679,7134,3851,4799,8650,4187,4954,9141,3573,4586,8159,3791,4884,8675,3742,4560,8302,3554,4341,7895,3080,3816,6896,2001,2518,4519,992,1360,2352,642,996,1638,221,400,621,70,103,173,25,14,39,15230,73700,42927,24133,37.97,21.34,158.5,20.7,32.7,53.4
臺中市,西屯區,11506,106373,238437,112990,125447,3850,3572,7422,5849,5403,11252,7016,6423,13439,5842,5368,11210,6170,5781,11951,8100,8105,16205,8452,8769,17221,8323,8812,17135,9026,10154,19180,9403,11308,20711,8009,10114,18123,8304,10444,18748,7808,9687,17495,6572,7907,14479,5023,6010,11033,2904,3735,6639,1219,1917,3136,710,1306,2016,258,479,737,128,129,257,24,24,48,32113,167979,94257,38345,39.53,16.08,119.4,19.1,22.8,41.9
臺中市,豐原區,11506,60725,161039,78781,82258,2336,2200,4536,3812,3507,7319,4543,4180,8723,3741,3627,7368,4216,3836,8052,5376,5003,10379,5732,5454,11186,5606,5311,10917,6465,6586,13051,6683,7066,13749,5482,5900,11382,5244,5854,11098,5362,6248,11610,4986,5778,10764,4178,5075,9253,2564,3075,5639,1319,1689,3008,784,1259,2043,287,497,784,59,103,162,6,10,16,20578,108792,60890,31669,37.81,19.67,153.9,18.9,29.1,48.0
臺中市,霧峰區,11506,23070,62202,31542,30660,858,805,1663,1208,1051,2259,1277,1241,2518,1273,1174,2447,1705,1479,3184,2205,1991,4196,2415,2125,4540,2343,2055,4398,2603,2390,4993,2601,2366,4967,2011,2144,4155,2261,2238,4499,2500,2563,5063,2293,2407,4700,1842,1923,3765,1102,1170,2272,538,692,1230,358,551,909,112,243,355,30,44,74,7,8,15,6440,42442,23677,13320,38.06,21.41,206.8,15.2,31.4,46.6
臺中市,龍井區,11506,29888,79360,39782,39578,1382,1279,2661,1659,1658,3317,1884,1768,3652,2029,1807,3836,2244,2091,4335,2929,2835,5764,3348,3170,6518,3060,2939,5999,3445,3315,6760,3570,3464,7034,2786,2873,5659,2827,2799,5626,2831,2817,5648,2307,2308,4615,1622,1876,3498,960,1136,2096,465,700,1165,305,477,782,107,210,317,22,47,69,0,9,9,9630,57179,30727,12551,38.72,15.82,130.3,16.8,22.0,38.8
臺北市,中山區,11506,103617,210913,96273,114640,2970,2811,5781,3729,3591,7320,4573,4343,8916,3912,3809,7721,3931,3834,7765,5147,5345,10492,6179,6512,12691,6357,7412,13769,7405,8890,16295,7930,9453,17383,6898,8886,15784,7036,9088,16124,7280,9411,16691,7115,9428,16543,6645,8979,15624,4768,6032,10800,2287,3107,5394,1338,2234,3572,567,1116,1683,175,309,484,31,50,81,22017,134715,82277,54181,39.01,25.69,246.1,16.3,40.2,56.6
臺北市,中正區,11506,65969,143569,67605,75964,2246,2071,4317,3922,3702,7624,5103,4729,9832,3099,2851,5950,2603,2470,5073,3311,3214,6525,3726,3876,7602,3946,4811,8757,5196,6422,11618,5868,6853,12721,4594,5319,9913,4295,5114,9409,4361,5302,9663,4591,5248,9839,4256,5158,9414,3199,3989,7188,1589,2109,3698,1052,1622,2674,469,806,1275,140,249,389,39,49,88,21773,87231,53324,34565,37.14,24.08,158.8,25.0,39.6,64.6
臺北市,信義區,11506,91035,199927,93705,106222,2808,2559,5367,3417,3246,6663,3943,3750,7693,3794,3390,7184,4028,3672,7700,5316,5164,10480,6071,6390,12461,6317,6935,13252,7035,7951,14986,7369,8483,15852,6699,7816,14515,6916,8204,15120,7069,8431,15500,6900,8456,15356,6576,8291,14867,4750,6224,10974,2418,3518,5936,1356,2364,3720,580,1012,1592,266,308,574,77,58,135,19723,127050,75973,53154,38.0,26.59,269.5,15.5,41.8,57.4
臺北市,內湖區,11506,112186,266274,125639,140635,4301,4107,8408,6169,5900,12069,7332,6919,14251,5584,5271,10855,5559,5069,10628,7396,7147,14543,8596,8902,17498,9114,10224,19338,10428,11749,22177,10504,12177,22681,8395,9844,18239,8539,10585,19124,9109,11388,20497,9008,11246,20254,7960,9116,17076,4323,5349,9672,1756,2579,4335,899,1895,2794,409,853,1262,202,265,467,56,50,106,34728,175580,102718,55966,38.58,21.02,161.2,19.8,31.9,51.7
臺北市,北投區,11506,101568,234449,111186,123263,3312,3113,6425,4905,4373,9278,6022,5499,11521,4835,4588,9423,4898,4628,9526,6244,6101,12345,6961,7139,14100,7434,7782,15216,8813,9749,18562,9357,10513,19870,8400,9265,17665,7934,9328,17262,7884,9452,17336,7819,9669,17488,7244,8994,16238,4634,6187,10821,2385,3340,5725,1315,2220,3535,540,953,1493,218,291,509,32,79,111,27224,151305,90695,55920,38.68,23.85,205.4,18.0,37.0,55.0
臺北市,南港區,11506,49996,111268,53498,57770,1714,1575,3289,2165,1905,4070,2382,2205,4587,2255,2087,4342,2511,2289,4800,3169,3042,6211,3531,3742,7273,3837,3982,7819,4289,4648,8937,4719,4881,9600,4077,4516,8593,4024,4477,8501,3823,4325,8148,3628,4412,8040,3315,3815,7130,2081,2772,4853,1067,1509,2576,584,1066,1650,219,398,617,93,106,199,15,18,33,11946,74224,43779,25098,39.35,22.56,210.1,16.1,33.8,49.9
臺北市,士林區,11506,109456,256351,122432,133919,3463,3312,6775,4774,4509,9283,6146,5618,11764,5149,4852,10001,5445,4883,10328,6978,6542,13520,7689,7749,15438,7825,8463,16288,9284,10261,19545,9987,10906,20893,8590,9479,18069,8955,9976,18931,8923,10286,19209,9175,11000,20175,8701,10349,19050,5763,7213,12976,2829,3979,6808,1754,2810,4564,730,1302,2032,226,370,596,46,60,106,27822,162222,96647,66307,37.7,25.87,238.3,17.2,40.9,58.0
臺北市,大同區,11506,54620,115920,55301,60619,1650,1582,3232,2249,2037,4286,2727,2691,5418,2350,2127,4477,2326,2200,4526,3006,2964,5970,3509,3601,7110,3737,4108,7845,4348,4916,9264,4697,5246,9943,3986,4349,8335,4011,4432,8443,4096,4629,8725,4008,4547,8555,3715,4392,8107,2521,2973,5494,1203,1719,2922,779,1346,2125,304,584,888,70,151,221,9,25,34,12936,74638,44710,28346,38.57,24.45,219.1,17.3,38.0,55.3
臺北市,大安區,11506,120937,280877,129392,151485,4250,4096,8346,7001,6757,13758,9019,8509,17528,6082,5823,11905,5193,4879,10072,6507,6453,12960,6588,7496,14084,7094,8549,15643,9284,11629,20913,10375,12963,23338,8795,10586,19381,8606,10645,19251,8906,10896,19802,8719,11176,19895,8711,11053,19764,6895,9111,16006,3707,4980,8687,2177,3542,5719,1018,1677,2695,382,549,931,83,116,199,39632,167349,102685,73896,36.56,26.31,186.5,23.7,44.2,67.8
臺北市,文山區,11506,111051,252582,119412,133170,3382,3268,6650,5001,4694,9695,6472,6121,12593,5608,5196,10804,5835,5301,11136,7475,7004,14479,7743,7898,15641,7545,8266,15811,8863,9974,18837,9407,11095,20502,8809,10457,19266,9261,10992,20253,9190,10525,19715,8333,9947,18280,7325,8876,16201,4644,6239,10883,2315,3511,5826,1286,2386,3672,565,1037,1602,291,324,615,62,59,121,28938,166444,98573,57200,39.03,22.65,197.7,17.4,34.4,51.8
臺北市,松山區,11506,81236,186478,86617,99861,2834,2618,5452,4372,3963,8335,5794,5518,11312,3928,3652,7580,3488,3276,6764,4489,4327,8816,4951,5185,10136,5124,6062,11186,6422,7956,14378,7152,8543,15695,6102,7397,13499,5857,7115,12972,5738,7318,13056,5819,7366,13185,5595,7204,12799,4436,5771,10207,2359,3080,5439,1315,2087,3402,569,1027,1596,219,334,553,54,62,116,25099,114082,69600,47297,37.32,25.36,188.4,22.0,41.5,63.5
臺北市,萬華區,11506,81464,167356,80633,86723,1983,1908,3891,2212,2046,4258,2705,2466,5171,3056,2758,5814,3471,3196,6667,4572,4410,8982,5324,5284,10608,5478,5298,10776,6213,6265,12478,6737,6901,13638,6064,6581,12645,6414,6927,13341,6532,7431,13963,6481,7306,13787,5822,6770,12592,3757,4946,8703,1857,2876,4733,1191,2139,3330,516,907,1423,209,275,484,39,33,72,13320,108912,66065,45124,39.48,26.96,338.8,12.2,41.4,53.7
臺南市,七股區,11506,8112,20350,10530,9820,181,198,379,198,199,397,395,353,748,314,277,591,494,457,951,624,534,1158,645,550,1195,682,535,1217,725,698,1423,814,856,1670,791,785,1576,1045,819,1864,1197,899,2096,893,761,1654,645,577,1222,383,429,812,252,324,576,166,337,503,72,166,238,14,58,72,0,8,8,1524,13741,8629,5085,42.4,24.99,333.7,11.1,37.0,48.1
臺南市,下營區,11506,9493,21582,11111,10471,231,224,455,301,311,612,383,361,744,373,351,724,501,470,971,679,606,1285,708,594,1302,671,557,1228,811,702,1513,929,787,1716,749,686,1435,855,798,1653,1000,959,1959,1061,900,1961,750,752,1502,477,535,1012,291,342,633,217,318,535,99,172,271,22,42,64,3,4,7,1811,13786,8276,5985,38.35,27.73,330.5,13.1,43.4,56.6
臺南市,中西區,11506,34548,74924,36074,38850,918,799,1717,2200,1893,4093,2667,2394,5061,1398,1277,2675,1443,1352,2795,1952,1737,3689,2045,2009,4054,2141,2459,4600,2738,3265,6003,2963,3360,6323,2542,2910,5452,2674,2889,5563,2564,2890,5454,2537,2789,5326,2272,2578,4850,1483,1799,3282,762,1060,1822,503,869,1372,213,417,630,55,92,147,4,12,16,10871,46608,28795,17445,38.43,23.28,160.5,23.3,37.4,60.8
臺南市,仁德區,11506,32623,77633,38857,38776,1031,965,1996,1438,1288,2726,1642,1521,3163,1712,1548,3260,1871,1676,3547,2555,2216,4771,2795,2597,5392,2995,2643,5638,3429,3327,6756,3712,3633,7345,3056,3052,6108,2814,2949,5763,2711,3037,5748,2537,2860,5397,2208,2422,4630,1283,1487,2770,582,777,1359,318,498,816,129,215,344,37,57,94,2,8,10,7885,54328,31720,15420,40.86,19.86,195.6,14.5,28.4,42.9
臺南市,佳里區,11506,23640,58128,28607,29521,741,688,1429,1200,1140,2340,1365,1264,2629,1168,1125,2293,1352,1235,2587,1832,1598,3430,2026,1851,3877,2172,2000,4172,2318,2431,4749,2609,2643,5252,1928,2108,4036,1962,2229,4191,2203,2328,4531,2067,2320,4387,1660,1833,3493,1020,1125,2145,467,662,1129,345,532,877,142,303,445,28,92,120,2,14,16,6398,39118,22759,12612,39.15,21.7,197.1,16.4,32.2,48.6
臺南市,六甲區,11506,8605,20711,10691,10020,228,178,406,314,333,647,396,414,810,389,317,706,520,491,1011,687,616,1303,745,643,1388,728,618,1346,760,757,1517,863,770,1633,739,666,1405,833,792,1625,994,826,1820,877,771,1648,686,703,1389,466,496,962,229,282,511,164,206,370,66,116,182,7,24,31,0,1,1,1863,13754,8000,5094,38.63,24.6,273.4,13.5,37.0,50.6
臺南市,北區,11506,56035,125194,60209,64985,1505,1467,2972,2299,2071,4370,2704,2592,5296,2887,2677,5564,3055,2839,5894,3745,3541,7286,3941,3830,7771,4151,3937,8088,4690,5164,9854,5610,5793,11403,4962,5515,10477,4753,5364,10117,4452,5022,9474,3995,4778,8773,3404,4217,7621,2111,2827,4938,1026,1630,2656,617,1149,1766,224,436,660,70,118,188,8,18,26,12638,85928,51325,26628,41.0,21.27,210.7,14.7,31.0,45.7
臺南市,北門區,11506,3919,9358,4723,4635,55,52,107,95,80,175,101,80,181,146,127,273,211,192,403,232,243,475,273,223,496,293,216,509,329,367,696,411,421,832,397,391,788,520,429,949,590,461,1051,433,427,860,293,349,642,154,228,382,93,173,266,65,111,176,26,55,81,6,9,15,0,1,1,463,6472,4316,2423,46.12,25.89,523.3,7.2,37.4,44.6
臺南市,南化區,11506,2831,7516,4047,3469,67,73,140,88,82,170,90,79,169,123,106,229,133,125,258,262,190,452,258,218,476,245,196,441,239,226,465,285,260,545,294,216,510,349,258,607,432,331,763,399,309,708,316,304,620,228,207,435,113,124,237,69,99,168,44,56,100,12,9,21,1,1,2,479,4746,2890,2291,38.45,30.48,478.3,10.1,48.3,58.4
臺南市,南區,11506,50503,118473,57979,60494,1323,1216,2539,1729,1571,3300,2072,1973,4045,2265,2104,4369,2576,2405,4981,3439,3337,6776,4090,3789,7879,4355,4173,8528,5211,4858,10069,5336,5162,10498,4348,4543,8891,4458,4618,9076,4446,5070,9516,4298,5141,9439,3728,4411,8139,2233,2895,5128,1099,1668,2767,655,1044,1699,236,398,634,69,107,176,13,11,24,9884,80583,48050,28006,40.56,23.64,283.3,12.3,34.8,47.0
臺南市,善化區,11506,23593,53942,27094,26848,1156,1021,2177,1565,1509,3074,1575,1499,3074,1153,1121,2274,1151,1164,2315,1614,1435,3049,2076,1852,3928,2241,2139,4380,2578,2526,5104,2489,2445,4934,1759,1838,3597,1651,1735,3386,1722,1624,3346,1577,1532,3109,1217,1282,2499,766,918,1684,389,495,884,278,437,715,104,197,301,31,70,101,2,9,11,8325,36313,20367,9304,37.76,17.25,111.8,22.9,25.6,48.5
臺南市,大內區,11506,3660,8381,4498,3883,74,66,140,79,86,165,99,79,178,119,140,259,214,168,382,257,229,486,261,200,461,222,158,380,255,218,473,355,299,654,348,287,635,414,321,735,482,321,803,417,341,758,360,307,667,247,260,507,133,184,317,110,138,248,41,62,103,11,17,28,0,2,2,483,5268,3300,2630,39.37,31.38,544.5,9.2,49.9,59.1
臺南市,學甲區,11506,10331,24294,12437,11857,338,259,597,359,314,673,396,404,800,439,387,826,544,506,1050,755,671,1426,820,717,1537,895,762,1657,989,1004,1993,1051,989,2040,882,851,1733,985,862,1847,1181,1048,2229,1130,982,2112,788,808,1596,455,526,981,221,352,573,148,257,405,50,132,182,11,23,34,0,3,3,2070,16338,9842,5886,40.51,24.23,284.3,12.7,36.0,48.7
臺南市,安南區,11506,79321,204745,102297,102448,3591,3280,6871,4886,4510,9396,5283,5065,10348,4636,4404,9040,5011,4522,9533,6593,6089,12682,7742,7225,14967,8369,7859,16228,9773,9602,19375,9960,9714,19674,7558,7538,15096,6753,6954,13707,6693,7450,14143,6201,6930,13131,4727,5289,10016,2597,2952,5549,1096,1425,2521,589,1062,1651,191,466,657,44,100,144,4,12,16,26615,144445,81995,33685,40.05,16.45,126.6,18.4,23.3,41.7
臺南市,安定區,11506,12001,29679,15232,14447,407,381,788,523,473,996,555,517,1072,627,511,1138,722,709,1431,1007,956,1963,1184,969,2153,1155,1045,2200,1309,1172,2481,1377,1253,2630,1062,1084,2146,1205,1040,2245,1241,1205,2446,1134,1037,2171,790,819,1609,400,501,901,272,329,601,176,267,443,67,134,201,17,41,58,2,4,6,2856,20833,11948,5990,40.26,20.18,209.7,13.7,28.8,42.5
臺南市,安平區,11506,33037,71798,33446,38352,991,885,1876,1303,1365,2668,1702,1549,3251,1642,1532,3174,1725,1715,3440,2424,2413,4837,2600,2684,5284,2392,2468,4860,2587,3085,5672,2966,3673,6639,2639,3468,6107,2841,3688,6529,2617,3176,5793,2006,2428,4434,1443,1835,3278,844,1166,2010,430,634,1064,217,424,641,61,140,201,16,21,37,0,3,3,7795,52335,30740,11668,42.81,16.25,149.7,14.9,22.3,37.2
臺南市,官田區,11506,8735,20500,10433,10067,282,243,525,328,291,619,318,282,600,366,329,695,477,483,960,679,596,1275,799,702,1501,776,653,1429,838,729,1567,793,808,1601,775,766,1541,829,852,1681,993,860,1853,855,805,1660,590,636,1226,376,490,866,164,230,394,119,181,300,59,87,146,13,42,55,4,2,6,1744,14103,8243,4653,40.21,22.7,266.8,12.4,33.0,45.4
臺南市,將軍區,11506,7115,17476,8912,8564,155,125,280,184,145,329,220,199,419,235,228,463,365,338,703,471,457,928,551,476,1027,541,472,1013,616,585,1201,760,773,1533,711,671,1382,852,772,1624,937,798,1735,810,707,1517,624,623,1247,365,417,782,250,324,574,171,254,425,75,145,220,16,52,68,3,3,6,1028,11609,7475,4839,42.77,27.69,470.7,8.9,41.7,50.5
臺南市,山上區,11506,2797,6733,3570,3163,95,65,160,98,90,188,102,84,186,103,86,189,150,137,287,257,225,482,263,214,477,249,189,438,264,195,459,265,221,486,211,250,461,298,283,581,353,273,626,317,245,562,215,189,404,144,155,299,70,104,174,70,84,154,36,61,97,9,11,20,1,2,3,534,4486,2613,1713,38.81,25.44,320.8,11.9,38.2,50.1
臺南市,左鎮區,11506,1783,4071,2322,1749,33,17,50,34,34,68,39,29,68,54,48,102,76,60,136,108,95,203,130,89,219,110,58,168,135,96,231,156,100,256,142,124,266,230,164,394,318,180,498,271,176,447,212,152,364,120,123,243,63,78,141,52,73,125,31,43,74,8,8,16,0,2,2,186,2473,1645,1412,40.41,34.68,759.1,7.5,57.1,64.6
臺南市,後壁區,11506,9025,20662,10675,9987,181,175,356,195,198,393,280,258,538,328,322,650,531,496,1027,669,588,1257,637,566,1203,605,506,1111,715,643,1358,753,688,1441,675,620,1295,898,765,1663,1063,903,1966,1023,830,1853,800,738,1538,595,563,1158,334,459,793,248,379,627,118,225,343,25,58,83,2,7,9,1287,12971,7723,6404,37.38,30.99,497.6,9.9,49.4,59.3
臺南市,新化區,11506,16260,41835,21097,20738,544,519,1063,804,717,1521,840,727,1567,796,731,1527,1020,912,1932,1489,1279,2768,1502,1387,2889,1523,1308,2831,1641,1547,3188,1823,1724,3547,1464,1455,2919,1576,1634,3210,1675,1749,3424,1574,1658,3232,1269,1329,2598,758,884,1642,406,546,952,258,377,635,105,194,299,29,53,82,1,8,9,4151,28235,16288,9449,38.93,22.59,227.6,14.7,33.5,48.2
臺南市,新市區,11506,15928,38274,19201,19073,687,598,1285,894,840,1734,1032,977,2009,781,741,1522,839,813,1652,1257,1119,2376,1632,1416,3048,1618,1469,3087,1774,1734,3508,1855,1734,3589,1217,1351,2568,1184,1339,2523,1315,1421,2736,1118,1261,2379,923,985,1908,583,565,1148,248,333,581,185,238,423,47,108,155,11,27,38,1,4,5,5028,26609,14924,6637,38.99,17.34,132.0,18.9,24.9,43.8
臺南市,新營區,11506,32060,74236,36253,37983,905,856,1761,1621,1424,3045,1953,1900,3853,1619,1510,3129,1883,1763,3646,2457,2249,4706,2580,2297,4877,2537,2327,4864,2680,2891,5571,2853,3002,5855,2369,2722,5091,2522,2844,5366,2803,3090,5893,2547,2890,5437,2123,2489,4612,1395,1633,3028,730,917,1647,465,714,1179,164,366,530,41,89,130,6,10,16,8659,48998,27776,16579,37.42,22.33,191.5,17.7,33.8,51.5
臺南市,東區,11506,79535,179979,85148,94831,2115,1980,4095,4055,3883,7938,6046,5585,11631,4111,3822,7933,4276,3945,8221,5634,5232,10866,5696,5672,11368,5302,5592,10894,6154,7404,13558,7103,8155,15258,6086,7520,13606,6383,7802,14185,6078,7629,13707,5565,6789,12354,4688,5830,10518,3162,3793,6955,1437,2029,3466,821,1421,2242,323,567,890,94,164,258,19,17,36,23664,119596,70314,36719,39.07,20.4,155.2,19.8,30.7,50.5
臺南市,東山區,11506,8164,18277,9742,8535,185,152,337,237,207,444,227,203,430,275,233,508,481,457,938,599,479,1078,558,468,1026,545,420,965,672,559,1231,658,573,1231,666,584,1250,864,658,1522,1105,802,1907,908,712,1620,669,588,1257,473,541,1014,300,373,673,204,328,532,97,148,245,16,43,59,3,7,10,1211,11656,7141,5410,39.07,29.6,446.7,10.4,46.4,56.8
臺南市,柳營區,11506,8398,19726,10252,9474,258,217,475,275,285,560,270,227,497,318,302,620,446,429,875,659,622,1281,778,630,1408,681,567,1248,792,681,1473,770,721,1491,673,627,1300,814,716,1530,994,811,1805,904,724,1628,678,685,1363,434,490,924,244,321,565,167,270,437,83,120,203,14,27,41,0,2,2,1532,13031,7599,5163,38.52,26.17,337.0,11.8,39.6,51.4
臺南市,楠西區,11506,3549,8297,4377,3920,58,50,108,77,69,146,104,84,188,143,108,251,186,171,357,261,216,477,242,214,456,260,181,441,299,254,553,276,284,560,315,253,568,397,327,724,502,386,888,473,382,855,312,314,626,229,238,467,107,169,276,94,133,227,30,69,99,12,16,28,0,2,2,442,5275,3293,2580,39.69,31.1,583.7,8.4,48.9,57.3
臺南市,歸仁區,11506,28181,71145,35663,35482,1066,1006,2072,1583,1430,3013,1796,1640,3436,1552,1406,2958,1771,1496,3267,2384,2153,4537,2696,2507,5203,2857,2514,5371,3085,3035,6120,3268,3139,6407,2476,2558,5034,2394,2649,5043,2498,2807,5305,2413,2637,5050,1874,2087,3961,1086,1172,2258,443,573,1016,289,414,703,101,202,303,26,48,74,5,9,14,8521,49245,27909,13379,39.23,18.81,157.0,17.3,27.2,44.5
臺南市,永康區,11506,99309,235793,115018,120775,3567,3330,6897,5044,4747,9791,5679,5409,11088,5459,4934,10393,5791,5268,11059,7889,7109,14998,8917,8310,17227,8966,8695,17661,10204,10368,20572,10992,11193,22185,8810,9598,18408,8299,9631,17930,8124,9860,17984,6982,8506,15488,5374,6383,11757,2843,3804,6647,1159,1982,3141,600,1150,1750,202,399,601,103,87,190,14,12,26,27776,168417,97079,39600,41.17,16.79,142.6,16.5,23.5,40.0
臺南市,玉井區,11506,5451,12593,6498,6095,124,116,240,164,154,318,206,159,365,196,177,373,296,299,595,399,340,739,388,352,740,387,303,690,417,381,798,473,467,940,430,377,807,535,502,1037,680,536,1216,647,564,1211,479,486,965,298,336,634,177,235,412,126,194,320,71,90,161,5,26,31,0,1,1,923,7935,4798,3735,38.1,29.66,404.7,11.6,47.1,58.7
臺南市,白河區,11506,10761,24732,12881,11851,239,191,430,342,295,637,336,293,629,374,348,722,615,579,1194,812,674,1486,798,664,1462,704,600,1304,859,760,1619,921,858,1779,872,784,1656,1093,872,1965,1305,1025,2330,1215,992,2207,918,922,1840,636,737,1373,347,509,856,287,460,747,163,231,394,40,52,92,5,5,10,1696,15517,9349,7519,37.8,30.4,443.3,10.9,48.5,59.4
臺南市,西港區,11506,9721,24773,12471,12302,370,333,703,452,420,872,453,423,876,468,455,923,523,508,1031,802,757,1559,946,896,1842,965,882,1847,1018,1002,2020,1041,1003,2044,835,805,1640,935,962,1897,1100,1059,2159,950,913,1863,719,671,1390,365,459,824,234,287,521,185,253,438,90,174,264,16,36,52,4,4,8,2451,16962,9760,5360,39.4,21.64,218.7,14.4,31.6,46.0
臺南市,關廟區,11506,12662,33045,16833,16212,408,374,782,518,487,1005,525,522,1047,591,528,1119,803,756,1559,1067,1009,2076,1154,1047,2201,1203,1063,2266,1310,1214,2524,1468,1278,2746,1248,1174,2422,1290,1208,2498,1353,1351,2704,1390,1305,2695,1079,1132,2211,659,747,1406,381,450,831,256,330,586,112,179,291,18,51,69,0,7,7,2834,22115,12894,8096,39.02,24.5,285.7,12.8,36.6,49.4
臺南市,鹽水區,11506,10404,23381,12142,11239,249,239,488,361,337,698,411,365,776,401,388,789,625,539,1164,744,642,1386,851,690,1541,835,701,1536,914,783,1697,965,891,1856,823,764,1587,986,912,1898,1113,952,2065,1009,885,1894,799,712,1511,480,518,998,268,384,652,204,317,521,91,177,268,13,41,54,0,2,2,1962,15519,9103,5900,38.93,25.23,300.7,12.6,38.0,50.7
臺南市,麻豆區,11506,17933,42682,21579,21103,564,497,1061,742,723,1465,953,883,1836,823,758,1581,997,889,1886,1437,1236,2673,1492,1303,2795,1500,1326,2826,1752,1663,3415,1740,1750,3490,1422,1424,2846,1504,1529,3033,1758,1719,3477,1764,1642,3406,1348,1383,2731,844,965,1809,423,544,967,322,512,834,146,275,421,44,73,117,4,9,13,4362,28022,16261,10298,38.1,24.13,236.1,15.6,36.7,52.3
臺南市,龍崎區,11506,1425,3190,1758,1432,22,13,35,18,13,31,20,15,35,27,31,58,46,50,96,75,70,145,72,58,130,89,53,142,119,96,215,113,92,205,110,91,201,172,140,312,241,167,408,251,136,387,163,119,282,108,91,199,47,78,125,33,70,103,25,35,60,7,12,19,0,2,2,101,1912,1341,1177,42.04,36.9,1165.3,5.3,61.6,66.8
臺東縣,卑南鄉,11506,7099,16227,8396,7831,219,190,409,212,209,421,225,229,454,305,300,605,444,426,870,606,535,1141,599,518,1117,558,448,1006,560,505,1065,666,561,1227,716,626,1342,801,649,1450,814,693,1507,582,574,1156,490,542,1032,284,331,615,143,233,376,100,169,269,54,64,118,17,28,45,1,1,2,1284,11330,6591,3613,40.62,22.27,281.4,11.3,31.9,43.2
臺東縣,大武鄉,11506,2478,5310,2775,2535,72,65,137,96,95,191,71,98,169,96,86,182,155,145,300,159,151,310,177,140,317,197,153,350,231,187,418,250,204,454,234,177,411,233,197,430,254,221,475,251,212,463,145,182,327,90,92,182,32,60,92,19,43,62,6,25,31,5,2,7,2,0,2,497,3647,2188,1166,41.21,21.96,234.6,13.6,32.0,45.6
臺東縣,太麻里鄉,11506,4926,10450,5486,4964,135,127,262,131,131,262,158,127,285,238,168,406,341,255,596,326,326,652,383,301,684,322,294,616,438,315,753,417,389,806,474,358,832,505,396,901,481,444,925,396,384,780,313,338,651,177,249,426,119,175,294,82,124,206,36,43,79,13,18,31,1,2,3,809,7171,4217,2470,40.35,23.64,305.3,11.3,34.4,45.7
臺東縣,延平鄉,11506,1087,3609,1843,1766,89,105,194,84,82,166,90,80,170,91,99,190,108,138,246,157,141,298,131,141,272,119,106,225,133,130,263,188,134,322,162,139,301,158,124,282,121,122,243,92,89,181,70,60,130,33,40,73,7,11,18,8,14,22,1,8,9,1,3,4,0,0,0,530,2642,1411,437,39.1,12.11,82.5,20.1,16.5,36.6
臺東縣,成功鎮,11506,5554,12670,6622,6048,139,116,255,174,146,320,214,172,386,212,243,455,313,239,552,359,343,702,418,312,730,357,308,665,474,421,895,591,503,1094,536,444,980,613,525,1138,637,521,1158,530,555,1085,452,474,926,288,316,604,169,194,363,96,132,228,36,66,102,11,17,28,3,1,4,961,8369,5265,3340,41.55,26.36,347.6,11.5,39.9,51.4
臺東縣,東河鄉,11506,3654,7732,4201,3531,59,76,135,76,65,141,110,86,196,121,111,232,164,165,329,215,181,396,219,170,389,204,163,367,306,219,525,400,270,670,432,261,693,448,295,743,422,307,729,371,302,673,286,304,590,180,227,407,100,155,255,48,108,156,28,47,75,10,16,26,2,3,5,472,5073,3360,2187,43.46,28.29,463.3,9.3,43.1,52.4
臺東縣,池上鄉,11506,3188,7467,3801,3666,114,136,250,110,78,188,120,109,229,110,107,217,211,144,355,210,233,443,238,239,477,211,176,387,256,218,474,284,260,544,331,298,629,341,291,632,347,293,640,308,275,583,243,273,516,173,220,393,89,131,220,62,108,170,27,57,84,13,18,31,3,2,5,667,4798,2919,2002,39.09,26.81,300.1,13.9,41.7,55.6
臺東縣,海端鄉,11506,1151,4318,2226,2092,111,99,210,104,74,178,120,123,243,159,138,297,163,142,305,189,183,372,161,156,317,173,155,328,178,167,345,171,163,334,177,144,321,151,141,292,135,134,269,110,115,225,79,73,152,32,38,70,5,24,29,7,15,22,1,8,9,0,0,0,0,0,0,631,3180,1561,507,36.15,11.74,80.3,19.8,15.9,35.8
臺東縣,綠島鄉,11506,1299,4331,2320,2011,45,53,98,60,54,114,58,64,122,78,68,146,119,106,225,213,241,454,250,220,470,222,165,387,208,145,353,191,159,350,198,161,359,188,139,327,142,119,261,141,116,257,98,75,173,56,59,115,29,28,57,17,23,40,5,13,18,2,2,4,0,1,1,334,3332,1650,665,38.1,15.35,199.1,10.0,20.0,30.0
臺東縣,臺東市,11506,43721,102241,50385,51856,1675,1537,3212,2337,2078,4415,2696,2379,5075,2256,2166,4422,2727,2566,5293,3564,3293,6857,3766,3434,7200,3443,3047,6490,3685,3673,7358,3743,3947,7690,3620,4129,7749,4030,4099,8129,3812,4018,7830,3278,3508,6786,2456,3197,5653,1626,2200,3826,833,1313,2146,512,858,1370,220,319,539,91,81,172,15,14,29,12702,69018,38756,20521,37.91,20.07,161.6,18.4,29.7,48.1
臺東縣,蘭嶼鄉,11506,2029,5175,2588,2587,100,89,189,127,110,237,129,111,240,129,120,249,168,141,309,244,248,492,224,252,476,201,231,432,240,227,467,222,235,457,192,203,395,182,164,346,139,169,308,130,116,246,102,85,187,30,44,74,14,23,37,5,7,12,7,9,16,3,3,6,0,0,0,666,3931,1973,578,38.13,11.17,86.8,16.9,14.7,31.6
臺東縣,達仁鄉,11506,1453,3497,1862,1635,68,63,131,54,47,101,54,47,101,87,69,156,107,80,187,132,112,244,145,110,255,135,113,248,122,115,237,169,144,313,168,120,288,168,151,319,172,128,300,135,132,267,76,99,175,35,60,95,23,24,47,8,15,23,3,4,7,1,1,2,0,1,1,333,2547,1457,617,41.66,17.64,185.3,13.1,24.2,37.3
臺東縣,金峰鄉,11506,1220,3691,1842,1849,87,75,162,76,77,153,96,92,188,97,83,180,128,134,262,155,144,299,150,141,291,127,122,249,122,132,254,124,132,256,139,116,255,135,150,285,157,147,304,122,138,260,61,77,138,35,41,76,14,16,30,8,16,24,6,14,20,2,1,3,1,1,2,503,2635,1354,553,36.68,14.98,109.9,19.1,21.0,40.1
臺東縣,長濱鄉,11506,2950,6437,3555,2882,55,64,119,61,58,119,77,64,141,102,88,190,146,120,266,179,134,313,190,143,333,168,116,284,245,148,393,307,204,511,320,224,544,400,247,647,445,267,712,299,266,565,223,235,458,142,217,359,109,143,252,54,85,139,23,47,70,9,10,19,1,2,3,379,4193,2807,1865,43.61,28.97,492.1,9.0,44.5,53.5
臺東縣,關山鎮,11506,3240,7720,3961,3759,83,103,186,136,144,280,172,159,331,128,136,264,179,166,345,267,253,520,282,214,496,239,206,445,271,215,486,247,252,499,312,269,581,371,289,660,364,294,658,311,303,614,253,260,513,141,202,343,92,121,213,74,112,186,30,51,81,6,8,14,3,2,5,797,4954,2884,1969,37.36,25.51,247.1,16.1,39.7,55.8
臺東縣,鹿野鄉,11506,3049,6983,3657,3326,84,83,167,73,77,150,67,82,149,139,100,239,189,177,366,246,215,461,225,190,415,224,150,374,229,197,426,286,259,545,311,239,550,351,275,626,386,295,681,272,269,541,236,252,488,152,185,337,94,123,217,62,93,155,25,46,71,4,16,20,2,3,5,466,4683,2828,1834,40.5,26.26,393.6,10.0,39.2,49.1
花蓮縣,光復鄉,11506,5268,11548,6045,5503,104,96,200,142,133,275,167,143,310,206,177,383,248,246,494,351,298,649,404,332,736,370,293,663,412,332,744,433,333,766,453,353,806,570,439,1009,599,529,1128,550,521,1071,431,445,876,283,321,604,146,215,361,119,191,310,48,82,130,7,22,29,2,2,4,785,7378,4453,3385,38.56,29.31,431.2,10.6,45.9,56.5
花蓮縣,卓溪鄉,11506,1746,5817,3131,2686,150,139,289,147,138,285,157,162,319,159,132,291,176,164,340,209,174,383,267,202,469,259,188,447,267,210,477,261,183,444,243,180,423,249,226,475,229,196,425,180,129,309,102,123,225,50,70,120,16,33,49,5,25,30,2,10,12,3,1,4,0,1,1,893,4174,2244,750,38.58,12.89,84.0,21.4,18.0,39.4
花蓮縣,吉安鄉,11506,35363,82688,40910,41778,1086,1025,2111,1322,1167,2489,1569,1431,3000,1740,1556,3296,2241,1989,4230,3023,2695,5718,3133,2945,6078,2774,2521,5295,3173,2836,6009,3461,3434,6895,3202,3395,6597,3282,3496,6778,3175,3407,6582,2794,3382,6176,2341,2841,5182,1356,1767,3123,667,976,1643,386,591,977,130,252,382,41,65,106,14,7,21,7600,57478,32861,17610,39.74,21.3,231.7,13.2,30.6,43.9
花蓮縣,壽豐鄉,11506,7640,16574,8736,7838,209,191,400,229,212,441,253,223,476,289,210,499,406,369,775,553,530,1083,569,508,1077,553,405,958,581,494,1075,678,563,1241,694,573,1267,761,655,1416,892,731,1623,753,698,1451,583,549,1132,349,351,700,193,256,449,125,201,326,51,87,138,11,28,39,4,4,8,1317,11014,6622,4243,39.95,25.6,322.2,12.0,38.5,50.5
花蓮縣,富里鄉,11506,4039,9366,4964,4402,180,198,378,116,96,212,118,109,227,151,140,291,236,214,450,296,299,595,306,281,587,272,229,501,304,279,583,342,264,606,388,304,692,514,333,847,498,345,843,386,328,714,337,314,651,216,252,468,142,173,315,103,158,261,49,66,115,9,17,26,1,3,4,817,5995,3571,2554,38.13,27.27,312.6,13.6,42.6,56.2
花蓮縣,新城鄉,11506,8893,20393,10240,10153,318,304,622,385,350,735,392,341,733,438,397,835,529,494,1023,780,671,1451,862,759,1621,747,677,1424,857,753,1610,919,792,1711,824,861,1685,834,814,1648,728,763,1491,595,735,1330,477,618,1095,277,403,680,144,204,348,86,151,237,33,52,85,12,13,25,3,1,4,2090,14499,8145,3804,39.94,18.65,182.0,14.4,26.2,40.7
花蓮縣,玉里鎮,11506,9160,21058,11023,10035,193,212,405,325,287,612,414,364,778,429,380,809,553,517,1070,677,616,1293,682,588,1270,656,514,1170,743,640,1383,828,697,1525,885,745,1630,1049,797,1846,1055,821,1876,855,792,1647,718,709,1427,450,535,985,263,390,653,168,273,441,54,118,172,22,34,56,4,6,10,1795,13872,8260,5391,39.22,25.6,300.3,12.9,38.9,51.8
花蓮縣,瑞穗鄉,11506,4780,10331,5486,4845,119,117,236,154,161,315,125,141,266,174,167,341,251,207,458,304,281,585,374,283,657,315,229,544,388,270,658,430,295,725,406,372,778,493,336,829,511,445,956,487,438,925,396,359,755,257,284,541,153,217,370,95,154,249,46,76,122,7,11,18,1,2,3,817,6531,3946,2983,38.2,28.87,365.1,12.5,45.7,58.2
花蓮縣,秀林鄉,11506,5398,17214,8716,8498,478,408,886,460,420,880,461,414,875,501,480,981,628,609,1237,766,743,1509,802,689,1491,588,530,1118,637,555,1192,612,671,1283,602,646,1248,636,622,1258,590,538,1128,448,473,921,295,340,635,127,183,310,40,100,140,29,50,79,8,23,31,7,4,11,1,0,1,2641,12445,6109,2128,35.49,12.36,80.6,21.2,17.1,38.3
花蓮縣,花蓮市,11506,43519,96054,45805,50249,1254,1106,2360,2314,2091,4405,2797,2559,5356,2202,1980,4182,2346,2199,4545,3006,2750,5756,3213,3077,6290,2995,3055,6050,3342,3876,7218,3595,4251,7846,3163,3990,7153,3375,3891,7266,3120,3853,6973,3075,3669,6744,2754,3144,5898,1598,2152,3750,796,1239,2035,523,853,1376,224,371,595,95,130,225,18,13,31,12121,63279,36456,20654,37.95,21.5,170.4,19.2,32.6,51.8
花蓮縣,萬榮鄉,11506,2203,6080,3174,2906,128,114,242,139,123,262,138,151,289,177,160,337,206,182,388,261,243,504,310,240,550,247,210,457,250,182,432,260,198,458,234,238,472,214,206,420,229,213,442,193,173,366,99,124,223,56,80,136,23,38,61,8,14,22,1,11,12,1,5,6,0,1,1,793,4460,2224,827,36.58,13.6,104.3,17.8,18.5,36.3
花蓮縣,豐濱鄉,11506,1718,4079,2285,1794,66,45,111,50,35,85,51,42,93,49,49,98,82,62,144,108,83,191,136,103,239,131,84,215,132,108,240,206,114,320,232,153,385,279,159,438,242,179,421,199,143,342,150,133,283,75,122,197,44,88,132,35,57,92,12,27,39,5,8,13,1,0,1,289,2691,1804,1099,44.23,26.94,380.3,10.7,40.8,51.6
花蓮縣,鳳林鎮,11506,4402,10088,5226,4862,177,179,356,131,140,271,171,141,312,172,138,310,249,180,429,296,279,575,322,299,621,269,234,503,323,295,618,389,340,729,384,327,711,432,313,745,480,401,881,450,394,844,370,401,771,246,295,541,167,233,400,112,163,275,63,80,143,23,27,50,0,3,3,939,6122,3684,3027,36.52,30.01,322.4,15.3,49.4,64.8
苗栗縣,三灣鄉,11506,2299,5700,3115,2585,57,52,109,91,76,167,104,79,183,88,83,171,148,119,267,207,157,364,202,154,356,174,138,312,214,158,372,210,146,356,186,204,390,260,224,484,344,248,592,277,195,472,244,175,419,118,132,250,83,99,182,69,84,153,29,45,74,9,14,23,1,3,4,459,3664,2194,1577,38.49,27.67,343.6,12.5,43.0,55.6
苗栗縣,三義鄉,11506,5802,14411,7644,6767,154,170,324,257,234,491,298,243,541,300,268,568,439,333,772,458,390,848,571,459,1030,552,384,936,564,489,1053,539,452,991,484,455,939,592,553,1145,701,641,1342,646,572,1218,484,419,903,257,281,538,158,178,336,128,146,274,51,80,131,9,16,25,2,4,6,1356,9624,5470,3431,37.96,23.81,253.0,14.1,35.7,49.7
苗栗縣,公館鄉,11506,11640,30297,15749,14548,265,289,554,520,497,1017,691,670,1361,621,519,1140,829,715,1544,1071,962,2033,1230,964,2194,1127,861,1988,1179,997,2176,1127,1054,2181,1025,998,2023,1276,1192,2468,1318,1256,2574,1247,1139,2386,918,877,1795,553,570,1123,330,390,720,259,382,641,129,160,289,32,53,85,2,3,5,2932,20321,11422,7044,37.7,23.25,240.2,14.4,34.7,49.1
苗栗縣,卓蘭鎮,11506,5773,14331,7496,6835,144,126,270,189,213,402,217,181,398,215,204,419,364,344,708,467,402,869,480,375,855,521,401,922,621,524,1145,608,527,1135,474,452,926,575,456,1031,643,590,1233,638,618,1256,527,516,1043,337,390,727,229,221,450,170,187,357,57,82,139,19,22,41,1,4,5,1070,9243,5470,4018,38.17,28.04,375.5,11.6,43.5,55.0
苗栗縣,南庄鄉,11506,3815,8577,4672,3905,112,106,218,102,101,203,112,102,214,154,133,287,266,224,490,293,265,558,289,247,536,266,193,459,294,206,500,329,275,604,375,258,633,458,300,758,454,344,798,447,315,762,319,275,594,176,187,363,117,171,288,63,123,186,31,62,93,14,16,30,1,2,3,635,5623,3293,2319,38.39,27.04,365.2,11.3,41.2,52.5
苗栗縣,大湖鄉,11506,5122,12160,6493,5667,115,110,225,178,136,314,180,163,343,233,191,424,365,308,673,384,362,746,446,377,823,449,303,752,421,371,792,423,375,798,435,354,789,574,468,1042,643,507,1150,604,451,1055,402,408,810,259,245,504,163,201,364,147,210,357,57,102,159,14,24,38,1,1,2,882,7989,4571,3289,37.59,27.05,372.9,11.0,41.2,52.2
苗栗縣,後龍鎮,11506,13163,33419,17584,15835,363,339,702,561,540,1101,662,610,1272,698,660,1358,966,831,1797,1251,1075,2326,1275,1120,2395,1207,874,2081,1268,1176,2444,1387,1223,2610,1379,1169,2548,1562,1196,2758,1504,1232,2736,1243,1051,2294,899,878,1777,554,669,1223,366,537,903,295,402,697,117,185,302,24,58,82,3,10,13,3075,23053,13096,7291,39.19,21.82,237.1,13.3,31.6,45.0
苗栗縣,泰安鄉,11506,1984,5436,2922,2514,114,97,211,74,70,144,89,74,163,114,105,219,185,176,361,233,183,416,249,155,404,189,150,339,189,168,357,212,194,406,224,182,406,242,203,445,286,260,546,231,183,414,130,126,256,70,73,143,45,62,107,30,39,69,12,10,22,4,3,7,0,1,1,518,3899,2160,1019,39.74,18.75,196.7,13.3,26.1,39.4
苗栗縣,獅潭鄉,11506,1741,3936,2155,1781,28,36,64,39,37,76,27,42,69,60,45,105,88,72,160,114,113,227,96,92,188,119,86,205,126,107,233,142,126,268,155,122,277,214,163,377,269,154,423,250,162,412,186,117,303,100,90,190,45,66,111,58,95,153,30,45,75,8,8,16,1,3,4,209,2463,1578,1264,40.09,32.11,604.8,8.5,51.3,59.8
苗栗縣,竹南鎮,11506,36979,91553,45935,45618,1469,1352,2821,2479,2225,4704,3122,2869,5991,2502,2346,4848,2574,2255,4829,2926,2641,5567,3497,2941,6438,3501,3262,6763,4106,4241,8347,4296,4565,8861,3492,3469,6961,3010,2945,5955,2640,2805,5445,2241,2557,4798,1840,2149,3989,1132,1347,2479,624,801,1425,319,551,870,113,229,342,47,62,109,5,6,11,13516,64014,35569,14023,38.85,15.32,103.8,21.1,21.9,43.0
苗栗縣,苑裡鎮,11506,16913,42946,22367,20579,509,407,916,787,743,1530,889,848,1737,928,822,1750,1267,1093,2360,1621,1441,3062,1726,1403,3129,1618,1294,2912,1744,1575,3319,1833,1644,3477,1595,1434,3029,1690,1643,3333,1868,1740,3608,1610,1410,3020,1097,1210,2307,703,690,1393,447,538,985,294,424,718,115,166,281,25,45,70,1,9,10,4183,29979,16766,8784,39.04,20.45,210.0,14.0,29.3,43.3
苗栗縣,苗栗市,11506,35346,85450,42222,43228,1049,1004,2053,1848,1680,3528,2082,2076,4158,1900,1746,3646,2286,1944,4230,2804,2599,5403,3164,2660,5824,2935,2677,5612,3413,3321,6734,3275,3333,6608,2881,3057,5938,3153,3222,6375,2986,3445,6431,2805,3253,6058,2404,2703,5107,1496,1921,3417,823,1227,2050,613,866,1479,229,391,620,64,95,159,12,8,20,9739,56801,32086,18910,37.55,22.13,194.2,17.1,33.3,50.4
苗栗縣,西湖鄉,11506,2580,5843,3314,2529,39,46,85,42,36,78,57,58,115,81,60,141,148,114,262,182,152,334,217,159,376,169,128,297,225,141,366,218,191,409,267,176,443,341,225,566,374,245,619,351,199,550,216,157,373,130,132,262,103,100,203,107,119,226,39,65,104,5,20,25,3,6,9,278,3813,2403,1752,41.13,29.98,630.2,7.3,45.9,53.2
苗栗縣,通霄鎮,11506,11948,30492,16129,14363,366,344,710,413,382,795,550,489,1039,517,514,1031,883,759,1642,1081,987,2068,1110,959,2069,1058,856,1914,1174,963,2137,1281,1033,2314,1191,943,2134,1299,1050,2349,1439,1130,2569,1216,1122,2338,1043,970,2013,652,701,1353,381,497,878,326,413,739,125,188,313,20,60,80,4,3,7,2544,20227,11503,7721,37.72,25.32,303.5,12.6,38.2,50.7
苗栗縣,造橋鄉,11506,4501,11480,6097,5383,93,80,173,133,131,264,207,190,397,240,170,410,312,294,606,414,343,757,445,328,773,389,305,694,488,397,885,455,428,883,451,348,799,451,452,903,603,471,1074,526,461,987,392,368,760,216,235,451,126,154,280,98,123,221,43,72,115,14,27,41,1,6,7,834,7784,4544,2862,39.58,24.93,343.2,10.7,36.8,47.5
苗栗縣,銅鑼鄉,11506,6488,16174,8529,7645,167,179,346,270,252,522,275,314,589,321,270,591,455,389,844,534,412,946,641,500,1141,616,500,1116,614,505,1119,581,536,1117,570,493,1063,662,583,1245,821,710,1531,739,556,1295,511,490,1001,305,340,645,202,235,437,158,232,390,72,114,186,12,32,44,3,3,6,1457,10713,6075,4004,37.56,24.76,274.8,13.6,37.4,51.0
苗栗縣,頭份市,11506,43800,108234,54522,53712,1740,1624,3364,2706,2571,5277,3116,3005,6121,2806,2588,5394,2951,2633,5584,3759,3233,6992,4316,3576,7892,4227,3696,7923,4871,4795,9666,4918,5193,10111,4023,4085,8108,3612,3643,7255,3445,3580,7025,2885,3167,6052,2202,2526,4728,1426,1733,3159,827,1053,1880,479,682,1161,174,258,432,34,64,98,5,7,12,14762,75950,42165,17522,38.96,16.19,118.7,19.4,23.1,42.5
苗栗縣,頭屋鄉,11506,3770,9352,5004,4348,73,67,140,90,89,179,140,91,231,204,154,358,245,209,454,331,255,586,311,275,586,356,232,588,364,278,642,391,358,749,385,340,725,435,345,780,460,349,809,426,371,797,328,325,653,210,245,455,120,159,279,84,116,200,42,63,105,8,21,29,1,6,7,550,6277,3705,2525,39.62,27.0,459.1,8.8,40.2,49.0
連江縣,北竿鄉,11506,962,2878,1644,1234,41,32,73,37,34,71,31,35,66,48,43,91,106,91,197,137,87,224,162,109,271,123,80,203,110,91,201,133,100,233,132,98,230,151,86,237,149,94,243,106,93,199,89,74,163,51,50,101,21,15,36,13,9,22,4,9,13,0,3,3,0,1,1,210,2130,1144,538,39.75,18.69,256.2,9.9,25.3,35.1
連江縣,南竿鄉,11506,2408,7635,4332,3303,132,101,233,146,125,271,164,150,314,203,149,352,238,157,395,354,246,600,353,259,612,333,250,583,327,238,565,294,272,566,333,260,593,339,235,574,356,266,622,323,214,537,221,164,385,119,97,216,47,49,96,33,34,67,10,27,37,6,7,13,1,3,4,818,5462,2920,1355,38.24,17.75,165.6,15.0,24.8,39.8
連江縣,東引鄉,11506,380,1547,969,578,29,15,44,29,23,52,30,22,52,29,24,53,68,28,96,117,51,168,135,59,194,95,46,141,67,45,112,59,40,99,68,43,111,69,47,116,70,49,119,47,30,77,33,25,58,12,18,30,7,6,13,2,5,7,3,2,5,0,0,0,0,0,0,148,1209,557,190,36.01,12.28,128.4,12.2,15.7,28.0
連江縣,莒光鄉,11506,379,1583,1005,578,9,9,18,17,6,23,12,11,23,26,19,45,53,22,75,100,42,142,100,40,140,73,48,121,61,35,96,75,38,113,84,60,144,105,62,167,105,54,159,82,43,125,48,35,83,28,24,52,9,9,18,11,11,22,4,5,9,2,5,7,1,0,1,64,1202,679,317,42.89,20.03,495.3,5.3,26.4,31.7
金門縣,烈嶼鄉,11506,3466,11890,5861,6029,80,68,148,76,82,158,130,116,246,179,174,353,245,252,497,433,390,823,469,473,942,366,382,748,403,389,792,401,454,855,475,491,966,622,625,1247,666,669,1335,568,564,1132,351,366,717,153,186,339,116,147,263,84,104,188,38,69,107,4,23,27,2,5,7,552,8558,5195,2780,43.69,23.38,503.6,6.5,32.5,38.9
金門縣,烏坵鄉,11506,131,596,312,284,3,5,8,13,3,16,14,14,28,8,15,23,19,21,40,33,20,53,22,19,41,14,12,26,13,10,23,24,18,42,34,42,76,43,33,76,33,25,58,21,13,34,6,13,19,4,7,11,3,9,12,3,3,6,1,2,3,1,0,1,0,0,0,52,458,275,86,46.14,14.43,165.4,11.4,18.8,30.1
金門縣,金城鎮,11506,13921,40419,19995,20424,430,391,821,597,558,1155,744,664,1408,732,716,1448,976,923,1899,1348,1414,2762,1497,1510,3007,1432,1331,2763,1351,1439,2790,1371,1540,2911,1476,1534,3010,1837,1833,3670,1951,2034,3985,1770,1685,3455,1236,1289,2525,584,638,1222,362,406,768,217,290,507,70,159,229,10,57,67,4,13,17,3384,28245,16366,8790,40.49,21.75,259.8,12.0,31.1,43.1
金門縣,金寧鄉,11506,11824,34887,17427,17460,408,352,760,521,449,970,550,474,1024,860,715,1575,1525,1505,3030,1447,1484,2931,1451,1452,2903,1215,1187,2402,1120,1246,2366,1149,1284,2433,1293,1333,2626,1505,1551,3056,1545,1541,3086,1182,1084,2266,802,807,1609,391,425,816,232,250,482,159,187,346,61,86,147,10,42,52,1,6,7,2754,26408,13567,5725,38.89,16.41,207.9,10.4,21.7,32.1
金門縣,金沙鎮,11506,7018,19674,9693,9981,145,142,287,172,176,348,228,201,429,325,291,616,507,441,948,690,670,1360,772,730,1502,685,644,1329,635,673,1308,592,713,1305,717,806,1523,950,1071,2021,1034,1068,2102,900,906,1806,589,565,1154,340,330,670,210,235,445,133,167,300,54,105,159,12,38,50,3,9,12,1064,14014,8259,4596,41.98,23.36,432.0,7.6,32.8,40.4
金門縣,金湖鎮,11506,10619,30250,15105,15145,435,358,793,447,439,886,456,470,926,545,481,1026,813,746,1559,1208,1081,2289,1367,1185,2552,1198,1098,2296,1189,1174,2363,1057,1169,2226,1080,1148,2228,1259,1301,2560,1288,1418,2706,1136,1196,2332,766,823,1589,397,430,827,255,270,525,143,200,343,47,118,165,15,29,44,4,11,15,2605,21805,12083,5840,39.94,19.31,224.2,11.9,26.8,38.7
雲林縣,二崙鄉,11506,9450,23946,12801,11145,293,256,549,295,262,557,447,316,763,466,471,937,697,613,1310,900,766,1666,789,642,1431,684,527,1211,835,729,1564,972,824,1796,962,810,1772,1182,806,1988,1192,811,2003,986,734,1720,757,730,1487,549,678,1227,430,503,933,248,386,634,103,224,327,12,43,55,2,14,16,1869,15678,9123,6399,38.1,26.72,342.4,11.9,40.8,52.7
雲林縣,元長鄉,11506,9386,22354,12212,10142,235,241,476,236,243,479,330,307,637,371,354,725,595,469,1064,771,632,1403,637,537,1174,676,491,1167,817,614,1431,1032,776,1808,1018,727,1745,1108,703,1811,1161,753,1914,1008,724,1732,899,801,1700,544,602,1146,373,503,876,283,407,690,98,195,293,17,57,74,3,6,9,1592,14242,8709,6520,38.96,29.17,409.5,11.2,45.8,57.0
雲林縣,北港鎮,11506,16677,36711,18761,17950,526,491,1017,693,639,1332,841,796,1637,765,678,1443,1011,915,1926,1250,1109,2359,1243,1097,2340,1150,1031,2181,1387,1235,2622,1461,1421,2882,1326,1287,2613,1561,1296,2857,1656,1333,2989,1300,1202,2502,1042,1083,2125,707,910,1617,441,648,1089,273,506,779,102,223,325,23,44,67,3,6,9,3986,24212,13963,8513,38.03,23.19,213.6,16.5,35.2,51.6
雲林縣,口湖鄉,11506,9214,23824,12650,11174,296,287,583,280,236,516,334,301,635,410,361,771,573,549,1122,758,679,1437,696,613,1309,761,599,1360,938,855,1793,1105,1030,2135,1123,924,2047,1346,855,2201,1309,871,2180,913,785,1698,721,694,1415,454,495,949,304,410,714,226,383,609,83,199,282,18,43,61,2,5,7,1734,16355,10356,5735,43.47,24.07,330.7,10.6,35.1,45.7
雲林縣,古坑鄉,11506,12220,28911,15057,13854,346,298,644,349,345,694,446,428,874,512,508,1020,677,724,1401,1060,925,1985,1101,920,2021,937,772,1709,1061,912,1973,1181,1008,2189,1084,1042,2126,1284,1124,2408,1467,1153,2620,1127,955,2082,925,873,1798,641,665,1306,403,525,928,306,432,738,130,190,320,19,50,69,1,5,6,2212,19452,11316,7247,39.14,25.07,327.6,11.4,37.3,48.6
雲林縣,四湖鄉,11506,8515,20068,10974,9094,238,237,475,211,176,387,224,181,405,291,289,580,456,422,878,692,550,1242,603,447,1050,558,436,994,698,622,1320,947,796,1743,1093,770,1863,1196,721,1917,1266,686,1952,889,598,1487,658,641,1299,393,503,896,253,392,645,219,385,604,79,194,273,8,41,49,2,7,9,1267,13539,8795,5262,43.83,26.22,415.3,9.4,38.9,48.2
雲林縣,土庫鎮,11506,10600,27136,14079,13057,411,364,775,501,450,951,595,573,1168,612,542,1154,807,682,1489,949,842,1791,901,824,1725,860,736,1596,1033,959,1992,1237,1136,2373,1087,970,2057,1160,825,1985,1072,865,1937,886,811,1697,777,793,1570,548,611,1159,339,489,828,228,379,607,64,162,226,12,39,51,0,5,5,2894,18099,10344,6143,38.12,22.64,212.3,16.0,33.9,49.9
雲林縣,大埤鄉,11506,6971,17347,9189,8158,245,222,467,221,235,456,268,240,508,325,311,636,508,482,990,629,577,1206,632,468,1100,546,443,989,604,584,1188,752,646,1398,750,603,1353,830,583,1413,826,581,1407,670,548,1218,514,521,1035,391,431,822,230,281,511,178,247,425,61,123,184,9,29,38,0,3,3,1431,11680,6759,4236,38.96,24.42,296.0,12.3,36.3,48.5
雲林縣,崙背鄉,11506,9200,22088,11668,10420,289,211,500,391,362,753,399,343,742,484,400,884,603,535,1138,793,652,1445,688,587,1275,645,519,1164,869,763,1632,974,875,1849,885,709,1594,1007,708,1715,1024,733,1757,845,731,1576,719,780,1499,512,544,1056,269,410,679,203,332,535,58,178,236,9,42,51,2,6,8,1995,14453,8547,5640,38.7,25.53,282.7,13.8,39.0,52.8
雲林縣,斗六市,11506,44892,109000,53368,55632,1677,1605,3282,2592,2444,5036,2917,2702,5619,2603,2329,4932,3044,2797,5841,3849,3608,7457,3999,3661,7660,3868,3544,7412,4272,4346,8618,4277,4829,9106,3637,4296,7933,3696,4013,7709,3736,4242,7978,3328,3714,7042,2629,3016,5645,1593,1893,3486,823,1230,2053,563,874,1437,206,385,591,50,89,139,9,15,24,13937,74646,41344,20417,37.93,18.73,146.5,18.7,27.4,46.0
雲林縣,斗南鎮,11506,18080,43225,21780,21445,679,615,1294,766,747,1513,930,809,1739,909,785,1694,1158,1028,2186,1512,1424,2936,1582,1410,2992,1578,1295,2873,1588,1551,3139,1717,1785,3502,1483,1554,3037,1614,1642,3256,1833,1721,3554,1577,1503,3080,1204,1266,2470,755,913,1668,428,615,1043,323,488,811,120,234,354,22,57,79,2,3,5,4546,29169,16488,9510,38.14,22.0,209.2,15.6,32.6,48.2
雲林縣,東勢鄉,11506,5837,12806,7074,5732,140,135,275,129,126,255,183,139,322,206,182,388,337,262,599,396,368,764,372,353,725,408,284,692,487,356,843,571,442,1013,611,421,1032,722,429,1151,734,424,1158,601,439,1040,481,396,877,355,374,729,164,255,419,121,228,349,48,93,141,8,21,29,0,5,5,852,8365,5197,3589,40.58,28.03,421.2,10.2,42.9,53.1
雲林縣,林內鄉,11506,6312,16314,8537,7777,217,223,440,216,211,427,444,331,775,281,283,564,459,406,865,594,475,1069,596,517,1113,586,453,1039,646,530,1176,690,600,1290,625,549,1174,701,556,1257,737,623,1360,584,573,1157,485,510,995,308,374,682,181,250,431,132,190,322,45,92,137,10,28,38,0,3,3,1642,10907,6257,3765,38.35,23.08,229.3,15.1,34.5,49.6
雲林縣,水林鄉,11506,9528,21624,11858,9766,260,212,472,208,203,411,290,261,551,354,301,655,575,459,1034,730,598,1328,659,516,1175,622,488,1110,724,587,1311,986,731,1717,903,706,1609,1193,724,1917,1290,776,2066,962,687,1649,830,623,1453,545,584,1129,337,530,867,262,463,725,99,246,345,27,66,93,2,5,7,1434,13922,8620,6268,39.86,28.99,437.1,10.3,45.0,55.3
雲林縣,臺西鄉,11506,8392,20555,10954,9601,271,232,503,222,215,437,260,236,496,354,322,676,477,438,915,603,564,1167,594,550,1144,662,590,1252,815,700,1515,989,876,1865,929,753,1682,1192,749,1941,1186,767,1953,875,609,1484,626,619,1245,372,476,848,263,363,626,191,346,537,60,139,199,13,53,66,0,4,4,1436,14110,8956,5009,43.57,24.37,348.8,10.2,35.5,45.7
雲林縣,莿桐鄉,11506,10173,27096,14013,13083,451,454,905,470,418,888,520,405,925,569,527,1096,824,700,1524,975,887,1862,958,851,1809,926,767,1693,1087,966,2053,1201,1111,2312,1040,905,1945,1031,907,1938,1079,940,2019,931,900,1831,809,850,1659,527,558,1085,315,427,742,217,319,536,64,145,209,19,45,64,0,1,1,2718,18251,10267,6127,37.89,22.61,225.4,14.9,33.6,48.5
雲林縣,虎尾鎮,11506,29857,71157,35532,35625,1189,1041,2230,1674,1608,3282,1827,1755,3582,1846,1621,3467,2115,2020,4135,2591,2311,4902,2356,2215,4571,2325,2104,4429,2801,2795,5596,3104,3278,6382,2778,2756,5534,2536,2409,4945,2367,2412,4779,2056,2169,4225,1697,1888,3585,1126,1356,2482,603,875,1478,376,641,1017,136,273,409,29,88,117,0,10,10,9094,48740,27236,13323,38.28,18.72,146.5,18.7,27.3,46.0
雲林縣,褒忠鄉,11506,4643,11463,6145,5318,148,132,280,148,143,291,188,157,345,221,189,410,313,284,597,412,330,742,400,305,705,362,283,645,472,342,814,483,434,917,475,351,826,569,379,948,555,397,952,481,403,884,384,388,772,236,287,523,144,232,376,111,181,292,39,83,122,4,16,20,0,2,2,916,7556,4457,2991,38.88,26.09,326.5,12.1,39.6,51.7
雲林縣,西螺鎮,11506,16794,43773,21920,21853,753,585,1338,822,835,1657,886,1425,2311,1040,915,1955,1307,1209,2516,1613,1428,3041,1466,1332,2798,1440,1231,2671,1534,1591,3125,1805,1837,3642,1636,1500,3136,1737,1515,3252,1659,1442,3101,1372,1318,2690,1107,1202,2309,805,1013,1818,485,650,1135,313,536,849,118,223,341,21,62,83,1,4,5,5306,29237,16256,9230,37.14,21.09,174.0,18.1,31.6,49.7
雲林縣,麥寮鄉,11506,16258,48250,23756,24494,1117,1041,2158,1000,923,1923,1161,1108,2269,1265,1146,2411,1561,1530,3091,1868,1963,3831,1750,1876,3626,1519,1673,3192,1864,2216,4080,2118,2272,4390,1814,1804,3618,1721,1492,3213,1623,1465,3088,1311,1259,2570,979,1080,2059,570,671,1241,291,445,736,156,347,503,59,143,202,7,35,42,2,5,7,6350,34540,18389,7360,38.11,15.25,115.9,18.4,21.3,39.7
高雄市,三民區,11506,150552,327925,156196,171729,4287,4010,8297,6371,5862,12233,7765,7279,15044,6508,5988,12496,7484,7027,14511,9848,9565,19413,10791,10730,21521,10917,11031,21948,12310,13205,25515,13376,15044,28420,11637,13622,25259,11788,13614,25402,11175,13641,24816,10673,13466,24139,9745,12272,22017,6277,7706,13983,3023,4006,7029,1583,2496,4079,489,925,1414,129,214,343,20,26,46,35574,219301,129412,73050,39.46,22.28,205.3,16.2,33.3,49.5
高雄市,仁武區,11506,44706,100627,50318,50309,1871,1817,3688,1943,1780,3723,1950,1830,3780,2358,2128,4486,2778,2393,5171,3539,3426,6965,4225,3915,8140,4037,3629,7666,4314,4106,8420,4951,4783,9734,4218,4171,8389,3694,3809,7503,3051,3559,6610,2800,3162,5962,2184,2803,4987,1457,1668,3125,564,735,1299,291,421,712,72,131,203,17,37,54,4,6,10,11191,73084,40656,16352,40.4,16.25,146.1,15.3,22.4,37.7
高雄市,內門區,11506,5250,12483,6724,5759,135,128,263,126,117,243,116,112,228,171,163,334,284,288,572,396,350,746,414,366,780,360,301,661,412,313,725,460,386,846,513,448,961,730,515,1245,803,552,1355,609,451,1060,508,427,935,286,322,608,197,223,420,127,197,324,60,80,140,15,19,34,2,1,3,734,8225,5132,3524,41.11,28.23,480.1,8.9,42.8,51.8
高雄市,六龜區,11506,5382,11105,5952,5153,100,117,217,115,137,252,128,124,252,160,166,326,281,264,545,346,280,626,379,293,672,299,239,538,326,271,597,445,353,798,517,375,892,634,419,1053,661,466,1127,545,485,1030,405,405,810,273,313,586,166,200,366,110,161,271,48,63,111,14,19,33,0,3,3,721,7174,4467,3210,40.23,28.91,445.2,10.1,44.7,54.8
高雄市,前金區,11506,15286,27545,12823,14722,304,298,602,313,292,605,315,297,612,423,386,809,498,555,1053,738,774,1512,915,940,1855,890,983,1873,1026,1045,2071,1010,1106,2116,902,1154,2056,1009,1216,2225,1079,1274,2353,1005,1248,2253,1025,1204,2229,632,887,1519,385,464,849,239,353,592,83,195,278,28,44,72,4,7,11,1819,17923,10821,7803,39.28,28.33,429.0,10.1,43.5,53.7
高雄市,前鎮區,11506,82705,175745,85310,90435,2062,1943,4005,2800,2541,5341,3345,3140,6485,3535,3383,6918,4190,3903,8093,5432,5023,10455,5719,5335,11054,5608,5481,11089,6670,6770,13440,7805,8019,15824,7062,7378,14440,6757,7391,14148,6422,7104,13526,5929,6996,12925,5349,6729,12078,3528,4688,8216,1744,2473,4217,949,1517,2466,288,482,770,95,126,221,21,13,34,15831,118987,71378,40927,40.61,23.29,258.5,13.3,34.4,47.7
高雄市,大寮區,11506,47822,111918,56480,55438,1622,1582,3204,1926,1797,3723,1912,1765,3677,2204,2035,4239,2846,2594,5440,4073,3644,7717,4427,4014,8441,4312,3623,7935,4530,4072,8602,5125,4629,9754,4582,4362,8944,4465,4372,8837,4514,4739,9253,3895,4263,8158,3033,3645,6678,1711,2169,3880,716,1088,1804,382,738,1120,133,244,377,64,52,116,8,11,19,10604,79162,45390,22152,40.56,19.79,208.9,13.4,28.0,41.4
高雄市,大樹區,11506,15127,39805,20209,19596,473,431,904,564,569,1133,644,574,1218,727,669,1396,1047,896,1943,1421,1318,2739,1522,1313,2835,1432,1109,2541,1430,1235,2665,1632,1520,3152,1618,1490,3108,1728,1637,3365,1800,1792,3592,1586,1542,3128,1147,1397,2544,660,982,1642,404,510,914,246,409,655,95,171,266,30,29,59,3,3,6,3255,27336,15882,9214,39.9,23.15,283.1,11.9,33.7,45.6
高雄市,大社區,11506,14531,33563,16951,16612,445,423,868,449,420,869,560,482,1042,613,556,1169,894,781,1675,1243,1095,2338,1420,1176,2596,1230,1067,2297,1336,1189,2525,1431,1367,2798,1341,1318,2659,1360,1383,2743,1356,1453,2809,1256,1366,2622,949,1138,2087,611,695,1306,257,361,618,146,225,371,42,96,138,10,21,31,2,0,2,2779,23609,13534,7175,40.32,21.38,258.2,11.8,30.4,42.2
高雄市,小港區,11506,72249,153018,75097,77921,2249,2085,4334,2881,2733,5614,3562,3311,6873,3359,3109,6468,3872,3580,7452,5165,4731,9896,5643,5199,10842,5672,5317,10989,6499,6651,13150,7058,7595,14653,5800,6179,11979,5208,5542,10750,5099,5812,10911,4781,5835,10616,4214,5020,9234,2344,2815,5159,1031,1291,2322,463,799,1262,158,253,411,33,57,90,6,7,13,16821,107090,61443,29107,40.15,19.02,173.0,15.7,27.2,42.9
高雄市,岡山區,11506,38396,94265,46248,48017,1448,1330,2778,1989,1917,3906,2311,2125,4436,2078,1892,3970,2408,2257,4665,3202,3038,6240,3472,3215,6687,3202,3095,6297,3683,3583,7266,3825,3987,7812,3393,3580,6973,3462,3748,7210,3439,3634,7073,2982,3488,6470,2476,2956,5432,1525,1981,3506,745,1101,1846,371,720,1091,169,295,464,59,68,127,9,7,16,11120,64193,36334,18952,38.54,20.11,170.4,17.3,29.5,46.8
高雄市,左營區,11506,89811,197528,93285,104243,2677,2542,5219,4239,3923,8162,5210,4978,10188,4491,4151,8642,5324,5054,10378,6830,6545,13375,6721,6598,13319,6032,6263,12295,6601,7503,14104,7504,9044,16548,7546,9682,17228,8502,9725,18227,7012,8088,15100,5383,6544,11927,4262,5624,9886,2655,3927,6582,1201,2190,3391,637,1270,1907,280,452,732,153,119,272,25,21,46,23569,139216,81207,34743,41.11,17.59,147.4,16.9,25.0,41.9
高雄市,彌陀區,11506,6986,17649,8932,8717,203,220,423,242,251,493,302,283,585,361,365,726,512,457,969,601,600,1201,612,520,1132,552,489,1041,680,673,1353,851,789,1640,798,704,1502,729,668,1397,735,650,1385,640,600,1240,471,607,1078,301,359,660,173,247,420,116,149,265,45,67,112,8,16,24,0,3,3,1501,12346,7277,3802,41.23,21.54,253.3,12.2,30.8,43.0
高雄市,新興區,11506,25363,49480,23416,26064,563,483,1046,969,897,1866,1233,1142,2375,854,786,1640,902,864,1766,1217,1307,2524,1502,1483,2985,1486,1558,3044,1776,1978,3754,1912,2160,4072,1591,1891,3482,1628,1923,3551,1819,2050,3869,1770,2206,3976,1760,2118,3878,1263,1505,2768,603,782,1385,355,617,972,160,237,397,48,71,119,5,6,11,5287,30687,18728,13506,37.85,27.3,255.5,17.2,44.0,61.2
高雄市,旗山區,11506,14380,33145,16949,16196,354,356,710,529,502,1031,607,546,1153,549,515,1064,819,739,1558,1025,978,2003,1135,965,2100,1049,852,1901,1022,953,1975,1218,1081,2299,1183,1108,2291,1551,1327,2878,1647,1451,3098,1515,1376,2891,1165,1185,2350,661,892,1553,459,622,1081,311,465,776,118,220,338,30,56,86,2,7,9,2894,21167,12541,9084,37.84,27.41,313.9,13.7,42.9,56.6
高雄市,旗津區,11506,10504,24574,12543,12031,290,251,541,244,268,512,336,347,683,495,426,921,735,714,1449,858,784,1642,799,764,1563,749,723,1472,870,930,1800,1150,1069,2219,1192,1019,2211,1133,938,2071,1082,845,1927,964,871,1835,747,842,1589,474,594,1068,239,329,568,132,213,345,39,89,128,11,14,25,4,1,5,1736,17275,10228,5563,41.62,22.64,320.4,10.0,32.2,42.3
高雄市,杉林區,11506,4848,10436,5688,4748,101,93,194,113,96,209,112,126,238,150,148,298,246,229,475,324,282,606,322,251,573,302,222,524,315,270,585,396,343,739,467,357,824,637,384,1021,671,401,1072,522,420,942,453,397,850,255,291,546,152,194,346,101,153,254,32,73,105,17,18,35,0,0,0,641,6717,4241,3078,40.64,29.49,480.2,9.5,45.8,55.4
高雄市,林園區,11506,28630,67021,33465,33556,950,886,1836,1223,1123,2346,1410,1299,2709,1422,1304,2726,1813,1700,3513,2387,2308,4695,2463,2301,4764,2286,2141,4427,2609,2586,5195,3133,3069,6202,2717,2564,5281,2668,2488,5156,2519,2614,5133,2189,2449,4638,1749,2131,3880,1043,1278,2321,491,711,1202,271,410,681,91,151,242,27,36,63,4,7,11,6891,47092,26967,13038,40.24,19.45,189.2,14.6,27.7,42.3
高雄市,桃源區,11506,1480,4175,2163,2012,109,85,194,97,84,181,85,94,179,119,115,234,128,123,251,181,144,325,153,156,309,182,162,344,183,152,335,174,166,340,183,158,341,167,155,322,157,133,290,119,138,257,73,77,150,26,40,66,12,17,29,10,11,21,4,1,5,0,1,1,1,0,1,554,3091,1628,530,38.99,12.69,95.7,17.9,17.1,35.1
高雄市,梓官區,11506,14054,34540,17659,16881,395,364,759,509,474,983,582,540,1122,730,620,1350,950,875,1825,1217,1123,2340,1271,1069,2340,1191,1034,2225,1370,1230,2600,1730,1532,3262,1673,1405,3078,1477,1312,2789,1328,1302,2630,1187,1282,2469,978,1197,2175,563,768,1331,307,419,726,153,254,407,40,68,108,7,12,19,1,1,2,2864,24439,14359,7237,41.57,20.95,252.7,11.7,29.6,41.3
高雄市,楠梓區,11506,86547,195295,94910,100385,3571,3284,6855,4973,4509,9482,5284,4938,10222,4190,3914,8104,4528,4108,8636,6429,5861,12290,7794,7431,15225,7594,7662,15256,8574,8740,17314,8489,9269,17758,6899,7550,14449,6373,7450,13823,6132,7226,13358,5247,6332,11579,4249,5520,9769,2549,3396,5945,1087,1711,2798,607,1038,1645,227,353,580,100,84,184,14,9,23,26559,136213,76702,32523,39.27,16.65,122.5,19.5,23.9,43.4
高雄市,橋頭區,11506,19540,43508,21714,21794,781,656,1437,783,774,1557,814,724,1538,804,776,1580,1010,930,1940,1384,1333,2717,1821,1638,3459,1836,1666,3502,1892,1779,3671,1921,1929,3850,1578,1587,3165,1444,1558,3002,1545,1627,3172,1383,1593,2976,1296,1427,2723,785,932,1717,396,402,798,162,288,450,68,140,208,10,29,39,1,6,7,4532,30058,16860,8918,38.75,20.5,196.8,15.1,29.7,44.7
高雄市,永安區,11506,5834,13403,6623,6780,222,205,427,183,167,350,218,184,402,241,234,475,356,327,683,484,491,975,504,489,993,420,438,858,543,500,1043,595,612,1207,535,556,1091,547,576,1123,555,541,1096,480,504,984,349,396,745,215,268,483,86,150,236,67,98,165,19,35,54,4,9,13,0,0,0,1179,9544,5560,2680,41.48,20.0,227.3,12.4,28.1,40.4
高雄市,湖內區,11506,12069,29203,14818,14385,395,364,759,495,452,947,488,453,941,508,532,1040,836,717,1553,1000,898,1898,979,904,1883,1082,913,1995,1256,1040,2296,1404,1385,2789,1290,1286,2576,1258,1137,2395,1096,1116,2212,993,1012,2005,769,869,1638,478,574,1052,251,355,606,163,220,383,55,125,180,19,30,49,3,3,6,2647,20637,12268,5919,42.01,20.27,223.6,12.8,28.7,41.5
高雄市,燕巢區,11506,11529,28245,14740,13505,382,335,717,380,364,744,433,387,820,517,462,979,785,658,1443,1109,830,1939,1083,960,2043,978,792,1770,1070,967,2037,1279,1121,2400,1141,1053,2194,1178,1041,2219,1280,1130,2410,1090,1123,2213,923,908,1831,518,577,1095,273,383,656,190,251,441,89,115,204,33,41,74,9,7,16,2281,19434,11260,6530,39.87,23.12,286.3,11.7,33.6,45.3
高雄市,田寮區,11506,2942,6047,3352,2695,39,40,79,40,45,85,43,41,84,61,69,130,115,95,210,164,153,317,179,141,320,142,120,262,182,143,325,208,171,379,257,222,479,361,228,589,434,269,703,371,245,616,276,197,473,171,145,316,129,132,261,112,131,243,54,82,136,12,21,33,2,5,7,248,3714,2475,2085,40.93,34.48,840.7,6.7,56.1,62.8
高雄市,甲仙區,11506,2299,5225,2754,2471,64,41,105,56,55,111,68,56,124,60,72,132,97,91,188,178,147,325,158,140,298,168,111,279,176,151,327,240,169,409,238,214,452,251,197,448,276,217,493,268,245,513,212,212,424,101,152,253,87,74,161,41,90,131,12,31,43,2,6,8,1,0,1,340,3351,2129,1534,40.75,29.36,451.2,10.1,45.8,55.9
高雄市,美濃區,11506,16091,35846,18844,17002,333,317,650,393,414,807,488,419,907,535,485,1020,841,750,1591,1163,896,2059,1146,954,2100,1046,788,1834,1055,893,1948,1158,1077,2235,1240,1197,2437,1797,1449,3246,1948,1597,3545,1868,1531,3399,1456,1357,2813,1029,1068,2097,668,821,1489,487,651,1138,167,280,447,23,50,73,3,8,11,2364,22015,13411,11467,37.41,31.99,485.1,10.7,52.1,62.8
高雄市,苓雅區,11506,77393,160389,75742,84647,2046,1782,3828,2964,2897,5861,3469,3261,6730,2886,2755,5641,3065,2956,6021,4257,4107,8364,4930,4843,9773,5257,5152,10409,6022,6455,12477,6510,7228,13738,5528,6313,11841,5457,6321,11778,5447,6512,11959,5427,7113,12540,5360,7015,12375,3835,4904,8739,1812,2568,4380,1034,1628,2662,326,656,982,98,162,260,12,19,31,16419,102001,61793,41969,38.53,26.17,255.6,16.1,41.1,57.2
高雄市,茂林區,11506,651,1898,936,962,49,58,107,33,38,71,39,20,59,55,40,95,62,62,124,73,81,154,87,85,172,89,77,166,57,55,112,57,75,132,66,86,152,89,84,173,72,83,155,58,38,96,29,28,57,9,24,33,6,14,20,4,5,9,2,7,9,0,1,1,0,1,1,237,1435,724,226,38.15,11.91,95.4,16.5,15.7,32.3
高雄市,茄萣區,11506,10964,28528,14509,14019,402,364,766,422,418,840,470,383,853,528,501,1029,732,705,1437,894,892,1786,938,840,1778,1004,842,1846,1100,998,2098,1344,1257,2601,1298,1165,2463,1342,1130,2472,1217,1081,2298,940,998,1938,820,917,1737,538,695,1233,288,448,736,166,268,434,55,95,150,10,21,31,1,1,2,2459,19808,11932,6261,41.83,21.95,254.6,12.4,31.6,44.0
高雄市,路竹區,11506,18038,48624,24628,23996,752,606,1358,1034,938,1972,1214,1074,2288,1051,1009,2060,1308,1183,2491,1620,1448,3068,1663,1423,3086,1647,1454,3101,1809,1807,3616,2121,2053,4174,1882,1735,3617,1833,1718,3551,1777,1882,3659,1731,1756,3487,1372,1612,2984,882,1046,1928,468,586,1054,320,423,743,112,181,293,31,58,89,1,4,5,5618,32423,18617,10583,38.29,21.76,188.4,17.3,32.6,50.0
高雄市,那瑪夏區,11506,950,3096,1585,1511,79,71,150,78,92,170,98,97,195,103,87,190,103,112,215,117,113,230,113,115,228,131,104,235,163,124,287,138,115,253,121,100,221,98,100,198,83,91,174,69,78,147,55,63,118,25,23,48,7,13,20,2,8,10,1,4,5,1,1,2,0,0,0,515,2231,1133,350,36.6,11.3,68.0,23.1,15.7,38.8
高雄市,阿蓮區,11506,10006,26585,13302,13283,355,317,672,477,448,925,529,493,1022,482,503,985,664,643,1307,972,873,1845,988,867,1855,917,851,1768,1018,930,1948,1082,1028,2110,985,967,1952,1046,1059,2105,1133,1109,2242,983,999,1982,741,862,1603,480,559,1039,241,342,583,149,289,438,52,121,173,8,19,27,0,4,4,2619,18117,10357,5849,38.96,22.0,223.3,14.5,32.3,46.7
高雄市,鳥松區,11506,20536,43407,21677,21730,546,558,1104,600,538,1138,613,505,1118,752,714,1466,1039,836,1875,1452,1340,2792,1570,1453,3023,1522,1383,2905,1617,1484,3101,1801,1689,3490,1568,1680,3248,1707,1833,3540,1824,2010,3834,1751,2028,3779,1631,1684,3315,942,1026,1968,432,498,930,216,312,528,72,122,194,17,32,49,5,5,10,3360,29274,17213,10773,39.65,24.82,320.6,11.5,36.8,48.3
高雄市,鳳山區,11506,155454,352081,170390,181691,5140,4737,9877,7153,6741,13894,8899,8274,17173,7565,7035,14600,8524,7925,16449,11180,10555,21735,12195,11465,23660,12188,11812,24000,14102,14623,28725,15617,16740,32357,13452,14460,27912,12467,13801,26268,11658,13575,25233,10613,13317,23930,9449,12160,21609,5815,7740,13555,2564,3692,6256,1171,2197,3368,435,674,1109,174,153,327,29,15,44,40944,240939,140495,70198,39.9,19.94,171.4,17.0,29.1,46.1
高雄市,鹽埕區,11506,11167,21696,10654,11042,176,174,350,227,224,451,336,308,644,334,334,668,411,385,796,577,553,1130,708,640,1348,702,688,1390,770,687,1457,838,804,1642,744,849,1593,886,863,1749,938,1003,1941,968,1063,2031,897,994,1891,599,656,1255,294,346,640,173,311,484,44,133,177,24,25,49,8,2,10,1445,13714,8382,6537,38.63,30.13,452.4,10.5,47.7,58.2
高雄市,鼓山區,11506,64914,140350,66520,73830,2128,2058,4186,3383,3206,6589,4252,3926,8178,3298,3089,6387,3030,2813,5843,3796,3627,7423,4007,4118,8125,4123,4545,8668,5186,5957,11143,6039,7014,13053,5362,6379,11741,4921,5730,10651,4593,5431,10024,4190,5027,9217,3804,4713,8517,2367,3118,5485,1094,1532,2626,619,1041,1660,242,397,639,75,100,175,11,9,20,18953,93058,56612,28339,40.34,20.19,149.5,20.4,30.5,50.8
